family	name	degree	mode_mhz	freq_mhz	grid_offset	stencil_member	response_class	epsilon	attenuation	threshold	n	nnz_a	max_abs_a	factor_info	solve_info	finite	min_abs_diag_u	max_abs_diag_u	max_abs_u	max_abs_l	growth_u_over_a	nonidentity_pivots	pivot_fraction	max_pivot_displacement	residual	solution_vs_threshold1	solution_abs_vs_threshold1	transfer_norm	transfer_abs_error_vs_threshold1	transfer_relative_error_vs_threshold1	local_response_scale	local_response_normalized_error	transfer_max_row	transfer_max_col	transfer_re	transfer_im	threshold1_transfer_re	threshold1_transfer_im	lapack_transfer_re	lapack_transfer_im	transfer_component_abs_error_vs_threshold1	lapack_factor_info	lapack_solve_info	lapack_finite	lapack_residual	lapack_solution_vs_threshold1	lapack_solution_abs_vs_threshold1	lapack_transfer_abs_error_vs_threshold1	lapack_transfer_relative_error_vs_threshold1	solution_vs_lapack	transfer_abs_error_vs_lapack	transfer_relative_error_vs_lapack
radial	radial_0S0	0	0.81466349999999998	0.762939453125	-2	1	antiresonance	0.32294014437366447	1	1	282	3924	1643838112715620.8	0	0	1	378.08676962238661	1034090841828161.5	1640119718220809.2	0.99999999752822133	0.99773798011735548	278	0.98581560283687941	279	6.0143777825917121e-21	0	0	5.5820762779531001e-13	0	0	1.1527089827410472e-12	0	0	0	1.0200108249644198e-13	-5.4880919717003782e-13	1.0200108249644198e-13	-5.4880919717003782e-13	1.0200108263836919e-13	-5.488091971508916e-13	0	0	0	1	4.8439239466410924e-21	1.6015016803709968e-08	8.762864431845967e-16	1.4321281559039977e-22	2.5655832786812922e-10	1.6015016678798489e-08	1.4321281559039977e-22	2.5655832786486113e-10
radial	radial_0S0	0	0.81466349999999998	0.762939453125	-2	1	antiresonance	0.32294014437366447	1	0.10000000000000001	282	3924	1643838112715620.8	0	0	1	378.08676962238638	1034090841828161.5	1640119718220809.2	8.1783994290076514	0.99773798011735548	181	0.64184397163120566	280	3.5393925547758235e-21	7.7071562359894945e-08	4.2170898775071476e-15	5.5820762789510523e-13	1.2186585464092533e-22	2.1831635501335803e-10	1.1527089827410472e-12	1.0572126743658953e-10	0	0	1.0200108258344425e-13	-5.4880919725537182e-13	1.0200108249644198e-13	-5.4880919717003782e-13	1.0200108263836919e-13	-5.488091971508916e-13	1.2186585464092533e-22	0	0	1	4.8439239466410924e-21	1.6015016803709968e-08	8.762864431845967e-16	1.4321281559039977e-22	2.5655832786812922e-10	6.5743297302057018e-08	1.1803756055301383e-22	2.1145816480098984e-10
radial	radial_0S0	0	0.81466349999999998	0.762939453125	-2	1	antiresonance	0.32294014437366447	1	0.01	282	3924	1643838112715620.8	0	0	1	252.74805716620361	1034090841828161.5	1640119718220809.2	90.887431326837557	0.99773798011735548	144	0.51063829787234039	279	4.1754445515017785e-21	4.3985880348462005e-08	2.4067555540727268e-15	5.5820762741766389e-13	3.9909300750519158e-22	7.1495441415131571e-10	1.1527089827410472e-12	3.4622182483230173e-10	0	0	1.0200108255432983e-13	-5.488091967751654e-13	1.0200108249644198e-13	-5.4880919717003782e-13	1.0200108263836919e-13	-5.488091971508916e-13	3.9909300750519158e-22	0	0	1	4.8439239466410924e-21	1.6015016803709968e-08	8.762864431845967e-16	1.4321281559039977e-22	2.5655832786812922e-10	3.0895685440793322e-08	3.8501011301370026e-22	6.8972563941741025e-10
radial	radial_0S0	0	0.81466349999999998	0.79345703125	-1	1	flank	0.32294014437366447	1	1	282	3924	1643868555435851.2	0	0	1	378.07471954313445	1034110030992414	1640150092079004.5	0.99999998440920945	0.99773798011735748	279	0.98936170212765961	280	7.0235006319950994e-21	0	0	8.9853802502839768e-13	0	0	1.1527089827410472e-12	0	0	0	-6.8815892526012917e-14	-8.9589896492728553e-13	-6.8815892526012917e-14	-8.9589896492728553e-13	-6.8815892683841025e-14	-8.958989650059829e-13	0	0	0	1	4.110057802358783e-21	2.2780083167624739e-08	1.5935024317587403e-15	1.7636039158637806e-22	1.9627482273864183e-10	2.2780082653143991e-08	1.7636039158637806e-22	1.9627482271886146e-10
radial	radial_0S0	0	0.81466349999999998	0.79345703125	-1	1	flank	0.32294014437366447	1	0.10000000000000001	282	3924	1643868555435851.2	0	0	1	378.07471954313525	1034110030992414	1640150092079004.5	8.1795142869695194	0.99773798011735748	180	0.63829787234042556	279	2.9103450299754746e-21	2.7741798226038537e-08	1.9405821571968432e-15	8.9853802415611452e-13	1.0539114269301576e-21	1.1729180041065591e-09	1.1527089827410472e-12	9.1429098125360563e-10	0	0	-6.881589186946259e-14	-8.9589896410286394e-13	-6.8815892526012917e-14	-8.9589896492728553e-13	-6.8815892683841025e-14	-8.958989650059829e-13	1.0539114269301576e-21	0	0	1	4.110057802358783e-21	2.2780083167624739e-08	1.5935024317587403e-15	1.7636039158637806e-22	1.9627482273864183e-10	1.0551010821546658e-08	1.2160740509841785e-21	1.3533918621008729e-09
radial	radial_0S0	0	0.81466349999999998	0.79345703125	-1	1	flank	0.32294014437366447	1	0.01	282	3924	1643868555435851.2	0	0	1	252.73761596021623	1034110030992414	1640150092079004.5	90.89787694018797	0.99773798011735748	145	0.51418439716312059	280	4.362105197260301e-21	1.9721038195762705e-08	1.3795174534927557e-15	8.9853802507297809e-13	4.5931064836560745e-23	5.1117552688000181e-11	1.1527089827410472e-12	3.9846193205973333e-11	0	0	-6.8815892540451382e-14	-8.9589896497088821e-13	-6.8815892526012917e-14	-8.9589896492728553e-13	-6.8815892683841025e-14	-8.958989650059829e-13	4.5931064836560745e-23	0	0	1	4.110057802358783e-21	2.2780083167624739e-08	1.5935024317587403e-15	1.7636039158637806e-22	1.9627482273864183e-10	4.0501958512771994e-09	1.4762190685456806e-22	1.6429121832103366e-10
radial	radial_0S0	0	0.81466349999999998	0.823974609375	0	1	resonance	0.32294014437366447	1	1	282	3924	1643897844380683.5	0	0	1	378.0621939571156	1034128495861978.9	1640179314771664.8	0.99999999290533081	0.99773798011735959	279	0.98936170212765961	280	5.1149978966708273e-21	0	0	1.1527089827410472e-12	0	0	1.1527089827410472e-12	0	0	0	-5.7985598350907985e-13	-9.9624547039402766e-13	-5.7985598350907985e-13	-9.9624547039402766e-13	-5.7985598710048622e-13	-9.962454693842441e-13	0	0	0	1	4.8361629902323949e-21	2.4363302147766011e-08	1.8016259467133996e-15	3.7306651678475916e-21	3.2364328062893865e-09	2.4363302735078225e-08	3.7306651678475916e-21	3.23643280366732e-09
radial	radial_0S0	0	0.81466349999999998	0.823974609375	0	1	resonance	0.32294014437366447	1	0.10000000000000001	282	3924	1643897844380683.5	0	0	1	378.0621939571156	1034128495861978.9	1640179314771664.8	8.1806642988221032	0.99773798011735959	181	0.64184397163120566	280	3.7450412472141641e-21	4.2670397643447197e-08	3.1554054160947107e-15	1.1527089836010441e-12	3.3475898237762594e-21	2.9041066512867506e-09	1.1527089827410472e-12	2.9041066512867506e-09	0	0	-5.7985598673779176e-13	-9.962454695098461e-13	-5.7985598350907985e-13	-9.9624547039402766e-13	-5.7985598710048622e-13	-9.962454693842441e-13	3.3475898237762594e-21	0	0	1	4.8361629902323949e-21	2.4363302147766011e-08	1.8016259467133996e-15	3.7306651678475916e-21	3.2364328062893865e-09	6.6969225539926426e-08	3.8382696394472285e-22	3.3297820124646561e-10
radial	radial_0S0	0	0.81466349999999998	0.823974609375	0	1	resonance	0.32294014437366447	1	0.01	282	3924	1643897844380683.5	0	0	1	252.72675888289064	1034128495861978.9	1640179314771664.8	90.908736912298195	0.99773798011735959	144	0.51063829787234039	279	8.1848225556051299e-21	3.4001680540283578e-08	2.5143681066588114e-15	1.1527089837078534e-12	3.7893304966301566e-21	3.2873262491799448e-09	1.1527089827410472e-12	3.2873262491799448e-09	0	0	-5.7985598716201596e-13	-9.962454693865142e-13	-5.7985598350907985e-13	-9.9624547039402766e-13	-5.7985598710048622e-13	-9.962454693842441e-13	3.7893304966301566e-21	0	0	1	4.8361629902323949e-21	2.4363302147766011e-08	1.8016259467133996e-15	3.7306651678475916e-21	3.2364328062893865e-09	1.0068598525818406e-08	6.1571599734938147e-23	5.3414695822567777e-11
radial	radial_0S0	0	0.81466349999999998	0.8544921875	1	1	flank	0.32294014437366447	1	1	282	3924	1643926063315067.8	0	0	1	378.04919308693957	1034146289130927.2	1640207469874261.5	0.99999997918672279	0.99773798011736159	279	0.98936170212765961	280	6.2733787580958844e-21	0	0	1.1209152785712129e-12	0	0	1.1527089827410472e-12	0	0	0	-8.957294911077477e-13	-6.7388407051527429e-13	-8.957294911077477e-13	-6.7388407051527429e-13	-8.9572949081060498e-13	-6.7388407115990779e-13	0	0	0	1	4.5760494241769398e-21	5.2471592715412693e-08	3.2050651224206634e-15	7.0982121159164436e-22	6.3325143760768951e-10	5.2471590283295625e-08	7.0982121159164436e-22	6.3325143752289212e-10
radial	radial_0S0	0	0.81466349999999998	0.8544921875	1	1	flank	0.32294014437366447	1	0.10000000000000001	282	3924	1643926063315067.8	0	0	1	378.0491930869394	1034146289130927.2	1640207469874261.5	8.1818478980237472	0.99773798011736159	181	0.64184397163120566	280	5.8584334609641408e-21	1.5158332511724591e-08	9.2589990761063906e-16	1.1209152785905959e-12	3.253544451328427e-23	2.9025783781586004e-11	1.1527089827410472e-12	2.822520254498031e-11	0	0	-8.9572949110752667e-13	-6.7388407054780898e-13	-8.957294911077477e-13	-6.7388407051527429e-13	-8.9572949081060498e-13	-6.7388407115990779e-13	3.253544451328427e-23	0	0	1	4.5760494241769398e-21	5.2471592715412693e-08	3.2050651224206634e-15	7.0982121159164436e-22	6.3325143760768951e-10	5.2072530136408087e-08	6.8031422444074225e-22	6.0692742560955435e-10
radial	radial_0S0	0	0.81466349999999998	0.8544921875	1	1	flank	0.32294014437366447	1	0.01	282	3924	1643926063315067.8	0	0	1	252.71548632956777	1034146289130927.2	1640207469874261.5	90.920011413978969	0.99773798011736159	144	0.51063829787234039	279	6.4040044513506671e-21	1.5773667978391597e-08	9.6348577342377207e-16	1.1209152786314951e-12	1.4950746357277531e-22	1.3337980704781423e-10	1.1527089827410472e-12	1.2970096165751988e-10	0	0	-8.957294910736671e-13	-6.7388407066084556e-13	-8.957294911077477e-13	-6.7388407051527429e-13	-8.9572949081060498e-13	-6.7388407115990779e-13	1.4950746357277531e-22	0	0	1	4.5760494241769398e-21	5.2471592715412693e-08	3.2050651224206634e-15	7.0982121159164436e-22	6.3325143760768951e-10	3.875723865020095e-08	5.6414961892515052e-22	5.0329371865526349e-10
radial	radial_0S0	0	0.81466349999999998	0.885009765625	2	1	antiresonance	0.32294014437366447	1	1	282	3924	1643953287182762.8	0	0	1	378.0357171409409	1034163457944178.5	1640234632161029.8	0.99999997692206533	0.99773798011736348	278	0.98581560283687941	279	1.1260332576001202e-20	0	0	9.8752039630158203e-13	0	0	1.1527089827410472e-12	0	0	0	-9.0663039023121797e-13	-3.9143054124687699e-13	-9.0663039023121797e-13	-3.9143054124687699e-13	-9.0663039038163277e-13	-3.9143054175061266e-13	0	0	0	1	7.5540669362692553e-21	4.6909129065390478e-08	2.1971219023090248e-15	5.2571307999025552e-22	5.3235668038769935e-10	4.690913095516266e-08	5.2571307999025552e-22	5.3235668020561643e-10
radial	radial_0S0	0	0.81466349999999998	0.885009765625	2	1	antiresonance	0.32294014437366447	1	0.10000000000000001	282	3924	1643953287182762.8	0	0	1	378.03571714094056	1034163457944178.5	1640234632161029.8	8.1830633328631777	0.99773798011736348	180	0.63829787234042556	279	6.1101100225142314e-21	3.2495311886745165e-08	1.5220099560835088e-15	9.8752039648642296e-13	2.2342845842396366e-22	2.2625199364057503e-10	1.1527089827410472e-12	1.9382902516528425e-10	0	0	-9.0663039035116673e-13	-3.9143054143537784e-13	-9.0663039023121797e-13	-3.9143054124687699e-13	-9.0663039038163277e-13	-3.9143054175061266e-13	2.2342845842396366e-22	0	0	1	7.5540669362692553e-21	4.6909129065390478e-08	2.1971219023090248e-15	5.2571307999025552e-22	5.3235668038769935e-10	7.6180880225642576e-08	3.1670360692366615e-22	3.2070588921651429e-10
radial	radial_0S0	0	0.81466349999999998	0.885009765625	2	1	antiresonance	0.32294014437366447	1	0.01	282	3924	1643953287182762.8	0	0	1	252.70379866892029	1034163457944178.5	1640234632161029.8	90.931700635723729	0.99773798011736348	144	0.51063829787234039	279	6.2451377740208701e-21	2.1691805815994825e-08	1.0159971546800619e-15	9.8752039660190897e-13	4.8444544572282666e-22	4.9056753413615603e-10	1.1527089827410472e-12	4.2026691296432443e-10	0	0	-9.066303903562736e-13	-3.9143054171490314e-13	-9.0663039023121797e-13	-3.9143054124687699e-13	-9.0663039038163277e-13	-3.9143054175061266e-13	4.8444544572282666e-22	0	0	1	7.5540669362692553e-21	4.6909129065390478e-08	2.1971219023090248e-15	5.2571307999025552e-22	5.3235668038769935e-10	5.1751591443884722e-08	4.3797914913795009e-23	4.4351402829596997e-11
radial	radial_0S0	0	0.81466349999999998	0.762939453125	-2	1	antiresonance	0.32294014437366447	0	1	282	3924	1649420622376787.5	0	0	1	378.09781272290735	1037602634851940.5	1645689600134765.8	0.99999999615260604	0.99773798011774251	278	0.98581560283687941	279	2.0197848705599586e-21	0	0	5.5559368584813715e-13	0	0	1.1533443763381796e-12	0	0	0	1.037034657820215e-13	-5.4582958415527063e-13	1.037034657820215e-13	-5.4582958415527063e-13	1.037034658536791e-13	-5.458295832546428e-13	0	0	0	1	3.7034071974455473e-21	9.9974400730112292e-08	5.4444951519159902e-15	9.0347401624310595e-22	1.6261416197772565e-09	9.9974391195440592e-08	9.0347401624310595e-22	1.62614162232779e-09
radial	radial_0S0	0	0.81466349999999998	0.762939453125	-2	1	antiresonance	0.32294014437366447	0	0.10000000000000001	282	3924	1649420622376787.5	0	0	1	378.09781272290746	1037602634851940.5	1645689600134765.8	8.1781996885167185	0.99773798011774251	180	0.63829787234042556	279	3.0591841568323915e-21	2.1890993947769333e-08	1.1921592882662188e-15	5.5559368583947669e-13	4.2898770391256232e-23	7.7212487261746783e-11	1.1533443763381796e-12	3.7195109519203659e-11	0	0	1.0370346582168207e-13	-5.4582958413891998e-13	1.037034657820215e-13	-5.4582958415527063e-13	1.037034658536791e-13	-5.458295832546428e-13	4.2898770391256232e-23	0	0	1	3.7034071974455473e-21	9.9974400730112292e-08	5.4444951519159902e-15	9.0347401624310595e-22	1.6261416197772565e-09	7.829192919850072e-08	8.8485588561113312e-22	1.5926312871036716e-09
radial	radial_0S0	0	0.81466349999999998	0.762939453125	-2	1	antiresonance	0.32294014437366447	0	0.01	282	3924	1649420622376787.5	0	0	1	252.7677108197488	1037602634851940.5	1645689600134765.8	90.880459602384022	0.99773798011774251	144	0.51063829787234039	279	2.3027790198609481e-21	6.4288557409910645e-08	3.5010836432701486e-15	5.5559368574439454e-13	1.1615019388042768e-22	2.0905600052513108e-10	1.1533443763381796e-12	1.0070729633173372e-10	0	0	1.0370346581397313e-13	-5.4582958404360165e-13	1.037034657820215e-13	-5.4582958415527063e-13	1.037034658536791e-13	-5.458295832546428e-13	1.1615019388042768e-22	0	0	1	3.7034071974455473e-21	9.9974400730112292e-08	5.4444951519159902e-15	9.0347401624310595e-22	1.6261416197772565e-09	3.6443728418708468e-08	7.8995736043428553e-22	1.4218256646804699e-09
radial	radial_0S0	0	0.81466349999999998	0.79345703125	-1	1	flank	0.32294014437366447	0	1	282	3924	1649420561104593	0	0	1	378.08582692934021	1037602634851940.5	1645689539001170	0.999999998013822	0.9977379801177424	279	0.98936170212765961	280	2.2196295357601433e-21	0	0	8.9590409099580884e-13	0	0	1.1533443763381796e-12	0	0	0	-6.3193621729858973e-14	-8.9367259465404333e-13	-6.3193621729858973e-14	-8.9367259465404333e-13	-6.3193622360460674e-14	-8.9367259529672773e-13	0	0	0	1	4.2190102893994215e-21	3.1771499268651664e-08	2.2151907618569954e-15	9.0038977176369903e-22	1.0050068760852563e-09	3.1771498292932468e-08	9.0038977176369903e-22	1.005006875316205e-09
radial	radial_0S0	0	0.81466349999999998	0.79345703125	-1	1	flank	0.32294014437366447	0	0.10000000000000001	282	3924	1649420561104593	0	0	1	378.08582692933976	1037602634851940.5	1645689539001170	8.1793091360412351	0.9977379801177424	181	0.64184397163120566	280	3.6321192718300181e-21	1.4079345983473548e-08	9.8164826569428023e-16	8.9590409182007342e-13	9.5625228316466763e-22	1.0673601033585871e-09	1.1533443763381796e-12	8.2911253809614858e-10	0	0	-6.3193622271566513e-14	-8.936725954420607e-13	-6.3193621729858973e-14	-8.9367259465404333e-13	-6.3193622360460674e-14	-8.9367259529672773e-13	9.5625228316466763e-22	0	0	1	4.2190102893994215e-21	3.1771499268651664e-08	2.2151907618569954e-15	9.0038977176369903e-22	1.0050068760852563e-09	2.1194592039229687e-08	1.7036385574285879e-22	1.9015858653255099e-10
radial	radial_0S0	0	0.81466349999999998	0.79345703125	-1	1	flank	0.32294014437366447	0	0.01	282	3924	1649420561104593	0	0	1	252.75726980508395	1037602634851940.5	1645689539001170	90.890878244925304	0.9977379801177424	144	0.51063829787234039	279	4.2592946193603439e-21	9.4093378700703376e-09	6.5604327163549553e-16	8.9590409152622962e-13	6.1214297037057506e-22	6.8326841737062543e-10	1.1533443763381796e-12	5.3075471899737654e-10	0	0	-6.31936220720814e-14	-8.9367259516158922e-13	-6.3193621729858973e-14	-8.9367259465404333e-13	-6.3193622360460674e-14	-8.9367259529672773e-13	6.1214297037057506e-22	0	0	1	4.2190102893994215e-21	3.1771499268651664e-08	2.2151907618569954e-15	9.0038977176369903e-22	1.0050068760852563e-09	2.7737234271922769e-08	3.1847295525757793e-22	3.5547661654261369e-10
radial	radial_0S0	0	0.81466349999999998	0.823974609375	0	1	resonance	0.32294014437366447	0	1	282	3924	1649420497429567.2	0	0	1	378.0733715425016	1037602634851940.5	1645689475470178.8	0.99999999485901114	0.99773798011774262	278	0.98581560283687941	279	2.9744293218753693e-21	0	0	1.1533443763381796e-12	0	0	1.1533443763381796e-12	0	0	0	-5.7413649381679333e-13	-1.000285227771891e-12	-5.7413649381679333e-13	-1.000285227771891e-12	-5.7413649261447056e-13	-1.000285228215387e-12	0	0	0	1	5.3072740450029646e-21	6.8222100141571518e-08	5.0445046178311348e-15	1.2815103521329741e-21	1.1111255045970884e-09	6.822210477682504e-08	1.2815103521329741e-21	1.1111255048031372e-09
radial	radial_0S0	0	0.81466349999999998	0.823974609375	0	1	resonance	0.32294014437366447	0	0.10000000000000001	282	3924	1649420497429567.2	0	0	1	378.07337154250172	1037602634851940.5	1645689475470178.8	8.1804536763004556	0.99773798011774262	180	0.63829787234042556	279	4.5518006500983463e-21	5.333753750953374e-08	3.9439045956110958e-15	1.1533443761691965e-12	5.3652377856941651e-22	4.6518957353644638e-10	1.1533443763381796e-12	4.6518957353644638e-10	0	0	-5.7413649329103352e-13	-1.0002852278788226e-12	-5.7413649381679333e-13	-1.000285227771891e-12	-5.7413649261447056e-13	-1.000285228215387e-12	5.3652377856941651e-22	0	0	1	5.3072740450029646e-21	6.8222100141571518e-08	5.0445046178311348e-15	1.2815103521329741e-21	1.1111255045970884e-09	1.2019798585357509e-07	7.5565402558426605e-22	6.5518507847895846e-10
radial	radial_0S0	0	0.81466349999999998	0.823974609375	0	1	resonance	0.32294014437366447	0	0.01	282	3924	1649420497429567.2	0	0	1	252.74642013892486	1037602634851940.5	1645689475470178.8	90.90170786496418	0.99773798011774262	144	0.51063829787234039	279	3.4475546825393251e-21	1.7171604314166945e-08	1.2697093328793675e-15	1.1533443756816234e-12	2.4372442650190924e-21	2.1131973372577939e-09	1.1533443763381796e-12	2.1131973372577939e-09	0	0	-5.7413649145430017e-13	-1.0002852283708782e-12	-5.7413649381679333e-13	-1.000285227771891e-12	-5.7413649261447056e-13	-1.000285228215387e-12	2.4372442650190924e-21	0	0	1	5.3072740450029646e-21	6.8222100141571518e-08	5.0445046178311348e-15	1.2815103521329741e-21	1.1111255045970884e-09	5.2841441343336475e-08	1.1705438193686867e-21	1.0149126692776549e-09
radial	radial_0S0	0	0.81466349999999998	0.8544921875	1	1	flank	0.32294014437366447	0	1	282	3924	1649420431351710.5	0	0	1	378.06044661289923	1037602634851940.5	1645689409541791.2	0.99999999786074045	0.99773798011774251	279	0.98936170212765961	280	9.3411002491283959e-21	0	0	1.1233843424310721e-12	0	0	1.1533443763381796e-12	0	0	0	-8.952455681860665e-13	-6.786219517982743e-13	-8.952455681860665e-13	-6.786219517982743e-13	-8.9524556804985473e-13	-6.786219518392883e-13	0	0	0	1	9.830844830527622e-21	2.980931099758533e-08	1.8231801371713579e-15	1.4225257034896317e-22	1.2662858558373703e-10	2.980931013644575e-08	1.4225257034896317e-22	1.2662858559318004e-10
radial	radial_0S0	0	0.81466349999999998	0.8544921875	1	1	flank	0.32294014437366447	0	0.10000000000000001	282	3924	1649420431351710.5	0	0	1	378.06044661289889	1037602634851940.5	1645689409541791.2	8.1816317717944855	0.99773798011774251	181	0.64184397163120566	280	5.2744622582143644e-21	4.6397030464155266e-08	2.8377088075881528e-15	1.1233843427181682e-12	1.7571206931276245e-21	1.5641313722827116e-09	1.1533443763381796e-12	1.5235004645415704e-09	0	0	-8.9524556736766903e-13	-6.7862195335316938e-13	-8.952455681860665e-13	-6.786219517982743e-13	-8.9524556804985473e-13	-6.786219518392883e-13	1.7571206931276245e-21	0	0	1	9.830844830527622e-21	2.980931099758533e-08	1.8231801371713579e-15	1.4225257034896317e-22	1.2662858558373703e-10	7.6201345619297316e-08	1.6604858485622446e-21	1.478110194319318e-09
radial	radial_0S0	0	0.81466349999999998	0.8544921875	1	1	flank	0.32294014437366447	0	0.01	282	3924	1649420431351710.5	0	0	1	252.7351619134912	1037602634851940.5	1645689409541791.2	90.912948734131433	0.99773798011774251	145	0.51418439716312059	280	5.9888618159419237e-21	9.3060390761754464e-09	5.6917067290813693e-16	1.1233843425400869e-12	7.4418076926150267e-22	6.6244538147207049e-10	1.1533443763381796e-12	6.4523726349994927e-10	0	0	-8.9524556782824202e-13	-6.7862195245078228e-13	-8.952455681860665e-13	-6.786219517982743e-13	-8.9524556804985473e-13	-6.786219518392883e-13	7.4418076926150267e-22	0	0	1	9.830844830527622e-21	2.980931099758533e-08	1.8231801371713579e-15	1.4225257034896317e-22	1.2662858558373703e-10	3.3120856314814667e-08	6.5041300368865323e-22	5.7897638338952001e-10
radial	radial_0S0	0	0.81466349999999998	0.885009765625	2	1	antiresonance	0.32294014437366447	0	1	282	3924	1649420362871022.2	0	0	1	378.047052192943	1037602634851940.5	1645689341216007.8	0.99999999903834991	0.99773798011774262	279	0.98936170212765961	280	9.2662466606987358e-21	0	0	9.8948046187125368e-13	0	0	1.1533443763381796e-12	0	0	0	-9.0769537617045675e-13	-3.9390441544075435e-13	-9.0769537617045675e-13	-3.9390441544075435e-13	-9.0769537636402226e-13	-3.9390441584460786e-13	0	0	0	1	9.8980048390050474e-21	3.6135877645201729e-08	1.6939245576064715e-15	4.4784514133610558e-22	4.5260635110385534e-10	3.6135878888719231e-08	4.4784514133610558e-22	4.5260635094909372e-10
radial	radial_0S0	0	0.81466349999999998	0.885009765625	2	1	antiresonance	0.32294014437366447	0	0.10000000000000001	282	3924	1649420362871022.2	0	0	1	378.04705219294283	1037602634851940.5	1645689341216007.8	8.1828417021074014	0.99773798011774262	180	0.63829787234042556	279	9.2442405093104249e-21	2.7169948873577194e-08	1.2736329273014331e-15	9.8948046164323234e-13	5.2255236796426756e-22	5.2810781829490991e-10	1.1533443763381796e-12	4.5307574969355604e-10	0	0	-9.0769537614845669e-13	-3.939044149186653e-13	-9.0769537617045675e-13	-3.9390441544075435e-13	-9.0769537636402226e-13	-3.9390441584460786e-13	5.2255236796426756e-22	0	0	1	9.8980048390050474e-21	3.6135877645201729e-08	1.6939245576064715e-15	4.4784514133610558e-22	4.5260635110385534e-10	1.8102709262780673e-08	9.5070402762559975e-22	9.6081131860107649e-10
radial	radial_0S0	0	0.81466349999999998	0.885009765625	2	1	antiresonance	0.32294014437366447	0	0.01	282	3924	1649420362871022.2	0	0	1	252.72349522446214	1037602634851940.5	1645689341216007.8	90.924601133258619	0.99773798011774262	144	0.51063829787234039	279	9.6711966462404565e-21	3.3366850506070749e-09	1.5641221734577753e-16	9.8948046170503905e-13	3.2075512834644689e-22	3.2416519649094593e-10	1.1533443763381796e-12	2.7810872010737251e-10	0	0	-9.076953761271889e-13	-3.939044151229309e-13	-9.0769537617045675e-13	-3.9390441544075435e-13	-9.0769537636402226e-13	-3.9390441584460786e-13	3.2075512834644689e-22	0	0	1	9.8980048390050474e-21	3.6135877645201729e-08	1.6939245576064715e-15	4.4784514133610558e-22	4.5260635110385534e-10	3.410423285201896e-08	7.5954439307670233e-22	7.6761939430373134e-10
radial	radial_0S0	0	0.81466349999999998	0.762939453125	-2	1	antiresonance	0.032294014437366445	1	1	282	3924	1643838108742688.8	0	0	1	378.08595313387809	1034090841828161.5	1640119714256864.2	0.99999997160216736	0.99773798011735559	279	0.98936170212765961	280	4.2270294029936268e-21	0	0	6.8882636669396376e-13	0	0	5.5056913720473648e-12	0	0	0	6.7863759959162971e-13	-1.1803716310263419e-13	6.7863759959162971e-13	-1.1803716310263419e-13	6.78637595477053e-13	-1.180371622132923e-13	0	0	0	1	4.0792865648918869e-21	6.627632705697841e-08	5.3048909819727912e-15	4.2095926736130749e-21	6.111253687655862e-09	6.6276331444550512e-08	4.2095926736130749e-21	6.1112537249724163e-09
radial	radial_0S0	0	0.81466349999999998	0.762939453125	-2	1	antiresonance	0.032294014437366445	1	0.10000000000000001	282	3924	1643838108742688.8	0	0	1	378.08595313387798	1034090841828161.5	1640119714256864.2	8.1784605651161648	0.99773798011735559	180	0.63829787234042556	279	1.8310813187929609e-21	6.2525186253246439e-08	5.0046421011813102e-15	6.8882636380367716e-13	2.891985328111567e-21	4.1984242589198634e-09	5.5056913720473648e-12	5.2527196544185212e-10	0	0	6.7863759676107834e-13	-1.1803716250971086e-13	6.7863759959162971e-13	-1.1803716310263419e-13	6.78637595477053e-13	-1.180371622132923e-13	2.891985328111567e-21	0	0	1	4.0792865648918869e-21	6.627632705697841e-08	5.3048909819727912e-15	4.2095926736130749e-21	6.111253687655862e-09	3.7690034024807502e-09	1.317795518127079e-21	1.9131026190222539e-09
radial	radial_0S0	0	0.81466349999999998	0.762939453125	-2	1	antiresonance	0.032294014437366445	1	0.01	282	3924	1643838108742688.8	0	0	1	252.7473464079074	1034090841828161.5	1640119714256864.2	90.888123710272652	0.99773798011735559	144	0.51063829787234039	279	4.3012515649828887e-21	2.976660047034192e-08	2.3825787790465263e-15	6.8882636410705656e-13	2.5885216803072187e-21	3.7578725285021851e-09	5.5056913720473648e-12	4.701537927551218e-10	0	0	6.786375970586505e-13	-1.1803716256928549e-13	6.7863759959162971e-13	-1.1803716310263419e-13	6.78637595477053e-13	-1.180371622132923e-13	2.5885216803072187e-21	0	0	1	4.0792865648918869e-21	6.627632705697841e-08	5.3048909819727912e-15	4.2095926736130749e-21	6.111253687655862e-09	3.6514756639730032e-08	1.6211668051225395e-21	2.3535202678180511e-09
radial	radial_0S0	0	0.81466349999999998	0.79345703125	-1	1	flank	0.032294014437366445	1	1	282	3924	1643868551460010.2	0	0	1	378.07390132068844	1034110030992414	1640150088112156.8	0.99999996261964086	0.99773798011735737	278	0.98581560283687941	279	5.3202236111963637e-21	0	0	2.2141016113933452e-12	0	0	5.5056913720473648e-12	0	0	0	2.1099946839910137e-12	-6.7094588388652464e-13	2.1099946839910137e-12	-6.7094588388652464e-13	2.1099947130063241e-12	-6.7094590027687714e-13	0	0	0	1	5.4133127376910963e-21	2.5382277520390408e-08	4.8446166806130585e-15	3.3324643929692641e-20	1.5051090590517783e-08	2.5382277687070399e-08	3.3324643929692641e-20	1.5051090368787259e-08
radial	radial_0S0	0	0.81466349999999998	0.79345703125	-1	1	flank	0.032294014437366445	1	0.10000000000000001	282	3924	1643868551460010.2	0	0	1	378.07390132068878	1034110030992414	1640150088112156.8	8.1795731335707522	0.99773798011735737	180	0.63829787234042556	279	1.9390490801661957e-21	6.2297702581035337e-08	1.1890520417070628e-14	2.2141016213451987e-12	1.0185429805202353e-20	4.6002540049607805e-09	5.5056913720473648e-12	1.849981976271722e-09	0	0	2.1099946928177207e-12	-6.7094588896906573e-13	2.1099946839910137e-12	-6.7094588388652464e-13	2.1099947130063241e-12	-6.7094590027687714e-13	1.0185429805202353e-20	0	0	1	5.4133127376910963e-21	2.5382277520390408e-08	4.8446166806130585e-15	3.3324643929692641e-20	1.5051090590517783e-08	7.0019856771491182e-08	2.3139712758782755e-20	1.0451061639998476e-08
radial	radial_0S0	0	0.81466349999999998	0.79345703125	-1	1	flank	0.032294014437366445	1	0.01	282	3924	1643868551460010.2	0	0	1	252.73690375808906	1034110030992414	1640150088112156.8	90.898570528175867	0.99773798011735737	145	0.51418439716312059	280	3.1326907519327257e-21	2.4492678779452135e-08	4.6748224257066672e-15	2.2141016331259806e-12	2.2211194280950994e-20	1.0031696001058135e-08	5.5056913720473648e-12	4.0342243653028201e-09	0	0	2.109994703312128e-12	-6.7094589484242229e-13	2.1099946839910137e-12	-6.7094588388652464e-13	2.1099947130063241e-12	-6.7094590027687714e-13	2.2211194280950994e-20	0	0	1	5.4133127376910963e-21	2.5382277520390408e-08	4.8446166806130585e-15	3.3324643929692641e-20	1.5051090590517783e-08	3.1945913508815658e-08	1.1113538478982773e-20	5.0194346357328655e-09
radial	radial_0S0	0	0.81466349999999998	0.823974609375	0	1	resonance	0.032294014437366445	1	1	282	3924	1643897840401933.2	0	0	1	378.06137400065745	1034128495861978.9	1640179310801914.2	0.9999999149901454	0.99773798011735948	278	0.98581560283687941	279	6.125043922201816e-21	0	0	5.5056913720473648e-12	0	0	5.5056913720473648e-12	0	0	0	-4.8423369716386236e-12	-2.6200019346058651e-12	-4.8423369716386236e-12	-2.6200019346058651e-12	-4.8423369748524949e-12	-2.6200019390246522e-12	0	0	0	1	5.4238816135062001e-21	8.4639270888826924e-08	3.1998272628197869e-14	5.4639407508105306e-21	9.9241682498790186e-10	8.4639264329945127e-08	5.4639407508105306e-21	9.9241682409935912e-10
radial	radial_0S0	0	0.81466349999999998	0.823974609375	0	1	resonance	0.032294014437366445	1	0.10000000000000001	282	3924	1643897840401933.2	0	0	1	378.06137400065785	1034128495861978.9	1640179310801914.2	8.1807205697349392	0.99773798011735948	180	0.63829787234042556	279	5.0391565965841917e-21	8.8393684586542863e-08	3.3417646304234746e-14	5.5056914074671756e-12	4.2052537448270003e-20	7.6380121235586457e-09	5.5056913720473648e-12	7.6380121235586457e-09	0	0	-4.84233699200366e-12	-2.6200019713982719e-12	-4.8423369716386236e-12	-2.6200019346058651e-12	-4.8423369748524949e-12	-2.6200019390246522e-12	4.2052537448270003e-20	0	0	1	5.4238816135062001e-21	8.4639270888826924e-08	3.1998272628197869e-14	5.4639407508105306e-21	9.9241682498790186e-10	6.1406071641977899e-09	3.6636234994482353e-20	6.6542478475427301e-09
radial	radial_0S0	0	0.81466349999999998	0.823974609375	0	1	resonance	0.032294014437366445	1	0.01	282	3924	1643897840401933.2	0	0	1	252.7260452396778	1034128495861978.9	1640179310801914.2	90.909431716923706	0.99773798011735948	145	0.51418439716312059	280	3.2877816897746127e-21	5.0352627070119185e-08	1.9036046407487911e-14	5.5056914176231546e-12	5.419348089232588e-20	9.8431744952992734e-09	5.5056913720473648e-12	9.8431744952992734e-09	0	0	-4.8423369977696897e-12	-2.6200019820832361e-12	-4.8423369716386236e-12	-2.6200019346058651e-12	-4.8423369748524949e-12	-2.6200019390246522e-12	5.419348089232588e-20	0	0	1	5.4238816135062001e-21	8.4639270888826924e-08	3.1998272628197869e-14	5.4639407508105306e-21	9.9241682498790186e-10	3.4730497535132768e-08	4.8777448280056899e-20	8.8594592286865402e-09
radial	radial_0S0	0	0.81466349999999998	0.8544921875	1	1	flank	0.032294014437366445	1	1	282	3924	1643926059333408	0	0	1	378.04837139652199	1034146289130927.2	1640207465901608.5	0.99999998557893599	0.99773798011736159	278	0.98581560283687941	279	6.386334565737451e-21	0	0	1.8104976861856166e-12	0	0	5.5056913720473648e-12	0	0	0	-1.7999591450047561e-12	-1.9506139545594041e-13	-1.7999591450047561e-12	-1.9506139545594041e-13	-1.7999591478967174e-12	-1.9506139630881792e-13	0	0	0	1	5.9936524577233637e-21	1.6358034075635807e-07	1.6949337013354682e-14	3.0151020729994379e-21	1.6653443392969476e-09	1.6358036717336757e-07	3.0151020729994379e-21	1.6653443365678066e-09
radial	radial_0S0	0	0.81466349999999998	0.8544921875	1	1	flank	0.032294014437366445	1	0.10000000000000001	282	3924	1643926059333408	0	0	1	378.0483713965221	1034146289130927.2	1640207465901608.5	8.1819012781560563	0.99773798011736159	181	0.64184397163120566	280	3.3450110478105223e-21	1.213523056384872e-07	1.2573889479041175e-14	1.8104976878445461e-12	1.6881010281409151e-21	9.3239612567383685e-10	5.5056913720473648e-12	3.0661018100496475e-10	0	0	-1.7999591466203638e-12	-1.9506139594532445e-13	-1.7999591450047561e-12	-1.9506139545594041e-13	-1.7999591478967174e-12	-1.9506139630881792e-13	1.6881010281409151e-21	0	0	1	5.9936524577233637e-21	1.6358034075635807e-07	1.6949337013354682e-14	3.0151020729994379e-21	1.6653443392969476e-09	4.2693459270448542e-08	1.3271043921425203e-21	7.3300529467322598e-10
radial	radial_0S0	0	0.81466349999999998	0.8544921875	1	1	flank	0.032294014437366445	1	0.01	282	3924	1643926059333408	0	0	1	252.71477124813248	1034146289130927.2	1640207465901608.5	90.920707447165299	0.99773798011736159	144	0.51063829787234039	279	4.6552536407560537e-21	1.0429308544890226e-07	1.0806302549943395e-14	1.8104976866588497e-12	4.8230492787652568e-22	2.6639356214403833e-10	5.5056913720473648e-12	8.7601155837613571e-11	0	0	-1.7999591454652035e-12	-1.9506139559948919e-13	-1.7999591450047561e-12	-1.9506139545594041e-13	-1.7999591478967174e-12	-1.9506139630881792e-13	4.8230492787652568e-22	0	0	1	5.9936524577233637e-21	1.6358034075635807e-07	1.6949337013354682e-14	3.0151020729994379e-21	1.6653443392969476e-09	5.9360127138968316e-08	2.5328654597413232e-21	1.3989885073682586e-09
radial	radial_0S0	0	0.81466349999999998	0.885009765625	2	1	antiresonance	0.032294014437366445	1	1	282	3924	1643953283198194.2	0	0	1	378.03489371672646	1034163457944178.5	1640234628185474.5	0.99999999513386595	0.99773798011736359	278	0.98581560283687941	279	5.1879043913289319e-21	0	0	1.2097854856429295e-12	0	0	5.5056913720473648e-12	0	0	0	-1.2081102821269463e-12	-6.3643283160509948e-14	-1.2081102821269463e-12	-6.3643283160509948e-14	-1.2081102806243727e-12	-6.3643282922403896e-14	0	0	0	1	1.4049909559237156e-20	3.0202364905754815e-08	1.7991410749627012e-15	1.5213224061762643e-21	1.2575141826633598e-09	3.0202363996089168e-08	1.5213224061762643e-21	1.2575141842360709e-09
radial	radial_0S0	0	0.81466349999999998	0.885009765625	2	1	antiresonance	0.032294014437366445	1	0.10000000000000001	282	3924	1643953283198194.2	0	0	1	378.03489371672583	1034163457944178.5	1640234628185474.5	8.1831134760157926	0.99773798011736359	180	0.63829787234042556	279	6.5454907786929957e-21	4.0251615609278186e-08	2.3977703468665619e-15	1.2097854835666325e-12	2.089403088803508e-21	1.7270855979009483e-09	5.5056913720473648e-12	3.794987672958747e-10	0	0	-1.2081102800658164e-12	-6.3643282817947933e-14	-1.2081102821269463e-12	-6.3643283160509948e-14	-1.2081102806243727e-12	-6.3643282922403896e-14	2.089403088803508e-21	0	0	1	1.4049909559237156e-20	3.0202364905754815e-08	1.7991410749627012e-15	1.5213224061762643e-21	1.2575141826633598e-09	1.0349024498142973e-08	5.682395853652406e-22	4.6970276368783187e-10
radial	radial_0S0	0	0.81466349999999998	0.885009765625	2	1	antiresonance	0.032294014437366445	1	0.01	282	3924	1643953283198194.2	0	0	1	252.70308215223287	1034163457944178.5	1640234628185474.5	90.932397909176103	0.99773798011736359	145	0.51418439716312059	280	5.1684653379386021e-21	1.3505414583016792e-08	8.0451137473926617e-16	1.2097854848422346e-12	8.0515183633332165e-22	6.6553272947015973e-10	5.5056913720473648e-12	1.4623991464925051e-10	0	0	-1.2081102813318109e-12	-6.3643283033903831e-14	-1.2081102821269463e-12	-6.3643283160509948e-14	-1.2081102806243727e-12	-6.3643282922403896e-14	8.0515183633332165e-22	0	0	1	1.4049909559237156e-20	3.0202364905754815e-08	1.7991410749627012e-15	1.5213224061762643e-21	1.2575141826633598e-09	1.6810417329331942e-08	7.1617104022658984e-22	5.9198184274930949e-10
radial	radial_0S0	0	0.81466349999999998	0.762939453125	-2	1	antiresonance	0.032294014437366445	0	1	282	3924	1649420618476613.2	0	0	1	378.09704982877281	1037602634851940.5	1645689596243413.8	0.99999999508084392	0.99773798011774251	279	0.98936170212765961	280	2.7377890123563057e-21	0	0	6.8258860072575206e-13	0	0	5.6710832967437857e-12	0	0	0	6.7280315052921245e-13	-1.1516561326501092e-13	6.7280315052921245e-13	-1.1516561326501092e-13	6.7280315134672215e-13	-1.1516561344695484e-13	0	0	0	1	1.9623488770915092e-21	9.43256267392209e-08	7.4826857093259019e-15	8.3751161814411988e-22	1.2269639681261133e-09	9.4325635635508061e-08	8.3751161814411988e-22	1.2269639666225138e-09
radial	radial_0S0	0	0.81466349999999998	0.762939453125	-2	1	antiresonance	0.032294014437366445	0	0.10000000000000001	282	3924	1649420618476613.2	0	0	1	378.09704982877281	1037602634851940.5	1645689596243413.8	8.1782583252392609	0.99773798011774251	180	0.63829787234042556	279	2.1276747546142957e-21	1.3394583365574266e-07	1.0625686888787148e-14	6.8258860064140165e-13	8.4368750448273974e-23	1.2360117112792416e-10	5.6710832967437857e-12	1.4877007801440105e-11	0	0	6.7280315044577444e-13	-1.1516561325251352e-13	6.7280315052921245e-13	-1.1516561326501092e-13	6.7280315134672215e-13	-1.1516561344695484e-13	8.4368750448273974e-23	0	0	1	1.9623488770915092e-21	9.43256267392209e-08	7.4826857093259019e-15	8.3751161814411988e-22	1.2269639681261133e-09	4.0545338995966888e-08	9.2169095149384504e-22	1.3502876394132166e-09
radial	radial_0S0	0	0.81466349999999998	0.762939453125	-2	1	antiresonance	0.032294014437366445	0	0.01	282	3924	1649420618476613.2	0	0	1	252.76704670120867	1037602634851940.5	1645689596243413.8	90.881124403743129	0.99773798011774251	145	0.51418439716312059	280	3.2967569487524374e-21	9.9916922165475843e-08	7.9262333201816987e-15	6.8258860069089869e-13	3.4864650873097714e-23	5.1077106819581223e-11	5.6710832967437857e-12	6.1477938250556551e-12	0	0	6.7280315049500845e-13	-1.151656132582559e-13	6.7280315052921245e-13	-1.1516561326501092e-13	6.7280315134672215e-13	-1.1516561344695484e-13	3.4864650873097714e-23	0	0	1	1.9623488770915092e-21	9.43256267392209e-08	7.4826857093259019e-15	8.3751161814411988e-22	1.2269639681261133e-09	6.1912921211987625e-09	8.7236662443378767e-22	1.2780269439559985e-09
radial	radial_0S0	0	0.81466349999999998	0.79345703125	-1	1	flank	0.032294014437366445	0	1	282	3924	1649420557204418.5	0	0	1	378.08506406574816	1037602634851940.5	1645689535109817.8	0.99999996936980373	0.9977379801177424	278	0.98581560283687941	279	4.1650656513241002e-21	0	0	2.1772587845597894e-12	0	0	5.6710832967437857e-12	0	0	0	2.0800684739137967e-12	-6.4325030802378945e-13	2.0800684739137967e-12	-6.4325030802378945e-13	2.080068469876316e-12	-6.4325030561881009e-13	0	0	0	1	5.0212009878720307e-21	4.5386525501443279e-08	8.5157791324231715e-15	4.6994867851451543e-21	2.1584419906682443e-09	4.5386527505971723e-08	4.6994867851451543e-21	2.1584419951965486e-09
radial	radial_0S0	0	0.81466349999999998	0.79345703125	-1	1	flank	0.032294014437366445	0	0.10000000000000001	282	3924	1649420557204418.5	0	0	1	378.08506406574827	1037602634851940.5	1645689535109817.8	8.1793654980659856	0.9977379801177424	181	0.64184397163120566	280	5.0578223632400805e-21	6.036130432771821e-08	1.1325465655736995e-14	2.1772587879319834e-12	3.4109677256444838e-21	1.5666340399375781e-09	5.6710832967437857e-12	6.01466694661845e-10	0	0	2.0800684769839458e-12	-6.4325030951002137e-13	2.0800684739137967e-12	-6.4325030802378945e-13	2.080068469876316e-12	-6.4325030561881009e-13	3.4109677256444838e-21	0	0	1	5.0212009878720307e-21	4.5386525501443279e-08	8.5157791324231715e-15	4.6994867851451543e-21	2.1584419906682443e-09	1.9803575494586472e-08	8.1030812949792265e-21	3.7216895710527194e-09
radial	radial_0S0	0	0.81466349999999998	0.79345703125	-1	1	flank	0.032294014437366445	0	0.01	282	3924	1649420557204418.5	0	0	1	252.75660577577085	1037602634851940.5	1645689535109817.8	90.891543319207898	0.9977379801177424	144	0.51063829787234039	279	5.0172369077065189e-21	4.510311194629645e-08	8.462602838091311e-15	2.1772587851614619e-12	6.0169901608421474e-22	2.7635622386792651e-10	5.6710832967437857e-12	1.0609948480737311e-10	0	0	2.0800684744869513e-12	-6.4325030820691656e-13	2.0800684739137967e-12	-6.4325030802378945e-13	2.080068469876316e-12	-6.4325030561881009e-13	6.0169901608421474e-22	0	0	1	5.0212009878720307e-21	4.5386525501443279e-08	8.5157791324231715e-15	4.6994867851451543e-21	2.1584419906682443e-09	7.3966608251606672e-09	5.2873672690882007e-21	2.4284514627643881e-09
radial	radial_0S0	0	0.81466349999999998	0.823974609375	0	1	resonance	0.032294014437366445	0	1	282	3924	1649420493529392.5	0	0	1	378.07260871065063	1037602634851940.5	1645689471578826	0.99999999405215401	0.99773798011774251	278	0.98581560283687941	279	6.6969064583930327e-21	0	0	5.6710832967437857e-12	0	0	5.6710832967437857e-12	0	0	0	-4.9584119601065444e-12	-2.7523329363430477e-12	-4.9584119601065444e-12	-2.7523329363430477e-12	-4.9584119502753065e-12	-2.7523329172925899e-12	0	0	0	1	5.7202047893538621e-21	1.0579316265570498e-08	4.1169037295322816e-15	2.1437658016277418e-20	3.7801698360851902e-09	1.0579316290388174e-08	2.1437658016277418e-20	3.7801698479777743e-09
radial	radial_0S0	0	0.81466349999999998	0.823974609375	0	1	resonance	0.032294014437366445	0	0.10000000000000001	282	3924	1649420493529392.5	0	0	1	378.07260871065051	1037602634851940.5	1645689471578826	8.1805074920586929	0.99773798011774251	180	0.63829787234042556	279	3.7260756215411534e-21	6.6989042949995121e-08	2.6068550541036414e-14	5.6710832502204848e-12	5.5906167149750392e-20	9.8581107390629429e-09	5.6710832967437857e-12	9.8581107390629429e-09	0	0	-4.9584119344755098e-12	-2.7523328866585472e-12	-4.9584119601065444e-12	-2.7523329363430477e-12	-4.9584119502753065e-12	-2.7523329172925899e-12	5.5906167149750392e-20	0	0	1	5.7202047893538621e-21	1.0579316265570498e-08	4.1169037295322816e-15	2.1437658016277418e-20	3.7801698360851902e-09	6.9945768520828253e-08	3.446850951351731e-20	6.0779409891136432e-09
radial	radial_0S0	0	0.81466349999999998	0.823974609375	0	1	resonance	0.032294014437366445	0	0.01	282	3924	1649420493529392.5	0	0	1	252.74575620232321	1037602634851940.5	1645689471578826	90.902373221122915	0.99773798011774251	144	0.51063829787234039	279	4.6293206501766251e-21	1.2938325095982911e-08	5.0349037219827135e-15	5.6710832462318102e-12	6.0541274776187638e-20	1.0675433882438147e-08	5.6710832967437857e-12	1.0675433882438147e-08	0	0	-4.9584119321393344e-12	-2.7523328826487173e-12	-4.9584119601065444e-12	-2.7523329363430477e-12	-4.9584119502753065e-12	-2.7523329172925899e-12	6.0541274776187638e-20	0	0	1	5.7202047893538621e-21	1.0579316265570498e-08	4.1169037295322816e-15	2.1437658016277418e-20	3.7801698360851902e-09	2.0772454912015632e-08	3.9103853926584804e-20	6.8953058883934704e-09
radial	radial_0S0	0	0.81466349999999998	0.8544921875	1	1	flank	0.032294014437366445	0	1	282	3924	1649420427451535.2	0	0	1	378.0596838139864	1037602634851940.5	1645689405650438.2	0.99999997916136796	0.99773798011774251	278	0.98581560283687941	279	3.8546962347636688e-21	0	0	1.8234749056017589e-12	0	0	5.6710832967437857e-12	0	0	0	-1.8129344190775425e-12	-1.9577927235362989e-13	-1.8129344190775425e-12	-1.9577927235362989e-13	-1.8129344108865286e-12	-1.9577927002705618e-13	0	0	0	1	3.89567129164812e-21	3.7476553698785372e-08	3.9071283567560639e-15	8.515025133438645e-21	4.6696694905316667e-09	3.7476552299393127e-08	8.515025133438645e-21	4.6696695120261725e-09
radial	radial_0S0	0	0.81466349999999998	0.8544921875	1	1	flank	0.032294014437366445	0	0.10000000000000001	282	3924	1649420427451535.2	0	0	1	378.0596838139864	1037602634851940.5	1645689405650438.2	8.1816827421585305	0.99773798011774251	180	0.63829787234042556	279	9.3876759488836452e-21	3.8137199112562208e-08	3.976004125074429e-15	1.8234748978998515e-12	7.8201768877373539e-21	4.2886122883915657e-09	5.6710832967437857e-12	1.3789564495071923e-09	0	0	-1.8129344115656274e-12	-1.9577927017962488e-13	-1.8129344190775425e-12	-1.9577927235362989e-13	-1.8129344108865286e-12	-1.9577927002705618e-13	7.8201768877373539e-21	0	0	1	3.89567129164812e-21	3.7476553698785372e-08	3.9071283567560639e-15	8.515025133438645e-21	4.6696694905316667e-09	7.560485722746885e-08	6.9602606626371053e-22	3.8170312480271163e-10
radial	radial_0S0	0	0.81466349999999998	0.8544921875	1	1	flank	0.032294014437366445	0	0.01	282	3924	1649420427451535.2	0	0	1	252.73449807308296	1037602634851940.5	1645689405650438.2	90.91361438093756	0.99773798011774251	144	0.51063829787234039	279	7.5385688823272757e-21	1.4882605779680092e-08	1.5515901363709004e-15	1.8234749021044958e-12	3.5492279093028038e-21	1.9464089680639365e-09	5.6710832967437857e-12	6.2584654881382083e-10	0	0	-1.8129344156654645e-12	-1.9577927137652072e-13	-1.8129344190775425e-12	-1.9577927235362989e-13	-1.8129344108865286e-12	-1.9577927002705618e-13	3.5492279093028038e-21	0	0	1	3.89567129164812e-21	3.7476553698785372e-08	3.9071283567560639e-15	8.515025133438645e-21	4.6696694905316667e-09	5.2340406264127909e-08	4.965811328018068e-21	2.7232682696211631e-09
radial	radial_0S0	0	0.81466349999999998	0.885009765625	2	1	antiresonance	0.032294014437366445	0	1	282	3924	1649420358970847	0	0	1	378.0462894281664	1037602634851940.5	1645689337324654.8	0.99999998192499773	0.99773798011774262	278	0.98581560283687941	279	1.0164215681175586e-20	0	0	1.2139016548129422e-12	0	0	5.6710832967437857e-12	0	0	0	-1.2122454289399649e-12	-6.33896487745443e-14	-1.2122454289399649e-12	-6.33896487745443e-14	-1.2122454293251317e-12	-6.3389648839990775e-14	0	0	0	1	1.1171400656248994e-20	3.6993667595684076e-08	2.2084153954525984e-15	3.906875542134272e-22	3.2184448605404588e-10	3.6993668958644739e-08	3.906875542134272e-22	3.2184448595115893e-10
radial	radial_0S0	0	0.81466349999999998	0.885009765625	2	1	antiresonance	0.032294014437366445	0	0.10000000000000001	282	3924	1649420358970847	0	0	1	378.0462894281664	1037602634851940.5	1645689337324654.8	8.1828894984563139	0.99773798011774262	181	0.64184397163120566	280	5.2717854320614703e-21	1.5116793480479829e-08	9.0242902696308858e-16	1.2139016546820208e-12	1.309403225160988e-22	1.0786732351582157e-10	5.6710832967437857e-12	2.3089119955491031e-11	0	0	-1.2122454288093386e-12	-6.3389648765480995e-14	-1.2122454289399649e-12	-6.33896487745443e-14	-1.2122454293251317e-12	-6.3389648839990775e-14	1.309403225160988e-22	0	0	1	1.1171400656248994e-20	3.6993667595684076e-08	2.2084153954525984e-15	3.906875542134272e-22	3.2184448605404588e-10	2.1876966387442869e-08	5.2114708800383498e-22	4.293157405058007e-10
radial	radial_0S0	0	0.81466349999999998	0.885009765625	2	1	antiresonance	0.032294014437366445	0	0.01	282	3924	1649420358970847	0	0	1	252.72283148372782	1037602634851940.5	1645689337324654.8	90.925267079228703	0.99773798011774262	145	0.51418439716312059	280	6.861243470350005e-21	1.5362975795500927e-08	9.1712540204335191e-16	1.2139016548678424e-12	5.5815363484504774e-23	4.598013625173426e-11	5.6710832967437857e-12	9.8420990424444581e-12	0	0	-1.2122454289942645e-12	-6.3389648787463254e-14	-1.2122454289399649e-12	-6.33896487745443e-14	-1.2122454293251317e-12	-6.3389648839990775e-14	5.5815363484504774e-23	0	0	1	1.1171400656248994e-20	3.6993667595684076e-08	2.2084153954525984e-15	3.906875542134272e-22	3.2184448605404588e-10	2.1695505815471589e-08	3.3501080892535253e-22	2.759785419930748e-10
radial	radial_0S0	0	0.81466349999999998	0.762939453125	-2	1	antiresonance	0.0032294014437366449	1	1	282	3924	1643838108696411.2	0	0	1	378.08594087962422	1034090841828161.5	1640119714210691.2	0.99999999299311437	0.99773798011735548	278	0.98581560283687941	279	3.0780665335010182e-21	0	0	6.9144800699193194e-13	0	0	6.3762648812510561e-12	0	0	0	6.913216104039997e-13	-1.3220338934205085e-14	6.913216104039997e-13	-1.3220338934205085e-14	6.9132161224958243e-13	-1.3220338971578075e-14	0	0	0	1	5.4156569807575004e-21	2.9923270321487612e-08	2.4091346664945744e-15	1.8459610862621129e-21	2.6697033870887304e-09	2.9923269426118651e-08	1.8459610862621129e-21	2.6697033799614188e-09
radial	radial_0S0	0	0.81466349999999998	0.762939453125	-2	1	antiresonance	0.0032294014437366449	1	0.10000000000000001	282	3924	1643838108696411.2	0	0	1	378.08594087962325	1034090841828161.5	1640119714210691.2	8.1784613855236135	0.99773798011735548	180	0.63829787234042556	279	2.8754735556985208e-21	1.3883693804788312e-08	1.1177818361682551e-15	6.914480081914233e-13	1.1994913105871689e-21	1.7347527195940923e-09	6.3762648812510561e-12	1.8811817465648048e-10	0	0	6.9132161160327043e-13	-1.3220338957207895e-14	6.913216104039997e-13	-1.3220338934205085e-14	6.9132161224958243e-13	-1.3220338971578075e-14	1.1994913105871689e-21	0	0	1	5.4156569807575004e-21	2.9923270321487612e-08	2.4091346664945744e-15	1.8459610862621129e-21	2.6697033870887304e-09	1.6052852832865127e-08	6.4647173228569411e-22	9.349534947279855e-10
radial	radial_0S0	0	0.81466349999999998	0.762939453125	-2	1	antiresonance	0.0032294014437366449	1	0.01	282	3924	1643838108696411.2	0	0	1	252.74733573841365	1034090841828161.5	1640119714210691.2	90.888132728888039	0.99773798011735548	144	0.51063829787234039	279	2.6679501321733689e-21	8.9222176992681457e-09	7.1833137656358121e-16	6.91448008246212e-13	1.2542807193853831e-21	1.8139913727454254e-09	6.3762648812510561e-12	1.9671088681925753e-10	0	0	6.9132161165802611e-13	-1.3220338959461621e-14	6.913216104039997e-13	-1.3220338934205085e-14	6.9132161224958243e-13	-1.3220338971578075e-14	1.2542807193853831e-21	0	0	1	5.4156569807575004e-21	2.9923270321487612e-08	2.4091346664945744e-15	1.8459610862621129e-21	2.6697033870887304e-09	2.1001100350821475e-08	5.9168039036600455e-22	8.5571204602994579e-10
radial	radial_0S0	0	0.81466349999999998	0.79345703125	-1	1	flank	0.0032294014437366449	1	1	282	3924	1643868551413441.5	0	0	1	378.0738888861772	1034110030992414	1640150088065693.5	0.99999998160396719	0.99773798011735748	278	0.98581560283687941	279	3.2643955470061053e-21	0	0	2.287831556290713e-12	0	0	6.3762648812510561e-12	0	0	0	2.2864179210284343e-12	-8.0413433949791283e-14	2.2864179210284343e-12	-8.0413433949791283e-14	2.2864179280261044e-12	-8.0413434364172167e-14	0	0	0	1	3.9303414457964088e-21	4.1387633452610108e-09	8.1718388656290551e-16	7.0099285561410853e-21	3.0640055369750915e-09	4.1387633621412525e-09	7.0099285561410853e-21	3.0640055275896637e-09
radial	radial_0S0	0	0.81466349999999998	0.79345703125	-1	1	flank	0.0032294014437366449	1	0.10000000000000001	282	3924	1643868551413441.5	0	0	1	378.0738888861772	1034110030992414	1640150088065693.5	8.1795739337341775	0.99773798011735748	180	0.63829787234042556	279	4.2072865241610789e-21	1.462855078356956e-08	2.8883545607380741e-15	2.287831554286288e-12	2.0047253282865753e-21	8.7625565036652393e-10	6.3762648812510561e-12	3.1440433633510497e-10	0	0	2.2864179190264678e-12	-8.041343384465454e-14	2.2864179210284343e-12	-8.0413433949791283e-14	2.2864179280261044e-12	-8.0413434364172167e-14	2.0047253282865753e-21	0	0	1	3.9303414457964088e-21	4.1387633452610108e-09	8.1718388656290551e-16	7.0099285561410853e-21	3.0640055369750915e-09	1.8720694348506724e-08	9.0146191099973307e-21	3.9402459755384882e-09
radial	radial_0S0	0	0.81466349999999998	0.79345703125	-1	1	flank	0.0032294014437366449	1	0.01	282	3924	1643868551413441.5	0	0	1	252.73689293249973	1034110030992414	1640150088065693.5	90.898579644032651	0.99773798011735748	145	0.51418439716312059	280	5.1152331792230687e-21	1.6487434206341746e-08	3.2553843842305629e-15	2.2878315629393638e-12	6.6505146329773061e-21	2.9069074664569538e-09	6.3762648812510561e-12	1.0430110349607121e-09	0	0	2.2864179276674433e-12	-8.0413434340822036e-14	2.2864179210284343e-12	-8.0413433949791283e-14	2.2864179280261044e-12	-8.0413434364172167e-14	6.6505146329773061e-21	0	0	1	3.9303414457964088e-21	4.1387633452610108e-09	8.1718388656290551e-16	7.0099285561410853e-21	3.0640055369750915e-09	1.2435212970624482e-08	3.5942043659383774e-22	1.5710091702538665e-10
radial	radial_0S0	0	0.81466349999999998	0.823974609375	0	1	resonance	0.0032294014437366449	1	1	282	3924	1643897840355074	0	0	1	378.06136138592711	1034128495861978.9	1640179310755160.8	0.99999991798139398	0.99773798011735937	279	0.98936170212765961	280	7.6070762660630489e-21	0	0	6.3762648812510561e-12	0	0	6.3762648812510561e-12	0	0	0	-6.3639023106364329e-12	-3.9686422936795318e-13	-6.3639023106364329e-12	-3.9686422936795318e-13	-6.3639022915155213e-12	-3.9686422673102866e-13	0	0	0	1	1.8643694378126003e-21	3.4086421256102844e-08	1.4935145468596256e-14	1.9301881502658119e-20	3.0271454938162778e-09	3.4086420120534112e-08	1.9301881502658119e-20	3.0271455029542897e-09
radial	radial_0S0	0	0.81466349999999998	0.823974609375	0	1	resonance	0.0032294014437366449	1	0.10000000000000001	282	3924	1643897840355074	0	0	1	378.06136138592677	1034128495861978.9	1640179310755160.8	8.1807213458379611	0.99773798011735937	180	0.63829787234042556	279	4.6014194239828208e-21	4.4217051918878491e-08	1.937393478884755e-14	6.3762648370682926e-12	4.4305658278022928e-20	6.94852850425027e-09	6.3762648812510561e-12	6.94852850425027e-09	0	0	-6.3639022667445833e-12	-3.9686422332668713e-13	-6.3639023106364329e-12	-3.9686422936795318e-13	-6.3639022915155213e-12	-3.9686422673102866e-13	4.4305658278022928e-20	0	0	1	1.8643694378126003e-21	3.4086421256102844e-08	1.4935145468596256e-14	1.9301881502658119e-20	3.0271454938162778e-09	1.0581656411780686e-08	2.5003777958938042e-20	3.9213832078931466e-09
radial	radial_0S0	0	0.81466349999999998	0.823974609375	0	1	resonance	0.0032294014437366449	1	0.01	282	3924	1643897840355074	0	0	1	252.72603425808242	1034128495861978.9	1640179310755160.8	90.909440930329879	0.99773798011735937	145	0.51418439716312059	280	4.2395173374098621e-21	2.2330447998134624e-08	9.7842037075497689e-15	6.3762648761397488e-12	5.1298694222495788e-21	8.0452577140162217e-10	6.3762648812510561e-12	8.0452577140162217e-10	0	0	-6.3639023055621726e-12	-3.9686422861466528e-13	-6.3639023106364329e-12	-3.9686422936795318e-13	-6.3639022915155213e-12	-3.9686422673102866e-13	5.1298694222495788e-21	0	0	1	1.8643694378126003e-21	3.4086421256102844e-08	1.4935145468596256e-14	1.9301881502658119e-20	3.0271454938162778e-09	1.1810290858358313e-08	1.4172385058198072e-20	2.2226782238380605e-09
radial	radial_0S0	0	0.81466349999999998	0.8544921875	1	1	flank	0.0032294014437366449	1	1	282	3924	1643926059286257.8	0	0	1	378.04835860160887	1034146289130927.2	1640207465854564.8	0.99999995996738977	0.99773798011736159	279	0.98936170212765961	280	8.3675671696548866e-21	0	0	1.82707446812046e-12	0	0	6.3762648812510561e-12	0	0	0	-1.8269361024050951e-12	-2.2485323803339113e-14	-1.8269361024050951e-12	-2.2485323803339113e-14	-1.8269360967906734e-12	-2.2485323620826903e-14	0	0	0	1	3.4928049750783243e-21	3.2873885738184012e-08	3.4391975110349496e-15	5.6173875119100064e-21	3.0745257568448757e-09	3.2873884657711756e-08	5.6173875119100064e-21	3.0745257662956587e-09
radial	radial_0S0	0	0.81466349999999998	0.8544921875	1	1	flank	0.0032294014437366449	1	0.10000000000000001	282	3924	1643926059286257.8	0	0	1	378.04835860160824	1034146289130927.2	1640207465854564.8	8.1819020259908033	0.99773798011736159	180	0.63829787234042556	279	5.8246815565763953e-21	3.0395498953619962e-08	3.1799138434837748e-15	1.8270744612916656e-12	6.8301481524173363e-21	3.7382976291292694e-09	6.3762648812510561e-12	1.0711832522047337e-09	0	0	-1.8269360955784915e-12	-2.2485323583324825e-14	-1.8269361024050951e-12	-2.2485323803339113e-14	-1.8269360967906734e-12	-2.2485323620826903e-14	6.8301481524173363e-21	0	0	1	3.4928049750783243e-21	3.2873885738184012e-08	3.4391975110349496e-15	5.6173875119100064e-21	3.0745257568448757e-09	4.0929662936741196e-09	1.212761867440218e-21	6.6377254585343361e-10
radial	radial_0S0	0	0.81466349999999998	0.8544921875	1	1	flank	0.0032294014437366449	1	0.01	282	3924	1643926059286257.8	0	0	1	252.71476011062123	1034146289130927.2	1640207465854564.8	90.920716758429634	0.99773798011736159	145	0.51418439716312059	280	1.1481347467287004e-20	2.5641132227462168e-08	2.6825218910576326e-15	1.8270744631156005e-12	5.0057107993859497e-21	2.739740983045646e-09	6.3762648812510561e-12	7.8505377248440206e-10	0	0	-1.826936097401751e-12	-2.2485323649428888e-14	-1.8269361024050951e-12	-2.2485323803339113e-14	-1.8269360967906734e-12	-2.2485323620826903e-14	5.0057107993859497e-21	0	0	1	3.4928049750783243e-21	3.2873885738184012e-08	3.4391975110349496e-15	5.6173875119100064e-21	3.0745257568448757e-09	7.2364264925837134e-09	6.1174666139328196e-22	3.3482305945802141e-10
radial	radial_0S0	0	0.81466349999999998	0.885009765625	2	1	antiresonance	0.0032294014437366449	1	1	282	3924	1643953283150753.2	0	0	1	378.03488074167092	1034163457944178.5	1640234628138140.5	0.99999999267331285	0.99773798011736337	279	0.98936170212765961	280	1.3588373619014765e-20	0	0	1.2131235278722199e-12	0	0	6.3762648812510561e-12	0	0	0	-1.2131019557896125e-12	-7.2345515795963388e-15	-1.2131019557896125e-12	-7.2345515795963388e-15	-1.2131019543694465e-12	-7.2345515541777463e-15	0	0	0	1	1.5519987852811989e-20	4.4156779139114387e-09	2.6387000462454765e-16	1.4203933730369585e-21	1.1708563393608262e-09	4.415677933408769e-09	1.4203933730369585e-21	1.170856340731633e-09
radial	radial_0S0	0	0.81466349999999998	0.885009765625	2	1	antiresonance	0.0032294014437366449	1	0.10000000000000001	282	3924	1643953283150753.2	0	0	1	378.03488074167035	1034163457944178.5	1640234628138140.5	8.1831141909846234	0.99773798011736337	181	0.64184397163120566	280	9.5085706722237023e-21	2.0468570021215864e-08	1.2231511834548248e-15	1.2131235276162287e-12	2.5602580804582054e-22	2.110467748448352e-10	6.3762648812510561e-12	4.0152944210119913e-11	0	0	-1.213101955533651e-12	-7.2345515738586994e-15	-1.2131019557896125e-12	-7.2345515795963388e-15	-1.2131019543694465e-12	-7.2345515541777463e-15	2.5602580804582054e-22	0	0	1	1.5519987852811989e-20	4.4156779139114387e-09	2.6387000462454765e-16	1.4203933730369585e-21	1.1708563393608262e-09	2.488424524783721e-08	1.1643707495631943e-21	9.5981219074093571e-10
radial	radial_0S0	0	0.81466349999999998	0.885009765625	2	1	antiresonance	0.0032294014437366449	1	0.01	282	3924	1643953283150753.2	0	0	1	252.70307085890039	1034163457944178.5	1640234628138140.5	90.932407318602671	0.99773798011736337	145	0.51418439716312059	280	6.1715622176090159e-21	2.5757552289591529e-08	1.5392076990848794e-15	1.2131235276021042e-12	2.7014366034717906e-22	2.2268437973583982e-10	6.3762648812510561e-12	4.2367069966230054e-11	0	0	-1.2131019555195247e-12	-7.2345515741028629e-15	-1.2131019557896125e-12	-7.2345515795963388e-15	-1.2131019543694465e-12	-7.2345515541777463e-15	2.7014366034717906e-22	0	0	1	1.5519987852811989e-20	4.4156779139114387e-09	2.6387000462454765e-16	1.4203933730369585e-21	1.1708563393608262e-09	3.0173230156607699e-08	1.1502507060198271e-21	9.481727795552796e-10
radial	radial_0S0	0	0.81466349999999998	0.762939453125	-2	1	antiresonance	0.0032294014437366449	0	1	282	3924	1649420618437611.5	0	0	1	378.09704219983973	1037602634851940.5	1645689596204500.2	0.99999997881595615	0.99773798011774251	279	0.98936170212765961	280	3.0814179232239148e-21	0	0	6.8504246176250728e-13	0	0	6.6113426288042366e-12	0	0	0	6.849434643886372e-13	-1.1645815082165069e-14	6.849434643886372e-13	-1.1645815082165069e-14	6.8494346278549928e-13	-1.1645815050116976e-14	0	0	0	1	2.6446775232136543e-21	2.6331895831384933e-08	2.1006114493789726e-15	1.6034582266491438e-21	2.3406698360327856e-09	2.633189513801621e-08	1.6034582266491438e-21	2.3406698415114964e-09
radial	radial_0S0	0	0.81466349999999998	0.762939453125	-2	1	antiresonance	0.0032294014437366449	0	0.10000000000000001	282	3924	1649420618437611.5	0	0	1	378.09704219983968	1037602634851940.5	1645689596204500.2	8.1782589109283954	0.99773798011774251	181	0.64184397163120566	280	3.8703234162481514e-21	3.9974794107993987e-08	3.188965607623808e-15	6.8504246287614068e-13	1.1136438419726898e-21	1.6256566623731003e-09	6.6113426288042366e-12	1.6844443020102702e-10	0	0	6.8494346550202745e-13	-1.164581510592951e-14	6.849434643886372e-13	-1.1645815082165069e-14	6.8494346278549928e-13	-1.1645815050116976e-14	1.1136438419726898e-21	0	0	1	2.6446775232136543e-21	2.6331895831384933e-08	2.1006114493789726e-15	1.6034582266491438e-21	2.3406698360327856e-09	6.6302351950981767e-08	2.7171014672740762e-21	3.9663256298641799e-09
radial	radial_0S0	0	0.81466349999999998	0.762939453125	-2	1	antiresonance	0.0032294014437366449	0	0.01	282	3924	1649420618437611.5	0	0	1	252.76704006003851	1037602634851940.5	1645689596204500.2	90.881131051803919	0.99773798011774251	145	0.51418439716312059	280	2.3152138397254471e-21	3.2262173134563631e-08	2.5736958213064092e-15	6.8504246097396333e-13	7.8854662127624943e-22	1.151091596931732e-09	6.6113426288042366e-12	1.1927178268461187e-10	0	0	6.8494346360024209e-13	-1.1645815066707951e-14	6.849434643886372e-13	-1.1645815082165069e-14	6.8494346278549928e-13	-1.1645815050116976e-14	7.8854662127624943e-22	0	0	1	2.6446775232136543e-21	2.6331895831384933e-08	2.1006114493789726e-15	1.6034582266491438e-21	2.3406698360327856e-09	5.8593148555239178e-08	8.1491172030499448e-22	1.1895784096591394e-09
radial	radial_0S0	0	0.81466349999999998	0.79345703125	-1	1	flank	0.0032294014437366449	0	1	282	3924	1649420557165416.8	0	0	1	378.08505643712107	1037602634851940.5	1645689535070904.2	0.99999996444795014	0.9977379801177424	278	0.98581560283687941	279	5.2634849099394428e-21	0	0	2.2455877797441642e-12	0	0	6.6113426288042366e-12	0	0	0	2.2445404534167454e-12	-6.8575721010256419e-14	2.2445404534167454e-12	-6.8575721010256419e-14	2.2445404590027001e-12	-6.857572129613041e-14	0	0	0	1	3.1936981309685463e-21	3.0124475375808185e-08	5.8361355944189284e-15	5.5932650592162765e-21	2.4907799684648744e-09	3.0124474468340449e-08	5.5932650592162765e-21	2.4907799622622047e-09
radial	radial_0S0	0	0.81466349999999998	0.79345703125	-1	1	flank	0.0032294014437366449	0	0.10000000000000001	282	3924	1649420557165416.8	0	0	1	378.0850564371209	1037602634851940.5	1645689535070904.2	8.1793660609462027	0.9977379801177424	181	0.64184397163120566	280	4.8393462673137533e-21	4.5967795446486415e-08	8.905525618469311e-15	2.2455877823742682e-12	2.6305358596350599e-21	1.1714241960894319e-09	6.6113426288042366e-12	3.9788224681842469e-10	0	0	2.2445404560441666e-12	-6.8575721138226483e-14	2.2445404534167454e-12	-6.8575721010256419e-14	2.2445404590027001e-12	-6.857572129613041e-14	2.6305358596350599e-21	0	0	1	3.1936981309685463e-21	3.0124475375808185e-08	5.8361355944189284e-15	5.5932650592162765e-21	2.4907799684648744e-09	1.5844631067323723e-08	2.9627442940193488e-21	1.3193624909104684e-09
radial	radial_0S0	0	0.81466349999999998	0.79345703125	-1	1	flank	0.0032294014437366449	0	0.01	282	3924	1649420557165416.8	0	0	1	252.75659913549325	1037602634851940.5	1645689535070904.2	90.891549969991985	0.9977379801177424	144	0.51063829787234039	279	2.4939005085317692e-21	1.8950126030340867e-08	3.6712840195455168e-15	2.245587779787651e-12	4.3594117577539038e-23	1.9413232460013494e-11	6.6113426288042366e-12	6.5938372922329859e-12	0	0	2.2445404534603052e-12	-6.8575721008528612e-14	2.2445404534167454e-12	-6.8575721010256419e-14	2.2445404590027001e-12	-6.857572129613041e-14	4.3594117577539038e-23	0	0	1	3.1936981309685463e-21	3.0124475375808185e-08	5.8361355944189284e-15	5.5932650592162765e-21	2.4907799684648744e-09	1.1198489110731665e-08	5.5498518432846144e-21	2.4714472885563927e-09
radial	radial_0S0	0	0.81466349999999998	0.823974609375	0	1	resonance	0.0032294014437366449	0	1	282	3924	1649420493490390.8	0	0	1	378.07260108234033	1037602634851940.5	1645689471539912.5	0.99999987641633703	0.99773798011774251	279	0.98936170212765961	280	2.8690367067767483e-21	0	0	6.6113426288042366e-12	0	0	6.6113426288042366e-12	0	0	0	-6.6007226119573631e-12	-3.7458290863155423e-13	-6.6007226119573631e-12	-3.7458290863155423e-13	-6.6007225484998228e-12	-3.7458290089444055e-13	0	0	0	1	2.6316459359066582e-21	4.4003622590557545e-08	1.9977420615485795e-14	6.3927477316060871e-20	9.6693638350464884e-09	4.4003624526864949e-08	6.3927477316060871e-20	9.6693639283478326e-09
radial	radial_0S0	0	0.81466349999999998	0.823974609375	0	1	resonance	0.0032294014437366449	0	0.10000000000000001	282	3924	1649420493490390.8	0	0	1	378.07260108234073	1037602634851940.5	1645689471539912.5	8.1805080293939447	0.99773798011774251	180	0.63829787234042556	279	5.2242478080389437e-21	3.8003505378702268e-08	1.7253397950379803e-14	6.6113425222715551e-12	1.0675866024955666e-19	1.6147803289521179e-08	6.6113426288042366e-12	1.6147803289521179e-08	0	0	-6.600722505989158e-12	-3.7458289566424751e-13	-6.6007226119573631e-12	-3.7458290863155423e-13	-6.6007225484998228e-12	-3.7458290089444055e-13	1.0675866024955666e-19	0	0	1	2.6316459359066582e-21	4.4003622590557545e-08	1.9977420615485795e-14	6.3927477316060871e-20	9.6693638350464884e-09	6.7372145590777927e-09	4.2831198177771067e-20	6.4784418227622994e-09
radial	radial_0S0	0	0.81466349999999998	0.823974609375	0	1	resonance	0.0032294014437366449	0	0.01	282	3924	1649420493490390.8	0	0	1	252.7457495629728	1037602634851940.5	1645689471539912.5	90.90237987472787	0.99773798011774251	144	0.51063829787234039	279	6.419429681285189e-21	5.8331410484041127e-08	2.6482163370438144e-14	6.6113425873353784e-12	4.1555857237733471e-20	6.2855398019584243e-09	6.6113426288042366e-12	6.2855398019584243e-09	0	0	-6.6007225707073895e-12	-3.7458290359876726e-13	-6.6007226119573631e-12	-3.7458290863155423e-13	-6.6007225484998228e-12	-3.7458290089444055e-13	4.1555857237733471e-20	0	0	1	2.6316459359066582e-21	4.4003622590557545e-08	1.9977420615485795e-14	6.3927477316060871e-20	9.6693638350464884e-09	1.4386066899815493e-08	2.2371620458396178e-20	3.383824123226543e-09
radial	radial_0S0	0	0.81466349999999998	0.8544921875	1	1	flank	0.0032294014437366449	0	1	282	3924	1649420427412533.5	0	0	1	378.05967618600539	1037602634851940.5	1645689405611524.8	0.99999997905338167	0.99773798011774251	279	0.98936170212765961	280	6.9124169664356055e-21	0	0	1.8400413440944461e-12	0	0	6.6113426288042366e-12	0	0	0	-1.8399331447448994e-12	-1.995421875297474e-14	-1.8399331447448994e-12	-1.995421875297474e-14	-1.8399331356739802e-12	-1.9954218497847953e-14	0	0	0	1	3.8257077321387692e-21	1.1741760153580773e-07	1.235892749056471e-14	9.0745062550257272e-21	4.9316860646365721e-09	1.1741758774948641e-07	9.0745062550257272e-21	4.9316860889544703e-09
radial	radial_0S0	0	0.81466349999999998	0.8544921875	1	1	flank	0.0032294014437366449	0	0.10000000000000001	282	3924	1649420427412533.5	0	0	1	378.05967618600562	1037602634851940.5	1645689405611524.8	8.1816832509779935	0.99773798011774251	180	0.63829787234042556	279	6.5941090146538872e-21	1.1463273657960343e-08	1.2065803260342315e-15	1.8400413385041394e-12	5.5911541853379979e-21	3.0386024766685968e-09	6.6113426288042366e-12	8.45691185475475e-10	0	0	-1.8399331391559764e-12	-1.9954218595033771e-14	-1.8399331447448994e-12	-1.995421875297474e-14	-1.8399331356739802e-12	-1.9954218497847953e-14	5.5911541853379979e-21	0	0	1	3.8257077321387692e-21	1.1741760153580773e-07	1.235892749056471e-14	9.0745062550257272e-21	4.9316860646365721e-09	1.0595553124600613e-07	3.4833521999596853e-21	1.8930836681010616e-09
radial	radial_0S0	0	0.81466349999999998	0.8544921875	1	1	flank	0.0032294014437366449	0	0.01	282	3924	1649420427412533.5	0	0	1	252.73449143469418	1037602634851940.5	1645689405611524.8	90.913621037446674	0.99773798011774251	144	0.51063829787234039	279	4.4017379053265479e-21	2.9383549316393334e-08	3.092799977744319e-15	1.8400413389390207e-12	5.1562128519678452e-21	2.8022266285029659e-09	6.6113426288042366e-12	7.7990404392343921e-10	0	0	-1.8399331395907539e-12	-1.9954218606975326e-14	-1.8399331447448994e-12	-1.995421875297474e-14	-1.8399331356739802e-12	-1.9954218497847953e-14	5.1562128519678452e-21	0	0	1	3.8257077321387692e-21	1.1741760153580773e-07	1.235892749056471e-14	9.0745062550257272e-21	4.9316860646365721e-09	8.8034238648668693e-08	3.9182936434356268e-21	2.1294595772710087e-09
radial	radial_0S0	0	0.81466349999999998	0.885009765625	2	1	antiresonance	0.0032294014437366449	0	1	282	3924	1649420358931845.2	0	0	1	378.04628180052674	1037602634851940.5	1645689337285741.2	0.99999997309834054	0.99773798011774262	279	0.98936170212765961	280	4.2062240213014803e-21	0	0	1.2171972975617748e-12	0	0	6.6113426288042366e-12	0	0	0	-1.2171805881921797e-12	-6.3778460178344222e-15	-1.2171805881921797e-12	-6.3778460178344222e-15	-1.2171805875296452e-12	-6.377846007140365e-15	0	0	0	1	1.3939012236773743e-20	2.4436243431915377e-08	1.4632972340154052e-15	6.6262081362566785e-22	5.44382422597384e-10	2.4436242834785965e-08	6.6262081362566785e-22	5.4438242289371856e-10
radial	radial_0S0	0	0.81466349999999998	0.885009765625	2	1	antiresonance	0.0032294014437366449	0	0.10000000000000001	282	3924	1649420358931845.2	0	0	1	378.04628180052708	1037602634851940.5	1645689337285741.2	8.1828899754370017	0.99773798011774262	181	0.64184397163120566	280	5.6494021278840434e-21	4.3747408248393443e-08	2.619693229999843e-15	1.2171972972960766e-12	2.6571578478272563e-22	2.1830132659265135e-10	6.6113426288042366e-12	4.0190896116177303e-11	0	0	-1.2171805879265011e-12	-6.3778460133927732e-15	-1.2171805881921797e-12	-6.3778460178344222e-15	-1.2171805875296452e-12	-6.377846007140365e-15	2.6571578478272563e-22	0	0	1	1.3939012236773743e-20	2.4436243431915377e-08	1.4632972340154052e-15	6.6262081362566785e-22	5.44382422597384e-10	6.8183330593255089e-08	3.9690510264555589e-22	3.2608115681547311e-10
radial	radial_0S0	0	0.81466349999999998	0.885009765625	2	1	antiresonance	0.0032294014437366449	0	0.01	282	3924	1649420358931845.2	0	0	1	252.72282484633587	1037602634851940.5	1645689337285741.2	90.925273738731704	0.99773798011774262	145	0.51418439716312059	280	6.5874511731455272e-21	1.3874563251538871e-08	8.3084006286465627e-16	1.2171972976390457e-12	7.7271487723638476e-23	6.348312461621845e-11	6.6113426288042366e-12	1.1687714895758507e-11	0	0	-1.2171805882694482e-12	-6.3778460185157519e-15	-1.2171805881921797e-12	-6.3778460178344222e-15	-1.2171805875296452e-12	-6.377846007140365e-15	7.7271487723638476e-23	0	0	1	1.3939012236773743e-20	2.4436243431915377e-08	1.4632972340154052e-15	6.6262081362566785e-22	5.44382422597384e-10	2.2371583124013432e-08	7.398904462140244e-22	6.0786402344048346e-10
toroidal	toroidal_0T2	2	0.38305159999999999	0.335693359375	-1	0	flank	0.32294014437366447	1	1	81	561	3227698714391532.5	0	0	1	329252474257.43439	2030450873300136.8	3220397596749532	0.99715779684882211	0.99773798043496231	80	0.98765432098765427	4	8.9998598567716679e-17	0	0	3.9052902072736383e-15	0	0	4.0373610366474354e-15	0	1	0	2.2506793122807304e-15	-1.0481409810741232e-15	2.2506793122807304e-15	-1.0481409810741232e-15	2.2506793122824576e-15	-1.0481409810780935e-15	0	0	0	1	8.0577648704251798e-17	1.6641876342497346e-12	5.3090310748832981e-27	6.4980281732595729e-27	1.663904045122418e-12	1.6641876342476941e-12	6.4980281732595729e-27	1.6639040451203785e-12
toroidal	toroidal_0T2	2	0.38305159999999999	0.335693359375	-1	0	flank	0.32294014437366447	1	0.10000000000000001	81	561	3227698714391532.5	0	0	1	329252474257.50885	1823215586927195.2	2030450873300137.5	1.2057597779980755	0.62907075689773806	0	0	0	1.2347279969168138e-16	3.0382489783492489e-13	9.6925117741068613e-28	3.9052902072730451e-15	1.186671565099118e-27	3.0386258180990788e-13	4.0373610366474354e-15	2.9392257822067663e-13	1	0	2.2506793122807348e-15	-1.0481409810734882e-15	2.2506793122807304e-15	-1.0481409810741232e-15	2.2506793122824576e-15	-1.0481409810780935e-15	6.3504785029540271e-28	0	0	1	8.0577648704251798e-17	1.6641876342497346e-12	5.3090310748832981e-27	6.4980281732595729e-27	1.663904045122418e-12	1.9543576990027579e-12	7.6316652806249219e-27	1.9541864690110667e-12
toroidal	toroidal_0T2	2	0.38305159999999999	0.335693359375	-1	0	flank	0.32294014437366447	1	0.01	81	561	3227698714391532.5	0	0	1	329252474257.50885	1823215586927195.2	2030450873300137.5	1.2057597779980755	0.62907075689773806	0	0	0	1.2347279969168138e-16	3.0382489783492489e-13	9.6925117741068613e-28	3.9052902072730451e-15	1.186671565099118e-27	3.0386258180990788e-13	4.0373610366474354e-15	2.9392257822067663e-13	1	0	2.2506793122807348e-15	-1.0481409810734882e-15	2.2506793122807304e-15	-1.0481409810741232e-15	2.2506793122824576e-15	-1.0481409810780935e-15	6.3504785029540271e-28	0	0	1	8.0577648704251798e-17	1.6641876342497346e-12	5.3090310748832981e-27	6.4980281732595729e-27	1.663904045122418e-12	1.9543576990027579e-12	7.6316652806249219e-27	1.9541864690110667e-12
toroidal	toroidal_0T2	2	0.38305159999999999	0.3662109375	0	0	resonance	0.32294014437366447	1	1	81	561	3227999086100295.5	0	0	1	287645965549.86182	2030639932577925	3220697289011613.5	0.99790236317048886	0.99773798043496253	80	0.98765432098765427	4	9.3144959372445979e-17	0	0	4.0373610366474354e-15	0	0	4.0373610366474354e-15	0	1	0	1.8004859709386334e-15	-1.593375705276555e-15	1.8004859709386334e-15	-1.593375705276555e-15	1.8004859709401515e-15	-1.5933757052729116e-15	0	0	0	1	7.9574020023765749e-17	1.6822336814075734e-12	5.5480930802195794e-27	6.7907175775966379e-27	1.6819693646311971e-12	1.6822336814085722e-12	6.7907175775966379e-27	1.6819693646321947e-12
toroidal	toroidal_0T2	2	0.38305159999999999	0.3662109375	0	0	resonance	0.32294014437366447	1	0.10000000000000001	81	561	3227999086100295.5	0	0	1	287645965549.89398	1823253535880454.2	2030639932577925.8	1.2059501760101685	0.62907078918387049	0	0	0	9.5714017027936572e-17	4.0184677416082684e-13	1.3253112998931102e-27	4.0373610366459595e-15	1.6208775021184802e-27	4.0146954592508595e-13	4.0373610366474354e-15	4.0146954592508595e-13	1	0	1.8004859709380599e-15	-1.5933757052752476e-15	1.8004859709386334e-15	-1.593375705276555e-15	1.8004859709401515e-15	-1.5933757052729116e-15	1.4275999395325359e-27	0	0	1	7.9574020023765749e-17	1.6822336814075734e-12	5.5480930802195794e-27	6.7907175775966379e-27	1.6819693646311971e-12	1.481477157006074e-12	5.9800609875747501e-27	1.4811806358898363e-12
toroidal	toroidal_0T2	2	0.38305159999999999	0.3662109375	0	0	resonance	0.32294014437366447	1	0.01	81	561	3227999086100295.5	0	0	1	287645965549.89398	1823253535880454.2	2030639932577925.8	1.2059501760101685	0.62907078918387049	0	0	0	9.5714017027936572e-17	4.0184677416082684e-13	1.3253112998931102e-27	4.0373610366459595e-15	1.6208775021184802e-27	4.0146954592508595e-13	4.0373610366474354e-15	4.0146954592508595e-13	1	0	1.8004859709380599e-15	-1.5933757052752476e-15	1.8004859709386334e-15	-1.593375705276555e-15	1.8004859709401515e-15	-1.5933757052729116e-15	1.4275999395325359e-27	0	0	1	7.9574020023765749e-17	1.6822336814075734e-12	5.5480930802195794e-27	6.7907175775966379e-27	1.6819693646311971e-12	1.481477157006074e-12	5.9800609875747501e-27	1.4811806358898363e-12
toroidal	toroidal_0T2	2	0.38305159999999999	0.396728515625	1	0	flank	0.32294014437366447	1	1	81	561	3228275373595212	0	0	1	317127528294.21497	2030813850254352.8	3220972951538811	0.99876418245446663	0.99773798043496253	80	0.98765432098765427	4	1.0487388458281222e-16	0	0	3.2853175486734767e-15	0	0	4.0373610366474354e-15	0	1	0	9.5006602044523014e-16	-1.5276818299292897e-15	9.5006602044523014e-16	-1.5276818299292897e-15	9.5006602044440834e-16	-1.5276818299304933e-15	0	0	0	1	8.7471120925353751e-17	6.2214536727954902e-13	1.6696645599305397e-27	2.0436994516720959e-27	6.2207059786268973e-13	6.2214536727944835e-13	2.0436994516720959e-27	6.2207059786258886e-13
toroidal	toroidal_0T2	2	0.38305159999999999	0.396728515625	1	0	flank	0.32294014437366447	1	0.10000000000000001	81	561	3228275373595212	0	0	1	317127528294.00238	1823257313613559.5	2030813850254353.5	1.2061704785209755	0.62907082427504024	0	0	0	8.0330282240039901e-17	4.3343863946908043e-12	1.1632283599418892e-26	3.2853175486757305e-15	1.4239964925292463e-26	4.3344257333791612e-12	4.0373610366474354e-15	3.5270476918054172e-12	1	0	9.5006602045243776e-16	-1.5276818299263112e-15	9.5006602044523014e-16	-1.5276818299292897e-15	9.5006602044440834e-16	-1.5276818299304933e-15	7.7988182561069894e-27	0	0	1	8.7471120925353751e-17	6.2214536727954902e-13	1.6696645599305397e-27	2.0436994516720959e-27	6.2207059786268973e-13	4.8945816264025797e-12	1.6079841159135835e-26	4.8944556868257194e-12
toroidal	toroidal_0T2	2	0.38305159999999999	0.396728515625	1	0	flank	0.32294014437366447	1	0.01	81	561	3228275373595212	0	0	1	317127528294.00238	1823257313613559.5	2030813850254353.5	1.2061704785209755	0.62907082427504024	0	0	0	8.0330282240039901e-17	4.3343863946908043e-12	1.1632283599418892e-26	3.2853175486757305e-15	1.4239964925292463e-26	4.3344257333791612e-12	4.0373610366474354e-15	3.5270476918054172e-12	1	0	9.5006602045243776e-16	-1.5276818299263112e-15	9.5006602044523014e-16	-1.5276818299292897e-15	9.5006602044440834e-16	-1.5276818299304933e-15	7.7988182561069894e-27	0	0	1	8.7471120925353751e-17	6.2214536727954902e-13	1.6696645599305397e-27	2.0436994516720959e-27	6.2207059786268973e-13	4.8945816264025797e-12	1.6079841159135835e-26	4.8944556868257194e-12
toroidal	toroidal_0T2	2	0.38305159999999999	0.335693359375	-1	0	flank	0.32294014437366447	0	1	81	561	3255323833176609	0	0	1	339805979737.19598	2047829023421811	3247960226975430	0.9970657391355866	0.99773798043496231	80	0.98765432098765427	4	1.1882258180058685e-16	0	0	3.8303844975699374e-15	0	0	4.0529336958316411e-15	0	1	0	2.2551049829466292e-15	-9.6409651278253099e-16	2.2551049829466292e-15	-9.6409651278253099e-16	2.2551049829470173e-15	-9.6409651278441223e-16	0	0	0	1	8.5230468001520313e-17	9.0205373969368169e-13	2.8225031811117064e-27	3.4550223558933151e-27	9.0200405679514455e-13	9.0205373969316864e-13	3.4550223558933151e-27	9.020040567946319e-13
toroidal	toroidal_0T2	2	0.38305159999999999	0.335693359375	-1	0	flank	0.32294014437366447	0	0.10000000000000001	81	561	3255323833176609	0	0	1	339805979736.73712	1838836543598907.8	2047829023421811.8	1.2057362612595268	0.62907075558854619	0	0	0	8.4398378944190866e-17	1.7807234306692361e-12	5.5718382692485994e-27	3.8303844975748977e-15	6.8213328715014243e-27	1.780848078261855e-12	4.0529336958316411e-15	1.6830605638866051e-12	1	0	2.2551049829483023e-15	-9.6409651278646543e-16	2.2551049829466292e-15	-9.6409651278253099e-16	2.2551049829470173e-15	-9.6409651278441223e-16	4.2754366917958872e-27	0	0	1	8.5230468001520313e-17	9.0205373969368169e-13	2.8225031811117064e-27	3.4550223558933151e-27	9.0200405679514455e-13	8.9733580343360945e-13	3.4379838436455821e-27	8.975558056442492e-13
toroidal	toroidal_0T2	2	0.38305159999999999	0.335693359375	-1	0	flank	0.32294014437366447	0	0.01	81	561	3255323833176609	0	0	1	339805979736.73712	1838836543598907.8	2047829023421811.8	1.2057362612595268	0.62907075558854619	0	0	0	8.4398378944190866e-17	1.7807234306692361e-12	5.5718382692485994e-27	3.8303844975748977e-15	6.8213328715014243e-27	1.780848078261855e-12	4.0529336958316411e-15	1.6830605638866051e-12	1	0	2.2551049829483023e-15	-9.6409651278646543e-16	2.2551049829466292e-15	-9.6409651278253099e-16	2.2551049829470173e-15	-9.6409651278441223e-16	4.2754366917958872e-27	0	0	1	8.5230468001520313e-17	9.0205373969368169e-13	2.8225031811117064e-27	3.4550223558933151e-27	9.0200405679514455e-13	8.9733580343360945e-13	3.4379838436455821e-27	8.975558056442492e-13
toroidal	toroidal_0T2	2	0.38305159999999999	0.3662109375	0	0	resonance	0.32294014437366447	0	1	81	561	3255323667381260.5	0	0	1	290077412508.60449	2047829023421811	3247960061555114.5	0.99780426479754691	0.99773798043496253	80	0.98765432098765427	4	7.3993484534461597e-17	0	0	4.0529336958316411e-15	0	0	4.0529336958316411e-15	0	1	0	1.888904052605961e-15	-1.5353322979407094e-15	1.888904052605961e-15	-1.5353322979407094e-15	1.8889040526093117e-15	-1.5353322979288272e-15	0	0	0	1	1.2382720458174836e-16	5.1135843217689237e-12	1.6929913528129001e-26	2.0724564205434009e-26	5.1134723044565956e-12	5.113584321779408e-12	2.0724564205434009e-26	5.1134723044670759e-12
toroidal	toroidal_0T2	2	0.38305159999999999	0.3662109375	0	0	resonance	0.32294014437366447	0	0.10000000000000001	81	561	3255323667381260.5	0	0	1	290077412508.79791	1838704669458719.8	2047829023421811.8	1.2059251216653264	0.62907078762745094	0	0	0	6.0344906624914011e-17	1.5366585961032075e-12	5.0875267752080338e-27	4.0529336958298307e-15	6.2297485346381315e-27	1.537096089443876e-12	4.0529336958316411e-15	1.537096089443876e-12	1	0	1.8889040526075186e-15	-1.5353322979376496e-15	1.888904052605961e-15	-1.5353322979407094e-15	1.8889040526093117e-15	-1.5353322979288272e-15	3.4334351274355837e-27	0	0	1	1.2382720458174836e-16	5.1135843217689237e-12	1.6929913528129001e-26	2.0724564205434009e-26	5.1134723044565956e-12	3.599587898803892e-12	1.4586205727560236e-26	3.5989253272491833e-12
toroidal	toroidal_0T2	2	0.38305159999999999	0.3662109375	0	0	resonance	0.32294014437366447	0	0.01	81	561	3255323667381260.5	0	0	1	290077412508.79791	1838704669458719.8	2047829023421811.8	1.2059251216653264	0.62907078762745094	0	0	0	6.0344906624914011e-17	1.5366585961032075e-12	5.0875267752080338e-27	4.0529336958298307e-15	6.2297485346381315e-27	1.537096089443876e-12	4.0529336958316411e-15	1.537096089443876e-12	1	0	1.8889040526075186e-15	-1.5353322979376496e-15	1.888904052605961e-15	-1.5353322979407094e-15	1.8889040526093117e-15	-1.5353322979288272e-15	3.4334351274355837e-27	0	0	1	1.2382720458174836e-16	5.1135843217689237e-12	1.6929913528129001e-26	2.0724564205434009e-26	5.1134723044565956e-12	3.599587898803892e-12	1.4586205727560236e-26	3.5989253272491833e-12
toroidal	toroidal_0T2	2	0.38305159999999999	0.396728515625	1	0	flank	0.32294014437366447	0	1	81	561	3255323487168925.5	0	0	1	308246991801.05127	2047829023421811	3247959881750423	0.99865742906151667	0.99773798043496242	80	0.98765432098765427	4	9.865512697077771e-17	0	0	3.4128281160541669e-15	0	0	4.0529336958316411e-15	0	1	0	1.0233139029592353e-15	-1.5822708892637267e-15	1.0233139029592353e-15	-1.5822708892637267e-15	1.0233139029578696e-15	-1.5822708892645337e-15	0	0	0	1	9.2954404480143937e-17	8.2826969647592836e-13	2.3091182996554385e-27	2.8268370318205385e-27	8.2829751036183515e-13	8.2826969647597955e-13	2.8268370318205385e-27	8.2829751036188684e-13
toroidal	toroidal_0T2	2	0.38305159999999999	0.396728515625	1	0	flank	0.32294014437366447	0	0.10000000000000001	81	561	3255323487168925.5	0	0	1	308246991800.81329	1838552531406932.2	2047829023421811.8	1.2061432217521364	0.62907082245235113	0	0	0	1.0082349202256412e-16	5.3662050675497013e-12	1.4960347304632898e-26	3.4128281160581696e-15	1.8313734541815347e-26	5.3661461752692262e-12	4.0529336958316411e-15	4.5186366015932224e-12	1	0	1.0233139029685186e-15	-1.582270889261144e-15	1.0233139029592353e-15	-1.5822708892637267e-15	1.0233139029578696e-15	-1.5822708892645337e-15	9.6358931720507567e-27	0	0	1	9.2954404480143937e-17	8.2826969647592836e-13	2.3091182996554385e-27	2.8268370318205385e-27	8.2829751036183515e-13	6.1807008521566697e-12	2.1093812636719855e-26	6.1807427504170208e-12
toroidal	toroidal_0T2	2	0.38305159999999999	0.396728515625	1	0	flank	0.32294014437366447	0	0.01	81	561	3255323487168925.5	0	0	1	308246991800.81329	1838552531406932.2	2047829023421811.8	1.2061432217521364	0.62907082245235113	0	0	0	1.0082349202256412e-16	5.3662050675497013e-12	1.4960347304632898e-26	3.4128281160581696e-15	1.8313734541815347e-26	5.3661461752692262e-12	4.0529336958316411e-15	4.5186366015932224e-12	1	0	1.0233139029685186e-15	-1.582270889261144e-15	1.0233139029592353e-15	-1.5822708892637267e-15	1.0233139029578696e-15	-1.5822708892645337e-15	9.6358931720507567e-27	0	0	1	9.2954404480143937e-17	8.2826969647592836e-13	2.3091182996554385e-27	2.8268370318205385e-27	8.2829751036183515e-13	6.1807008521566697e-12	2.1093812636719855e-26	6.1807427504170208e-12
toroidal	toroidal_0T2	2	0.38305159999999999	0.335693359375	-1	0	flank	0.032294014437366445	1	1	81	561	3227698690556081	0	0	1	204667002727.19235	2030450873300136.8	3220397572967997	0.99733309472328602	0.99773798043496242	80	0.98765432098765427	4	1.1874784239879985e-16	0	0	5.8679441001971652e-15	0	0	1.4347261313454465e-14	0	1	0	3.5639385903606036e-15	-3.15907263458097e-16	3.5639385903606036e-15	-3.15907263458097e-16	3.5639385903970309e-15	-3.1590726346624638e-16	0	0	0	1	1.2791821767927526e-16	1.0423491910765049e-11	4.9964194393910892e-26	6.1166620771989029e-26	1.042385880430146e-11	1.0423491910657342e-11	6.1166620771989029e-26	1.0423858804193745e-11
toroidal	toroidal_0T2	2	0.38305159999999999	0.335693359375	-1	0	flank	0.032294014437366445	1	0.10000000000000001	81	561	3227698690556081	0	0	1	204667002725.08563	1823184647020103.5	2030450873300137.5	1.2058046989478524	0.62907076154321062	0	0	0	7.9173811064135624e-17	1.0700468645494092e-11	5.1291860739802161e-26	5.8679441002594348e-15	6.2789746965670271e-26	1.0700467811811723e-11	1.4347261313454465e-14	4.3764273608641799e-12	1	0	3.5639385903986607e-15	-3.159072634664393e-16	3.5639385903606036e-15	-3.15907263458097e-16	3.5639385903970309e-15	-3.1590726346624638e-16	3.8960627951208377e-26	0	0	1	1.2791821767927526e-16	1.0423491910765049e-11	4.9964194393910892e-26	6.1166620771989029e-26	1.042385880430146e-11	2.837825234030397e-13	1.6618789814957577e-27	2.8321315832281785e-13
toroidal	toroidal_0T2	2	0.38305159999999999	0.335693359375	-1	0	flank	0.032294014437366445	1	0.01	81	561	3227698690556081	0	0	1	204667002725.08563	1823184647020103.5	2030450873300137.5	1.2058046989478524	0.62907076154321062	0	0	0	7.9173811064135624e-17	1.0700468645494092e-11	5.1291860739802161e-26	5.8679441002594348e-15	6.2789746965670271e-26	1.0700467811811723e-11	1.4347261313454465e-14	4.3764273608641799e-12	1	0	3.5639385903986607e-15	-3.159072634664393e-16	3.5639385903606036e-15	-3.15907263458097e-16	3.5639385903970309e-15	-3.1590726346624638e-16	3.8960627951208377e-26	0	0	1	1.2791821767927526e-16	1.0423491910765049e-11	4.9964194393910892e-26	6.1166620771989029e-26	1.042385880430146e-11	2.837825234030397e-13	1.6618789814957577e-27	2.8321315832281785e-13
toroidal	toroidal_0T2	2	0.38305159999999999	0.3662109375	0	0	resonance	0.032294014437366445	1	1	81	561	3227999062225391	0	0	1	72422148333.620255	2030639932577925	3220697265190714	0.99810812273918037	0.99773798043496231	80	0.98765432098765427	4	6.9777831324067536e-17	0	0	1.4347261313454465e-14	0	0	1.4347261313454465e-14	0	1	0	7.3093688491044623e-15	-2.8784351081109763e-15	7.3093688491044623e-15	-2.8784351081109763e-15	7.3093688490863169e-15	-2.8784351080916607e-15	0	0	0	1	1.073241912296218e-16	3.4103652886367096e-12	3.996959596765657e-26	4.8923154754220042e-26	3.4099298594597462e-12	3.4103652886472477e-12	4.8923154754220042e-26	3.4099298594702803e-12
toroidal	toroidal_0T2	2	0.38305159999999999	0.3662109375	0	0	resonance	0.032294014437366445	1	0.10000000000000001	81	561	3227999062225391	0	0	1	72422148333.960205	1823217284346896	2030639932577925.8	1.2060029027943908	0.62907079383659958	0	0	0	8.6172606086443757e-17	5.0142548014143548e-12	5.8767235040540362e-26	1.4347261313389646e-14	7.1936070391664865e-26	5.013923481285254e-12	1.4347261313454465e-14	5.013923481285254e-12	1	0	7.3093688490787407e-15	-2.8784351080825876e-15	7.3093688491044623e-15	-2.8784351081109763e-15	7.3093688490863169e-15	-2.8784351080916607e-15	3.8308237356738953e-26	0	0	1	1.073241912296218e-16	3.4103652886367096e-12	3.996959596765657e-26	4.8923154754220042e-26	3.4099298594597462e-12	1.6049040797748426e-12	2.3027375324287847e-26	1.6050014578576433e-12
toroidal	toroidal_0T2	2	0.38305159999999999	0.3662109375	0	0	resonance	0.032294014437366445	1	0.01	81	561	3227999062225391	0	0	1	72422148333.960205	1823217284346896	2030639932577925.8	1.2060029027943908	0.62907079383659958	0	0	0	8.6172606086443757e-17	5.0142548014143548e-12	5.8767235040540362e-26	1.4347261313389646e-14	7.1936070391664865e-26	5.013923481285254e-12	1.4347261313454465e-14	5.013923481285254e-12	1	0	7.3093688490787407e-15	-2.8784351080825876e-15	7.3093688491044623e-15	-2.8784351081109763e-15	7.3093688490863169e-15	-2.8784351080916607e-15	3.8308237356738953e-26	0	0	1	1.073241912296218e-16	3.4103652886367096e-12	3.996959596765657e-26	4.8923154754220042e-26	3.4099298594597462e-12	1.6049040797748426e-12	2.3027375324287847e-26	1.6050014578576433e-12
toroidal	toroidal_0T2	2	0.38305159999999999	0.396728515625	1	0	flank	0.032294014437366445	1	1	81	561	3228275349680856.5	0	0	1	101308878416.68236	2030813850254352.8	3220972927678550.5	0.99920954617021573	0.99773798043496265	80	0.98765432098765427	4	7.6751104320872248e-17	0	0	8.3945276906433744e-15	0	0	1.4347261313454465e-14	0	1	1	-4.3608541478312706e-15	-1.6346311572163344e-15	-4.3608541478312706e-15	-1.6346311572163344e-15	-4.3608541478571902e-15	-1.6346311572390581e-15	0	0	0	1	6.6294544198109414e-17	6.0828455940601674e-12	4.6978386261471166e-26	5.751443432410288e-26	6.8514199301777337e-12	6.0828455940271788e-12	5.751443432410288e-26	6.851419930134646e-12
toroidal	toroidal_0T2	2	0.38305159999999999	0.396728515625	1	0	flank	0.032294014437366445	1	0.10000000000000001	81	561	3228275349680856.5	0	0	1	101308878415.39787	1823214058644379.2	2030813850254353.5	1.2063010133679917	0.62907082893505895	0	0	0	8.2094122431226222e-17	1.1523181377215425e-11	8.8994609073824032e-26	8.3945276907441072e-15	1.0894811548580002e-25	1.2978468771654026e-11	1.4347261313454465e-14	7.5936524125082664e-12	1	1	-4.3608541478785754e-15	-1.6346311572581562e-15	-4.3608541478312706e-15	-1.6346311572163344e-15	-4.3608541478571902e-15	-1.6346311572390581e-15	6.3141229095152237e-26	0	0	1	6.6294544198109414e-17	6.0828455940601674e-12	4.6978386261471166e-26	5.751443432410288e-26	6.8514199301777337e-12	5.4456968812918866e-12	5.1484304672541945e-26	6.1330793785579021e-12
toroidal	toroidal_0T2	2	0.38305159999999999	0.396728515625	1	0	flank	0.032294014437366445	1	0.01	81	561	3228275349680856.5	0	0	1	101308878415.39787	1823214058644379.2	2030813850254353.5	1.2063010133679917	0.62907082893505895	0	0	0	8.2094122431226222e-17	1.1523181377215425e-11	8.8994609073824032e-26	8.3945276907441072e-15	1.0894811548580002e-25	1.2978468771654026e-11	1.4347261313454465e-14	7.5936524125082664e-12	1	1	-4.3608541478785754e-15	-1.6346311572581562e-15	-4.3608541478312706e-15	-1.6346311572163344e-15	-4.3608541478571902e-15	-1.6346311572390581e-15	6.3141229095152237e-26	0	0	1	6.6294544198109414e-17	6.0828455940601674e-12	4.6978386261471166e-26	5.751443432410288e-26	6.8514199301777337e-12	5.4456968812918866e-12	5.1484304672541945e-26	6.1330793785579021e-12
toroidal	toroidal_0T2	2	0.38305159999999999	0.335693359375	-1	0	flank	0.032294014437366445	0	1	81	561	3255323809775572	0	0	1	223421878355.16672	2047829023421811	3247960203627327	0.99723398755357096	0.99773798043496242	80	0.98765432098765427	4	1.4944076306734771e-16	0	0	5.4675992194908906e-15	0	0	1.1872049719076415e-14	0	1	0	3.3630642446975995e-15	-2.255727679919895e-16	3.3630642446975995e-15	-2.255727679919895e-16	3.3630642446682239e-15	-2.2557276798674392e-16	0	0	0	1	1.3343233916139669e-16	9.1180244912551097e-12	4.072462629355893e-26	4.9858997094377958e-26	9.1189926497612825e-12	9.1180244913377648e-12	4.9858997094377958e-26	9.1189926498439553e-12
toroidal	toroidal_0T2	2	0.38305159999999999	0.335693359375	-1	0	flank	0.032294014437366445	0	0.10000000000000001	81	561	3255323809775572	0	0	1	223421878355.29126	1838806587820962.5	2047829023421811.8	1.2057793767108234	0.62907076011064866	0	0	0	6.3859849507342492e-17	6.4630398624902469e-13	2.8866437392521114e-27	5.4675992194873785e-15	3.525004762255516e-27	6.447079642724331e-13	1.1872049719076415e-14	2.9691627357249168e-13	1	0	3.3630642446952779e-15	-2.2557276799163811e-16	3.3630642446975995e-15	-2.255727679919895e-16	3.3630642446682239e-15	-2.2557276798674392e-16	2.3480592354209426e-27	0	0	1	1.3343233916139669e-16	9.1180244912551097e-12	4.072462629355893e-26	4.9858997094377958e-26	9.1189926497612825e-12	8.4738045385290631e-12	4.6335052530428975e-26	8.4744785912021325e-12
toroidal	toroidal_0T2	2	0.38305159999999999	0.335693359375	-1	0	flank	0.032294014437366445	0	0.01	81	561	3255323809775572	0	0	1	223421878355.29126	1838806587820962.5	2047829023421811.8	1.2057793767108234	0.62907076011064866	0	0	0	6.3859849507342492e-17	6.4630398624902469e-13	2.8866437392521114e-27	5.4675992194873785e-15	3.525004762255516e-27	6.447079642724331e-13	1.1872049719076415e-14	2.9691627357249168e-13	1	0	3.3630642446952779e-15	-2.2557276799163811e-16	3.3630642446975995e-15	-2.255727679919895e-16	3.3630642446682239e-15	-2.2557276798674392e-16	2.3480592354209426e-27	0	0	1	1.3343233916139669e-16	9.1180244912551097e-12	4.072462629355893e-26	4.9858997094377958e-26	9.1189926497612825e-12	8.4738045385290631e-12	4.6335052530428975e-26	8.4744785912021325e-12
toroidal	toroidal_0T2	2	0.38305159999999999	0.3662109375	0	0	resonance	0.032294014437366445	0	1	81	561	3255323643980221.5	0	0	1	89411475886.965881	2047829023421811	3247960038207009	0.99800021416291873	0.99773798043496242	80	0.98765432098765427	4	1.3790565694547405e-16	0	0	1.1872049719076415e-14	0	0	1.1872049719076415e-14	0	1	0	6.4105127517995972e-15	-1.6369731674641998e-15	6.4105127517995972e-15	-1.6369731674641998e-15	6.4105127518026864e-15	-1.63697316746233e-15	0	0	0	1	1.353033820134941e-16	9.2703341810151372e-13	8.9904398298430418e-27	1.1005597394176621e-26	9.2701746156709998e-13	9.2703341810185663e-13	1.1005597394176621e-26	9.2701746156744269e-13
toroidal	toroidal_0T2	2	0.38305159999999999	0.3662109375	0	0	resonance	0.032294014437366445	0	0.10000000000000001	81	561	3255323643980221.5	0	0	1	89411475886.368713	1838669847624225.8	2047829023421811.8	1.2059753365175494	0.6290707921495543	0	0	0	6.3585940490160282e-17	7.7478666721937844e-12	7.5139393862041753e-26	1.1872049719164913e-14	9.1984320240590062e-26	7.7479729631511332e-12	1.1872049719076415e-14	7.7479729631511332e-12	1	0	6.4105127518478093e-15	-1.6369731674911459e-15	6.4105127517995972e-15	-1.6369731674641998e-15	6.4105127518026864e-15	-1.63697316746233e-15	5.5231258423106982e-26	0	0	1	1.353033820134941e-16	9.2703341810151372e-13	8.9904398298430418e-27	1.1005597394176621e-26	9.2701746156709998e-13	8.2275270339890703e-12	9.7675511598376328e-26	8.2273502815157597e-12
toroidal	toroidal_0T2	2	0.38305159999999999	0.3662109375	0	0	resonance	0.032294014437366445	0	0.01	81	561	3255323643980221.5	0	0	1	89411475886.368713	1838669847624225.8	2047829023421811.8	1.2059753365175494	0.6290707921495543	0	0	0	6.3585940490160282e-17	7.7478666721937844e-12	7.5139393862041753e-26	1.1872049719164913e-14	9.1984320240590062e-26	7.7479729631511332e-12	1.1872049719076415e-14	7.7479729631511332e-12	1	0	6.4105127518478093e-15	-1.6369731674911459e-15	6.4105127517995972e-15	-1.6369731674641998e-15	6.4105127518026864e-15	-1.63697316746233e-15	5.5231258423106982e-26	0	0	1	1.353033820134941e-16	9.2703341810151372e-13	8.9904398298430418e-27	1.1005597394176621e-26	9.2701746156709998e-13	8.2275270339890703e-12	9.7675511598376328e-26	8.2273502815157597e-12
toroidal	toroidal_0T2	2	0.38305159999999999	0.396728515625	1	0	flank	0.032294014437366445	0	1	81	561	3255323463767883.5	0	0	1	80344029299.914856	2047829023421811	3247959858402315	0.9989553568775128	0.99773798043496253	80	0.98765432098765427	4	7.5546165066863693e-17	0	0	1.0894345056835682e-14	0	0	1.1872049719076415e-14	0	1	1	-5.4119375395983749e-15	-2.2722239088958903e-15	-5.4119375395983749e-15	-2.2722239088958903e-15	-5.4119375396365771e-15	-2.2722239089350912e-15	0	0	0	1	7.629052295035154e-17	8.5118669524832188e-12	8.284022653861099e-26	1.0141197852287989e-25	9.3086806039109897e-12	8.5118669524182819e-12	1.0141197852287989e-25	9.3086806038312524e-12
toroidal	toroidal_0T2	2	0.38305159999999999	0.396728515625	1	0	flank	0.032294014437366445	0	0.10000000000000001	81	561	3255323463767883.5	0	0	1	80344029299.798187	1838511344928275.8	2047829023421811.8	1.2062361038223508	0.6290708269744556	0	0	0	7.0172229195425732e-17	2.033358190410384e-12	1.9789295822885855e-26	1.0894345056859155e-14	2.4226062790560536e-26	2.2237282428795328e-12	1.1872049719076415e-14	2.0405964735502472e-12	1	1	-5.4119375396049509e-15	-2.2722239089022205e-15	-5.4119375395983749e-15	-2.2722239088958903e-15	-5.4119375396365771e-15	-2.2722239089350912e-15	9.1276864351633987e-27	0	0	1	7.629052295035154e-17	8.5118669524832188e-12	8.284022653861099e-26	1.0141197852287989e-25	9.3086806039109897e-12	6.5446862964443738e-12	7.7974727483110938e-26	7.1573579756882758e-12
toroidal	toroidal_0T2	2	0.38305159999999999	0.396728515625	1	0	flank	0.032294014437366445	0	0.01	81	561	3255323463767883.5	0	0	1	80344029299.798187	1838511344928275.8	2047829023421811.8	1.2062361038223508	0.6290708269744556	0	0	0	7.0172229195425732e-17	2.033358190410384e-12	1.9789295822885855e-26	1.0894345056859155e-14	2.4226062790560536e-26	2.2237282428795328e-12	1.1872049719076415e-14	2.0405964735502472e-12	1	1	-5.4119375396049509e-15	-2.2722239089022205e-15	-5.4119375395983749e-15	-2.2722239088958903e-15	-5.4119375396365771e-15	-2.2722239089350912e-15	9.1276864351633987e-27	0	0	1	7.629052295035154e-17	8.5118669524832188e-12	8.284022653861099e-26	1.0141197852287989e-25	9.3086806039109897e-12	6.5446862964443738e-12	7.7974727483110938e-26	7.1573579756882758e-12
toroidal	toroidal_0T2	2	0.38305159999999999	0.335693359375	-1	0	flank	0.0032294014437366449	1	1	81	561	3227698690278626.5	0	0	1	202656169835.78384	2030450873300136.8	3220397572691170	0.99733511636479444	0.99773798043496242	80	0.98765432098765427	4	6.5351465790868001e-17	0	0	5.9207855181153676e-15	0	0	1.5846312458344315e-14	0	1	0	3.6072397074359661e-15	-7.4668367629481249e-17	3.6072397074359661e-15	-7.4668367629481249e-17	3.6072397074119287e-15	-7.4668367628211109e-17	0	0	0	1	9.4249668497497766e-17	6.965352117296139e-12	3.3688532486892867e-26	4.1239091320854126e-26	6.9651385267508985e-12	6.9653521173446309e-12	4.1239091320854126e-26	6.9651385267993879e-12
toroidal	toroidal_0T2	2	0.38305159999999999	0.335693359375	-1	0	flank	0.0032294014437366449	1	0.10000000000000001	81	561	3227698690278626.5	0	0	1	202656169837.03326	1823184290434076.2	2030450873300137.5	1.2058052171275884	0.62907076159728581	0	0	0	5.8870522796614782e-17	5.4957577954088802e-12	2.6580711486355888e-26	5.9207855180828453e-15	3.2539819292683414e-26	5.4958618570329653e-12	1.5846312458344315e-14	2.0534631876167931e-12	1	0	3.6072397074177805e-15	-7.4668367628473972e-17	3.6072397074359661e-15	-7.4668367629481249e-17	3.6072397074119287e-15	-7.4668367628211109e-17	1.8213484945409385e-26	0	0	1	9.4249668497497766e-17	6.965352117296139e-12	3.3688532486892867e-26	4.1239091320854126e-26	6.9651385267508985e-12	1.4696369122293258e-12	8.6995239468061671e-27	1.4693192179060486e-12
toroidal	toroidal_0T2	2	0.38305159999999999	0.335693359375	-1	0	flank	0.0032294014437366449	1	0.01	81	561	3227698690278626.5	0	0	1	202656169837.03326	1823184290434076.2	2030450873300137.5	1.2058052171275884	0.62907076159728581	0	0	0	5.8870522796614782e-17	5.4957577954088802e-12	2.6580711486355888e-26	5.9207855180828453e-15	3.2539819292683414e-26	5.4958618570329653e-12	1.5846312458344315e-14	2.0534631876167931e-12	1	0	3.6072397074177805e-15	-7.4668367628473972e-17	3.6072397074359661e-15	-7.4668367629481249e-17	3.6072397074119287e-15	-7.4668367628211109e-17	1.8213484945409385e-26	0	0	1	9.4249668497497766e-17	6.965352117296139e-12	3.3688532486892867e-26	4.1239091320854126e-26	6.9651385267508985e-12	1.4696369122293258e-12	8.6995239468061671e-27	1.4693192179060486e-12
toroidal	toroidal_0T2	2	0.38305159999999999	0.3662109375	0	0	resonance	0.0032294014437366449	1	1	81	561	3227999061943991	0	0	1	65466020855.394562	2030639932577925	3220697264909950.5	0.99811055883206967	0.99773798043496231	80	0.98765432098765427	4	1.229776239233184e-16	0	0	1.5846312458344315e-14	0	0	1.5846312458344315e-14	0	1	0	8.6316259710984314e-15	-7.5902151827319756e-16	8.6316259710984314e-15	-7.5902151827319756e-16	8.6316259712445347e-15	-7.5902151830099948e-16	0	0	0	1	7.2182598285379462e-17	1.717830439140874e-11	2.2236598769396611e-25	2.7221851304734797e-25	1.7178666252034163e-11	1.7178304391115126e-11	2.7221851304734797e-25	1.7178666251740536e-11
toroidal	toroidal_0T2	2	0.38305159999999999	0.3662109375	0	0	resonance	0.0032294014437366449	1	0.10000000000000001	81	561	3227999061943991	0	0	1	65466020853.777512	1823216855379858.2	2030639932577925.8	1.206003527153207	0.62907079389143872	0	0	0	7.5978136750905851e-17	2.4537191402127429e-11	3.1762371169175154e-25	1.5846312458731191e-14	3.8881818324751272e-25	2.453682421507281e-11	1.5846312458344315e-14	2.453682421507281e-11	1	0	8.6316259713051413e-15	-7.5902151831267936e-16	8.6316259710984314e-15	-7.5902151827319756e-16	8.6316259712445347e-15	-7.5902151830099948e-16	2.1044671143396939e-25	0	0	1	7.2182598285379462e-17	1.717830439140874e-11	2.2236598769396611e-25	2.7221851304734797e-25	1.7178666252034163e-11	7.3589143963135334e-12	1.1660010198939775e-25	7.3581852114752265e-12
toroidal	toroidal_0T2	2	0.38305159999999999	0.3662109375	0	0	resonance	0.0032294014437366449	1	0.01	81	561	3227999061943991	0	0	1	65466020853.777512	1823216855379858.2	2030639932577925.8	1.206003527153207	0.62907079389143872	0	0	0	7.5978136750905851e-17	2.4537191402127429e-11	3.1762371169175154e-25	1.5846312458731191e-14	3.8881818324751272e-25	2.453682421507281e-11	1.5846312458344315e-14	2.453682421507281e-11	1	0	8.6316259713051413e-15	-7.5902151831267936e-16	8.6316259710984314e-15	-7.5902151827319756e-16	8.6316259712445347e-15	-7.5902151830099948e-16	2.1044671143396939e-25	0	0	1	7.2182598285379462e-17	1.717830439140874e-11	2.2236598769396611e-25	2.7221851304734797e-25	1.7178666252034163e-11	7.3589143963135334e-12	1.1660010198939775e-25	7.3581852114752265e-12
toroidal	toroidal_0T2	2	0.38305159999999999	0.396728515625	1	0	flank	0.0032294014437366449	1	1	81	561	3228275349395512	0	0	1	95618759184.997086	2030813850254352.8	3220972927393851.5	0.99921599609307843	0.99773798043496265	80	0.98765432098765427	4	4.5721040772029687e-17	0	0	8.8628691198069884e-15	0	0	1.5846312458344315e-14	0	1	1	-4.919835855960195e-15	-3.7819844936685264e-16	-4.919835855960195e-15	-3.7819844936685264e-16	-4.9198358560111018e-15	-3.7819844937490533e-16	0	0	0	1	1.1870562531044155e-16	9.2584527932496141e-12	7.5760190950392678e-26	9.2742239905728769e-26	1.0464132850440701e-11	9.2584527931647344e-12	9.2742239905728769e-26	1.0464132850331554e-11
toroidal	toroidal_0T2	2	0.38305159999999999	0.396728515625	1	0	flank	0.0032294014437366449	1	0.10000000000000001	81	561	3228275349395512	0	0	1	95618759183.501358	1823213532278035.2	2030813850254353.5	1.2063026718737051	0.62907082899066191	0	0	0	4.5622378384822259e-17	1.4195679758200511e-11	1.1616059758235455e-25	8.8628691199488003e-15	1.4219306055240253e-25	1.6043682765733898e-11	1.5846312458344315e-14	8.9732586635654047e-12	1	1	-4.9198358560365978e-15	-3.7819844937858897e-16	-4.919835855960195e-15	-3.7819844936685264e-16	-4.9198358560111018e-15	-3.7819844937490533e-16	7.7298916976273244e-26	0	0	1	1.1870562531044155e-16	9.2584527932496141e-12	7.5760190950392678e-26	9.2742239905728769e-26	1.0464132850440701e-11	4.9379724305538639e-12	4.945827980064969e-26	5.5803915336629607e-12
toroidal	toroidal_0T2	2	0.38305159999999999	0.396728515625	1	0	flank	0.0032294014437366449	1	0.01	81	561	3228275349395512	0	0	1	95618759183.501358	1823213532278035.2	2030813850254353.5	1.2063026718737051	0.62907082899066191	0	0	0	4.5622378384822259e-17	1.4195679758200511e-11	1.1616059758235455e-25	8.8628691199488003e-15	1.4219306055240253e-25	1.6043682765733898e-11	1.5846312458344315e-14	8.9732586635654047e-12	1	1	-4.9198358560365978e-15	-3.7819844937858897e-16	-4.919835855960195e-15	-3.7819844936685264e-16	-4.9198358560111018e-15	-3.7819844937490533e-16	7.7298916976273244e-26	0	0	1	1.1870562531044155e-16	9.2584527932496141e-12	7.5760190950392678e-26	9.2742239905728769e-26	1.0464132850440701e-11	4.9379724305538639e-12	4.945827980064969e-26	5.5803915336629607e-12
toroidal	toroidal_0T2	2	0.38305159999999999	0.335693359375	-1	0	flank	0.0032294014437366449	0	1	81	561	3255323809541562	0	0	1	221939316317.28302	2047829023421811	3247960203393846.5	0.99723568739187418	0.99773798043496242	80	0.98765432098765427	4	1.0117264494684473e-16	0	0	5.5002906364713005e-15	0	0	1.2472688851185424e-14	0	1	0	3.389212908489499e-15	-2.2862279783098155e-17	3.389212908489499e-15	-2.2862279783098155e-17	3.3892129085128059e-15	-2.2862279783509965e-17	0	0	0	1	7.8230659302546043e-17	7.0559338915228726e-12	3.1702960688877304e-26	3.8805573403292599e-26	7.0551859834425463e-12	7.0559338914730891e-12	3.8805573403292599e-26	7.0551859833927725e-12
toroidal	toroidal_0T2	2	0.38305159999999999	0.335693359375	-1	0	flank	0.0032294014437366449	0	0.10000000000000001	81	561	3255323809541562	0	0	1	221939316317.28302	1838806285236161.5	2047829023421811.8	1.2057798123115919	0.6290707601558696	0	0	0	1.0934080303321159e-16	3.4481481723557642e-13	1.5492847245770508e-27	5.5002906364731654e-15	1.8973999437223924e-27	3.4496357904091868e-13	1.2472688851185424e-14	1.5212437080413984e-13	1	0	3.38921290849138e-15	-2.2862279783115907e-17	3.389212908489499e-15	-2.2862279783098155e-17	3.3892129085128059e-15	-2.2862279783509965e-17	1.8811225967144351e-27	0	0	1	7.8230659302546043e-17	7.0559338915228726e-12	3.1702960688877304e-26	3.8805573403292599e-26	7.0551859834425463e-12	6.7166448625497022e-12	3.6940727023449047e-26	6.7161409213982333e-12
toroidal	toroidal_0T2	2	0.38305159999999999	0.335693359375	-1	0	flank	0.0032294014437366449	0	0.01	81	561	3255323809541562	0	0	1	221939316317.28302	1838806285236161.5	2047829023421811.8	1.2057798123115919	0.6290707601558696	0	0	0	1.0934080303321159e-16	3.4481481723557642e-13	1.5492847245770508e-27	5.5002906364731654e-15	1.8973999437223924e-27	3.4496357904091868e-13	1.2472688851185424e-14	1.5212437080413984e-13	1	0	3.38921290849138e-15	-2.2862279783115907e-17	3.389212908489499e-15	-2.2862279783098155e-17	3.3892129085128059e-15	-2.2862279783509965e-17	1.8811225967144351e-27	0	0	1	7.8230659302546043e-17	7.0559338915228726e-12	3.1702960688877304e-26	3.8805573403292599e-26	7.0551859834425463e-12	6.7166448625497022e-12	3.6940727023449047e-26	6.7161409213982333e-12
toroidal	toroidal_0T2	2	0.38305159999999999	0.3662109375	0	0	resonance	0.0032294014437366449	0	1	81	561	3255323643746211.5	0	0	1	85004144826.962509	2047829023421811	3247960037973528	0.99800219744438334	0.99773798043496242	80	0.98765432098765427	4	5.4485790873520366e-17	0	0	1.2472688851185424e-14	0	0	1.2472688851185424e-14	0	1	0	6.9419452844493412e-15	-1.8113583423979319e-16	6.9419452844493412e-15	-1.8113583423979319e-16	6.9419452844158824e-15	-1.8113583423764586e-16	0	0	0	1	7.2664905381292737e-17	5.2979380144094903e-12	5.39792446939848e-26	6.6076689764091428e-26	5.2977101050517585e-12	5.2979380144375409e-12	6.6076689764091428e-26	5.2977101050798067e-12
toroidal	toroidal_0T2	2	0.38305159999999999	0.3662109375	0	0	resonance	0.0032294014437366449	0	0.10000000000000001	81	561	3255323643746211.5	0	0	1	85004144826.587677	1838669495266402	2047829023421811.8	1.2059758447629119	0.62907079219477535	0	0	0	7.2676725617996804e-17	4.9703385124149284e-12	5.0641422765586294e-26	1.2472688851247399e-14	6.1998489805238984e-26	4.9707397133815735e-12	1.2472688851185424e-14	4.9707397133815735e-12	1	0	6.9419452844868578e-15	-1.8113583424175233e-16	6.9419452844493412e-15	-1.8113583423979319e-16	6.9419452844158824e-15	-1.8113583423764586e-16	3.756776558436864e-26	0	0	1	7.2664905381292737e-17	5.2979380144094903e-12	5.39792446939848e-26	6.6076689764091428e-26	5.2977101050517585e-12	1.0268174019282258e-11	1.2807390084552869e-25	1.0268347296584282e-11
toroidal	toroidal_0T2	2	0.38305159999999999	0.3662109375	0	0	resonance	0.0032294014437366449	0	0.01	81	561	3255323643746211.5	0	0	1	85004144826.587677	1838669495266402	2047829023421811.8	1.2059758447629119	0.62907079219477535	0	0	0	7.2676725617996804e-17	4.9703385124149284e-12	5.0641422765586294e-26	1.2472688851247399e-14	6.1998489805238984e-26	4.9707397133815735e-12	1.2472688851185424e-14	4.9707397133815735e-12	1	0	6.9419452844868578e-15	-1.8113583424175233e-16	6.9419452844493412e-15	-1.8113583423979319e-16	6.9419452844158824e-15	-1.8113583423764586e-16	3.756776558436864e-26	0	0	1	7.2664905381292737e-17	5.2979380144094903e-12	5.39792446939848e-26	6.6076689764091428e-26	5.2977101050517585e-12	1.0268174019282258e-11	1.2807390084552869e-25	1.0268347296584282e-11
toroidal	toroidal_0T2	2	0.38305159999999999	0.396728515625	1	0	flank	0.0032294014437366449	0	1	81	561	3255323463533873.5	0	0	1	74558229880.799377	2047829023421811	3247959858168834	0.99896042667214013	0.99773798043496242	80	0.98765432098765427	4	9.0828707411952029e-17	0	0	1.1710385637484314e-14	0	0	1.2472688851185424e-14	0	1	1	-6.3196266814148413e-15	-2.6389813994868869e-16	-6.3196266814148413e-15	-2.6389813994868869e-16	-6.3196266816049078e-15	-2.6389813996460997e-16	0	0	0	1	1.2323372630076456e-16	2.7405166406163969e-11	2.8741697436644318e-25	3.5185982009604316e-25	3.0046817499310936e-11	2.7405166405417995e-11	3.5185982009604316e-25	3.0046817498408928e-11
toroidal	toroidal_0T2	2	0.38305159999999999	0.396728515625	1	0	flank	0.0032294014437366449	0	0.10000000000000001	81	561	3255323463533873.5	0	0	1	74558229880.050034	1838510927266475.2	2047829023421811.8	1.206237407410323	0.62907082701967654	0	0	0	7.0603872934655169e-17	9.2129989600065757e-12	9.6623105537162357e-26	1.1710385637602498e-14	1.1828750843482958e-25	1.0101077120483345e-11	1.2472688851185424e-14	9.4837215813001981e-12	1	1	-6.3196266814782002e-15	-2.6389813995400349e-16	-6.3196266814148413e-15	-2.6389813994868869e-16	-6.3196266816049078e-15	-2.6389813996460997e-16	6.358146404989741e-26	0	0	1	1.2323372630076456e-16	2.7405166406163969e-11	2.8741697436644318e-25	3.5185982009604316e-25	3.0046817499310936e-11	1.8192169560544253e-11	2.3357233902475812e-25	1.9945742714919118e-11
toroidal	toroidal_0T2	2	0.38305159999999999	0.396728515625	1	0	flank	0.0032294014437366449	0	0.01	81	561	3255323463533873.5	0	0	1	74558229880.050034	1838510927266475.2	2047829023421811.8	1.206237407410323	0.62907082701967654	0	0	0	7.0603872934655169e-17	9.2129989600065757e-12	9.6623105537162357e-26	1.1710385637602498e-14	1.1828750843482958e-25	1.0101077120483345e-11	1.2472688851185424e-14	9.4837215813001981e-12	1	1	-6.3196266814782002e-15	-2.6389813995400349e-16	-6.3196266814148413e-15	-2.6389813994868869e-16	-6.3196266816049078e-15	-2.6389813996460997e-16	6.358146404989741e-26	0	0	1	1.2323372630076456e-16	2.7405166406163969e-11	2.8741697436644318e-25	3.5185982009604316e-25	3.0046817499310936e-11	1.8192169560544253e-11	2.3357233902475812e-25	1.9945742714919118e-11
toroidal	toroidal_0T12	12	1.8814960000000001	1.800537109375	-1	0	flank	0.32294014437366447	1	1	81	561	84070661612807808	0	0	1	17832000029849.996	52886610876024632	83880492778442560	0.99994230584616051	0.99773798813144732	73	0.90123456790123457	4	1.1077006837496775e-16	0	0	2.8370752659610921e-15	0	0	3.0356355230085283e-15	0	1	0	2.0020262715474712e-15	-8.1053130712562608e-16	2.0020262715474712e-15	-8.1053130712562608e-16	2.0020262715475019e-15	-8.1053130712565162e-16	0	0	0	1	8.8072808837012917e-17	1.5155856956013447e-14	6.888756896524307e-30	4.2752796401073061e-29	1.5069320477329688e-14	1.5155856956013236e-14	4.2752796401073061e-29	1.5069320477329477e-14
toroidal	toroidal_0T12	12	1.8814960000000001	1.800537109375	-1	0	flank	0.32294014437366447	1	0.10000000000000001	81	561	84070661612807808	0	0	1	17832000029855.934	47500267203399336	52886610876024648	1.2051989573453912	0.62907332785837855	0	0	0	1.0887234752448701e-16	5.6167272282151326e-13	2.5529581429515121e-28	2.8370752659598465e-15	1.5907450318321707e-27	5.6069891797293834e-13	3.0356355230085283e-15	5.2402372411811495e-13	1	0	2.0020262715468231e-15	-8.1053130712451665e-16	2.0020262715474712e-15	-8.1053130712562608e-16	2.0020262715475019e-15	-8.1053130712565162e-16	1.2848393583148705e-27	0	0	1	8.8072808837012917e-17	1.5155856956013447e-14	6.888756896524307e-30	4.2752796401073061e-29	1.5069320477329688e-14	5.7462579757550408e-13	1.6284264142932345e-27	5.7398068843322112e-13
toroidal	toroidal_0T12	12	1.8814960000000001	1.800537109375	-1	0	flank	0.32294014437366447	1	0.01	81	561	84070661612807808	0	0	1	17832000029855.934	47500267203399336	52886610876024648	1.2051989573453912	0.62907332785837855	0	0	0	1.0887234752448701e-16	5.6167272282151326e-13	2.5529581429515121e-28	2.8370752659598465e-15	1.5907450318321707e-27	5.6069891797293834e-13	3.0356355230085283e-15	5.2402372411811495e-13	1	0	2.0020262715468231e-15	-8.1053130712451665e-16	2.0020262715474712e-15	-8.1053130712562608e-16	2.0020262715475019e-15	-8.1053130712565162e-16	1.2848393583148705e-27	0	0	1	8.8072808837012917e-17	1.5155856956013447e-14	6.888756896524307e-30	4.2752796401073061e-29	1.5069320477329688e-14	5.7462579757550408e-13	1.6284264142932345e-27	5.7398068843322112e-13
toroidal	toroidal_0T12	12	1.8814960000000001	1.8310546875	0	0	resonance	0.32294014437366447	1	1	81	561	84072148663317808	0	0	1	14718652517672.238	52887560362013520	83881976465226832	0.99896001446956906	0.99773798813144943	72	0.88888888888888884	4	8.9726590501521639e-17	0	0	3.0356355230085283e-15	0	0	3.0356355230085283e-15	0	1	0	1.8082819779278319e-15	-1.2720548817959834e-15	1.8082819779278319e-15	-1.2720548817959834e-15	1.8082819779280354e-15	-1.2720548817941306e-15	0	0	0	1	1.5126510971770436e-16	8.3583165116613173e-13	4.0649834674000361e-28	2.5369157222294511e-27	8.3571156780876952e-13	8.3583165116646878e-13	2.5369157222294511e-27	8.3571156780910657e-13
toroidal	toroidal_0T12	12	1.8814960000000001	1.8310546875	0	0	resonance	0.32294014437366447	1	0.10000000000000001	81	561	84072148663317808	0	0	1	14718652517672.898	47495037965800072	52887560362013536	1.2055381486094356	0.62907349464578788	0	0	0	7.7117239021829783e-17	1.0233941369792103e-13	4.9771748194155798e-29	3.035635523008242e-15	3.0972922335521402e-28	1.0203109728016707e-13	3.0356355230085283e-15	1.0203109728016707e-13	1	0	1.8082819779276773e-15	-1.272054881795758e-15	1.8082819779278319e-15	-1.2720548817959834e-15	1.8082819779280354e-15	-1.2720548817941306e-15	2.7334805840465821e-28	0	0	1	1.5126510971770436e-16	8.3583165116613173e-13	4.0649834674000361e-28	2.5369157222294511e-27	8.3571156780876952e-13	7.7178116755304475e-13	2.3432524999253812e-27	7.719149687654196e-13
toroidal	toroidal_0T12	12	1.8814960000000001	1.8310546875	0	0	resonance	0.32294014437366447	1	0.01	81	561	84072148663317808	0	0	1	14718652517672.898	47495037965800072	52887560362013536	1.2055381486094356	0.62907349464578788	0	0	0	7.7117239021829783e-17	1.0233941369792103e-13	4.9771748194155798e-29	3.035635523008242e-15	3.0972922335521402e-28	1.0203109728016707e-13	3.0356355230085283e-15	1.0203109728016707e-13	1	0	1.8082819779276773e-15	-1.272054881795758e-15	1.8082819779278319e-15	-1.2720548817959834e-15	1.8082819779280354e-15	-1.2720548817941306e-15	2.7334805840465821e-28	0	0	1	1.5126510971770436e-16	8.3583165116613173e-13	4.0649834674000361e-28	2.5369157222294511e-27	8.3571156780876952e-13	7.7178116755304475e-13	2.3432524999253812e-27	7.719149687654196e-13
toroidal	toroidal_0T12	12	1.8814960000000001	1.861572265625	1	0	flank	0.32294014437366447	1	1	81	561	84073610389867264	0	0	1	13994598939495.092	52888494153298504	83883434885333664	0.9978390998620168	0.99773798813145154	72	0.88888888888888884	4	1.5277938153621558e-16	0	0	2.7834555862556229e-15	0	0	3.0356355230085283e-15	0	1	0	1.1675418064494054e-15	-1.5130678760431989e-15	1.1675418064494054e-15	-1.5130678760431989e-15	1.1675418064532669e-15	-1.5130678760397896e-15	0	0	0	1	1.3515840075561658e-16	2.657092538942297e-12	1.1849012978047257e-27	7.3956563916432725e-27	2.6570053526854014e-12	2.657092538942629e-12	7.3956563916432725e-27	2.6570053526857354e-12
toroidal	toroidal_0T12	12	1.8814960000000001	1.861572265625	1	0	flank	0.32294014437366447	1	0.10000000000000001	81	561	84073610389867264	0	0	1	13994598939495.584	47489387779531368	52888494153298520	1.2059015304317295	0.62907366423356026	0	0	0	6.2676013053538932e-17	1.5071337512599827e-12	6.7208977920811504e-28	2.7834555862552939e-15	4.194600325010276e-27	1.5069758417280736e-12	3.0356355230085283e-15	1.3817865462495089e-12	1	0	1.1675418064515515e-15	-1.5130678760411778e-15	1.1675418064494054e-15	-1.5130678760431989e-15	1.1675418064532669e-15	-1.5130678760397896e-15	2.9479515919114863e-27	0	0	1	1.3515840075561658e-16	2.657092538942297e-12	1.1849012978047257e-27	7.3956563916432725e-27	2.6570053526854014e-12	1.1516508566264739e-12	3.2056750167337874e-27	1.1516889411002056e-12
toroidal	toroidal_0T12	12	1.8814960000000001	1.861572265625	1	0	flank	0.32294014437366447	1	0.01	81	561	84073610389867264	0	0	1	13994598939495.584	47489387779531368	52888494153298520	1.2059015304317295	0.62907366423356026	0	0	0	6.2676013053538932e-17	1.5071337512599827e-12	6.7208977920811504e-28	2.7834555862552939e-15	4.194600325010276e-27	1.5069758417280736e-12	3.0356355230085283e-15	1.3817865462495089e-12	1	0	1.1675418064515515e-15	-1.5130678760411778e-15	1.1675418064494054e-15	-1.5130678760431989e-15	1.1675418064532669e-15	-1.5130678760397896e-15	2.9479515919114863e-27	0	0	1	1.3515840075561658e-16	2.657092538942297e-12	1.1849012978047257e-27	7.3956563916432725e-27	2.6570053526854014e-12	1.1516508566264739e-12	3.2056750167337874e-27	1.1516889411002056e-12
toroidal	toroidal_0T12	12	1.8814960000000001	1.800537109375	-1	0	flank	0.32294014437366447	0	1	81	561	84638077908128080	0	0	1	20752749572673.484	53243554608967088	84446625571368368	0.9995374306653021	0.99773798813144687	73	0.90123456790123457	4	6.9637904516543923e-17	0	0	2.6601801363102212e-15	0	0	3.2157489402795625e-15	0	1	0	2.0116908588459817e-15	-5.3121551031912126e-16	2.0116908588459817e-15	-5.3121551031912126e-16	2.0116908588454524e-15	-5.3121551031855121e-16	0	0	0	1	7.3742835660057556e-17	3.8102468727655375e-13	1.6238783918953192e-28	1.0074976390520149e-27	3.7873286297425533e-13	3.8102468727667543e-13	1.0074976390520149e-27	3.7873286297437675e-13
toroidal	toroidal_0T12	12	1.8814960000000001	1.800537109375	-1	0	flank	0.32294014437366447	0	0.10000000000000001	81	561	84638077908128080	0	0	1	20752749572676.82	47825668189258800	53243554608967104	1.2049358975968594	0.62907329567149761	0	0	0	5.6955578625188782e-17	1.5841273422985418e-13	6.7513477395811138e-29	2.6601801363098907e-15	4.1434327993933469e-28	1.557576023832904e-13	3.2157489402795625e-15	1.2884814319594042e-13	1	0	2.0116908588458066e-15	-5.3121551031888194e-16	2.0116908588459817e-15	-5.3121551031912126e-16	2.0116908588454524e-15	-5.3121551031855121e-16	2.9655335943682705e-28	0	0	1	7.3742835660057556e-17	3.8102468727655375e-13	1.6238783918953192e-28	1.0074976390520149e-27	3.7873286297425533e-13	2.2501717800424402e-13	5.9640109835628085e-28	2.2419575660154534e-13
toroidal	toroidal_0T12	12	1.8814960000000001	1.800537109375	-1	0	flank	0.32294014437366447	0	0.01	81	561	84638077908128080	0	0	1	20752749572676.82	47825668189258800	53243554608967104	1.2049358975968594	0.62907329567149761	0	0	0	5.6955578625188782e-17	1.5841273422985418e-13	6.7513477395811138e-29	2.6601801363098907e-15	4.1434327993933469e-28	1.557576023832904e-13	3.2157489402795625e-15	1.2884814319594042e-13	1	0	2.0116908588458066e-15	-5.3121551031888194e-16	2.0116908588459817e-15	-5.3121551031912126e-16	2.0116908588454524e-15	-5.3121551031855121e-16	2.9655335943682705e-28	0	0	1	7.3742835660057556e-17	3.8102468727655375e-13	1.6238783918953192e-28	1.0074976390520149e-27	3.7873286297425533e-13	2.2501717800424402e-13	5.9640109835628085e-28	2.2419575660154534e-13
toroidal	toroidal_0T12	12	1.8814960000000001	1.8310546875	0	0	resonance	0.32294014437366447	0	1	81	561	84638055605049472	0	0	1	16394118406204.697	53243554608967088	84446603318739776	0.99937966513282095	0.99773798813144909	72	0.88888888888888884	4	1.1362624896460443e-16	0	0	2.9959231009859817e-15	0	0	3.2157489402795625e-15	0	1	0	2.0676322534085244e-15	-9.0886010165811554e-16	2.0676322534085244e-15	-9.0886010165811554e-16	2.0676322534075754e-15	-9.0886010165563121e-16	0	0	0	1	1.2022451181796384e-16	1.1910912735528496e-12	5.7169695832015704e-28	3.569352281661008e-27	1.1914031706909653e-12	1.1910912735538545e-12	3.569352281661008e-27	1.1914031706919712e-12
toroidal	toroidal_0T12	12	1.8814960000000001	1.8310546875	0	0	resonance	0.32294014437366447	0	0.10000000000000001	81	561	84638055605049472	0	0	1	16394118406187.35	47819708978966184	53243554608967104	1.2052655538236228	0.62907346143937903	0	0	0	5.3281533636552534e-17	1.520857334336105e-12	7.2997723296666766e-28	2.9959231009893142e-15	4.5539324089860195e-27	1.5200431571448829e-12	3.2157489402795625e-15	1.4161343107183366e-12	1	0	2.0676322534099128e-15	-9.0886010166130096e-16	2.0676322534085244e-15	-9.0886010165811554e-16	2.0676322534075754e-15	-9.0886010165563121e-16	3.4748444461444885e-27	0	0	1	1.2022451181796384e-16	1.1910912735528496e-12	5.7169695832015704e-28	3.569352281661008e-27	1.1914031706909653e-12	2.7113955692730169e-12	8.1216751052105409e-27	2.7109090692429624e-12
toroidal	toroidal_0T12	12	1.8814960000000001	1.8310546875	0	0	resonance	0.32294014437366447	0	0.01	81	561	84638055605049472	0	0	1	16394118406187.35	47819708978966184	53243554608967104	1.2052655538236228	0.62907346143937903	0	0	0	5.3281533636552534e-17	1.520857334336105e-12	7.2997723296666766e-28	2.9959231009893142e-15	4.5539324089860195e-27	1.5200431571448829e-12	3.2157489402795625e-15	1.4161343107183366e-12	1	0	2.0676322534099128e-15	-9.0886010166130096e-16	2.0676322534085244e-15	-9.0886010165811554e-16	2.0676322534075754e-15	-9.0886010165563121e-16	3.4748444461444885e-27	0	0	1	1.2022451181796384e-16	1.1910912735528496e-12	5.7169695832015704e-28	3.569352281661008e-27	1.1914031706909653e-12	2.7113955692730169e-12	8.1216751052105409e-27	2.7109090692429624e-12
toroidal	toroidal_0T12	12	1.8814960000000001	1.861572265625	1	0	flank	0.32294014437366447	0	1	81	561	84638032927129232	0	0	1	13342220484897.875	53243554608967088	84446580692117440	0.99827365492557252	0.9977379881314512	72	0.88888888888888884	4	9.7146030691384258e-17	0	0	3.2157489402795625e-15	0	0	3.2157489402795625e-15	0	1	0	1.7736342891850728e-15	-1.471841066235641e-15	1.7736342891850728e-15	-1.471841066235641e-15	1.7736342891867177e-15	-1.4718410662315561e-15	0	0	0	1	9.5848765179105391e-17	1.9661315904300397e-12	1.012944715471e-27	6.3230882695135576e-27	1.9662879120668721e-12	1.9661315904313136e-12	6.3230882695135576e-27	1.9662879120681464e-12
toroidal	toroidal_0T12	12	1.8814960000000001	1.861572265625	1	0	flank	0.32294014437366447	0	0.10000000000000001	81	561	84638032927129232	0	0	1	13342220484899.66	47813365632438704	53243554608967104	1.2056170258387138	0.62907362999336458	0	0	0	8.5390210190711332e-17	2.7818145597771517e-13	1.4331819759481241e-28	3.2157489402792497e-15	8.8899320159709793e-28	2.7644981561272411e-13	3.2157489402795625e-15	2.7644981561272411e-13	1	0	1.7736342891853037e-15	-1.4718410662350731e-15	1.7736342891850728e-15	-1.471841066235641e-15	1.7736342891867177e-15	-1.4718410662315561e-15	6.1313452649745353e-28	0	0	1	9.5848765179105391e-17	1.9661315904300397e-12	1.012944715471e-27	6.3230882695135576e-27	1.9662879120668721e-12	1.6900678231512393e-12	5.4352953542646796e-27	1.690211348960495e-12
toroidal	toroidal_0T12	12	1.8814960000000001	1.861572265625	1	0	flank	0.32294014437366447	0	0.01	81	561	84638032927129232	0	0	1	13342220484899.66	47813365632438704	53243554608967104	1.2056170258387138	0.62907362999336458	0	0	0	8.5390210190711332e-17	2.7818145597771517e-13	1.4331819759481241e-28	3.2157489402792497e-15	8.8899320159709793e-28	2.7644981561272411e-13	3.2157489402795625e-15	2.7644981561272411e-13	1	0	1.7736342891853037e-15	-1.4718410662350731e-15	1.7736342891850728e-15	-1.471841066235641e-15	1.7736342891867177e-15	-1.4718410662315561e-15	6.1313452649745353e-28	0	0	1	9.5848765179105391e-17	1.9661315904300397e-12	1.012944715471e-27	6.3230882695135576e-27	1.9662879120668721e-12	1.6900678231512393e-12	5.4352953542646796e-27	1.690211348960495e-12
toroidal	toroidal_0T12	12	1.8814960000000001	1.800537109375	-1	0	flank	0.032294014437366445	1	1	81	561	84070660943895152	0	0	1	12490457823927.938	52886610876024632	83880492111042992	0.99998825925292867	0.99773798813144732	73	0.90123456790123457	4	7.8641847899049142e-17	0	0	3.7802817423407764e-15	0	0	1.1954917927896148e-14	0	1	0	2.7953889043810042e-15	-3.1324350427754348e-16	2.7953889043810042e-15	-3.1324350427754348e-16	2.7953889043789859e-15	-3.1324350427695721e-16	0	0	0	1	9.3951279851656858e-17	7.1941421812098233e-13	4.3570517114095475e-28	2.719103221767771e-27	7.1928586467845748e-13	7.1941421812149195e-13	2.719103221767771e-27	7.192858646789669e-13
toroidal	toroidal_0T12	12	1.8814960000000001	1.800537109375	-1	0	flank	0.032294014437366445	1	0.10000000000000001	81	561	84070660943895152	0	0	1	12490457823924.014	47499577761595064	52886610876024648	1.2052381900517231	0.62907333286363376	0	0	0	6.5436079048000577e-17	2.6870130964368583e-13	1.6273594148567777e-28	3.7802817423417703e-15	1.016030348692498e-27	2.6877106468349235e-13	1.1954917927896148e-14	8.4988483803945378e-14	1	0	2.7953889043816696e-15	-3.132435042777722e-16	2.7953889043810042e-15	-3.1324350427754348e-16	2.7953889043789859e-15	-3.1324350427695721e-16	7.0361617141043257e-28	0	0	1	9.3951279851656858e-17	7.1941421812098233e-13	4.3570517114095475e-28	2.719103221767771e-27	7.1928586467845748e-13	9.8795069518613927e-13	3.7345117052866404e-27	9.8789242702763469e-13
toroidal	toroidal_0T12	12	1.8814960000000001	1.800537109375	-1	0	flank	0.032294014437366445	1	0.01	81	561	84070660943895152	0	0	1	12490457823924.014	47499577761595064	52886610876024648	1.2052381900517231	0.62907333286363376	0	0	0	6.5436079048000577e-17	2.6870130964368583e-13	1.6273594148567777e-28	3.7802817423417703e-15	1.016030348692498e-27	2.6877106468349235e-13	1.1954917927896148e-14	8.4988483803945378e-14	1	0	2.7953889043816696e-15	-3.132435042777722e-16	2.7953889043810042e-15	-3.1324350427754348e-16	2.7953889043789859e-15	-3.1324350427695721e-16	7.0361617141043257e-28	0	0	1	9.3951279851656858e-17	7.1941421812098233e-13	4.3570517114095475e-28	2.719103221767771e-27	7.1928586467845748e-13	9.8795069518613927e-13	3.7345117052866404e-27	9.8789242702763469e-13
toroidal	toroidal_0T12	12	1.8814960000000001	1.8310546875	0	0	resonance	0.032294014437366445	1	1	81	561	84072147993380896	0	0	1	6481352924438.9893	52887560362013520	83881975796805312	0.99891331925756754	0.9977379881314492	72	0.88888888888888884	4	1.1587903827391694e-16	0	0	6.2039381381400923e-15	0	0	1.1954917927896148e-14	0	1	0	4.1501372786769664e-15	-1.2339268294075344e-15	4.1501372786769664e-15	-1.2339268294075344e-15	4.1501372786630154e-15	-1.2339268293959892e-15	0	0	0	1	1.3446819020631779e-16	4.2280933664241936e-12	4.2024484743561623e-27	2.623009529786126e-26	4.2279749916598782e-12	4.2280933664406662e-12	2.623009529786126e-26	4.22797499167635e-12
toroidal	toroidal_0T12	12	1.8814960000000001	1.8310546875	0	0	resonance	0.032294014437366445	1	0.10000000000000001	81	561	84072147993380896	0	0	1	6481352924413.1172	47494263093140712	52887560362013536	1.2055823368761225	0.62907349965861992	0	0	0	5.3618210946781465e-17	4.4290295931121986e-12	4.4021659512675209e-27	6.2039381381655583e-15	2.7479023512718892e-26	4.4292871561348221e-12	1.1954917927896148e-14	2.2985539238707858e-12	1	0	4.150137278692118e-15	-1.2339268294195795e-15	4.1501372786769664e-15	-1.2339268294075344e-15	4.1501372786630154e-15	-1.2339268293959892e-15	1.9356068500304462e-26	0	0	1	1.3446819020631779e-16	4.2280933664241936e-12	4.2024484743561623e-27	2.623009529786126e-26	4.2279749916598782e-12	8.6568345806883545e-12	5.370731161104974e-26	8.6569708490613892e-12
toroidal	toroidal_0T12	12	1.8814960000000001	1.8310546875	0	0	resonance	0.032294014437366445	1	0.01	81	561	84072147993380896	0	0	1	6481352924413.1172	47494263093140712	52887560362013536	1.2055823368761225	0.62907349965861992	0	0	0	5.3618210946781465e-17	4.4290295931121986e-12	4.4021659512675209e-27	6.2039381381655583e-15	2.7479023512718892e-26	4.4292871561348221e-12	1.1954917927896148e-14	2.2985539238707858e-12	1	0	4.150137278692118e-15	-1.2339268294195795e-15	4.1501372786769664e-15	-1.2339268294075344e-15	4.1501372786630154e-15	-1.2339268293959892e-15	1.9356068500304462e-26	0	0	1	1.3446819020631779e-16	4.2280933664241936e-12	4.2024484743561623e-27	2.623009529786126e-26	4.2279749916598782e-12	8.6568345806883545e-12	5.370731161104974e-26	8.6569708490613892e-12
toroidal	toroidal_0T12	12	1.8814960000000001	1.861572265625	1	0	flank	0.032294014437366445	1	1	81	561	84073609718906048	0	0	1	2733806104633.0366	52888494153298504	83883434215890208	0.99779562136983668	0.99773798813145198	72	0.88888888888888884	4	7.3777027435869287e-17	0	0	1.1954917927896148e-14	0	0	1.1954917927896148e-14	0	1	0	-9.8870405328730067e-16	-7.4204536037546926e-15	-9.8870405328730067e-16	-7.4204536037546926e-15	-9.8870405323714785e-16	-7.4204536037766987e-15	0	0	0	1	4.0650145711935655e-17	7.2357400285075508e-12	1.4011116802827889e-26	8.7459216117400677e-26	7.3157521151457988e-12	7.2357400284981311e-12	8.7459216117400677e-26	7.3157521151309709e-12
toroidal	toroidal_0T12	12	1.8814960000000001	1.861572265625	1	0	flank	0.032294014437366445	1	0.10000000000000001	81	561	84073609718906048	0	0	1	2733806104624.0752	47488510988135680	52888494153298520	1.2060157115488381	0.62907366925397068	0	0	0	5.8011641331948848e-17	1.1586477841712411e-11	2.2435783172698376e-26	1.1954917927936324e-14	1.4004179624257811e-25	1.1714157896123924e-11	1.1954917927896148e-14	1.1714157896123924e-11	1	0	-9.8870405320747938e-16	-7.4204536037911301e-15	-9.8870405328730067e-16	-7.4204536037546926e-15	-9.8870405323714785e-16	-7.4204536037766987e-15	8.7744674411791179e-26	0	0	1	4.0650145711935655e-17	7.2357400285075508e-12	1.4011116802827889e-26	8.7459216117400677e-26	7.3157521151457988e-12	4.3521055412580164e-12	5.2598755962373219e-26	4.3997588506676644e-12
toroidal	toroidal_0T12	12	1.8814960000000001	1.861572265625	1	0	flank	0.032294014437366445	1	0.01	81	561	84073609718906048	0	0	1	2733806104624.0752	47488510988135680	52888494153298520	1.2060157115488381	0.62907366925397068	0	0	0	5.8011641331948848e-17	1.1586477841712411e-11	2.2435783172698376e-26	1.1954917927936324e-14	1.4004179624257811e-25	1.1714157896123924e-11	1.1954917927896148e-14	1.1714157896123924e-11	1	0	-9.8870405320747938e-16	-7.4204536037911301e-15	-9.8870405328730067e-16	-7.4204536037546926e-15	-9.8870405323714785e-16	-7.4204536037766987e-15	8.7744674411791179e-26	0	0	1	4.0650145711935655e-17	7.2357400285075508e-12	1.4011116802827889e-26	8.7459216117400677e-26	7.3157521151457988e-12	4.3521055412580164e-12	5.2598755962373219e-26	4.3997588506676644e-12
toroidal	toroidal_0T12	12	1.8814960000000001	1.800537109375	-1	0	flank	0.032294014437366445	0	1	81	561	84638077299692064	0	0	1	17221180367429.223	53243554608967088	84446624964308640	0.99957598468750564	0.99773798813144687	73	0.90123456790123457	4	7.7091379926816767e-17	0	0	3.0662965982134911e-15	0	0	1.0913955749931704e-14	0	1	0	2.3663003632588682e-15	-7.7315470706455491e-17	2.3663003632588682e-15	-7.7315470706455491e-17	2.3663003632638147e-15	-7.7315470706930052e-17	0	0	0	1	6.4251864663810352e-17	2.1011460714671814e-12	1.0321902939494985e-27	6.4427133466855265e-27	2.1011383407721317e-12	2.1011460714627753e-12	6.4427133466855265e-27	2.1011383407677256e-12
toroidal	toroidal_0T12	12	1.8814960000000001	1.800537109375	-1	0	flank	0.032294014437366445	0	0.10000000000000001	81	561	84638077299692064	0	0	1	17221180367425.23	47825093760110416	53243554608967104	1.2049682613422898	0.62907330019370389	0	0	0	5.7370546243683476e-17	9.0056349668076902e-14	4.4240279768365936e-29	3.0662965982137645e-15	2.7605447202146169e-28	9.0028626774819702e-14	1.0913955749931704e-14	2.5293713695255651e-14	1	0	2.3663003632589814e-15	-7.7315470706480747e-17	2.3663003632588682e-15	-7.7315470706455491e-17	2.3663003632638147e-15	-7.7315470706930052e-17	1.159846880129591e-28	0	0	1	6.4251864663810352e-17	2.1011460714671814e-12	1.0321902939494985e-27	6.4427133466855265e-27	2.1011383407721317e-12	2.0114849607720014e-12	6.167569020480646e-27	2.0114065364913193e-12
toroidal	toroidal_0T12	12	1.8814960000000001	1.800537109375	-1	0	flank	0.032294014437366445	0	0.01	81	561	84638077299692064	0	0	1	17221180367425.23	47825093760110416	53243554608967104	1.2049682613422898	0.62907330019370389	0	0	0	5.7370546243683476e-17	9.0056349668076902e-14	4.4240279768365936e-29	3.0662965982137645e-15	2.7605447202146169e-28	9.0028626774819702e-14	1.0913955749931704e-14	2.5293713695255651e-14	1	0	2.3663003632589814e-15	-7.7315470706480747e-17	2.3663003632588682e-15	-7.7315470706455491e-17	2.3663003632638147e-15	-7.7315470706930052e-17	1.159846880129591e-28	0	0	1	6.4251864663810352e-17	2.1011460714671814e-12	1.0321902939494985e-27	6.4427133466855265e-27	2.1011383407721317e-12	2.0114849607720014e-12	6.167569020480646e-27	2.0114065364913193e-12
toroidal	toroidal_0T12	12	1.8814960000000001	1.8310546875	0	0	resonance	0.032294014437366445	0	1	81	561	84638054996613152	0	0	1	11147744404076.758	53243554608967088	84446602711679744	0.99934053431825443	0.99773798813144898	72	0.88888888888888884	4	6.8833031109383187e-17	0	0	4.128455186449947e-15	0	0	1.0913955749931704e-14	0	1	0	3.0370821760483903e-15	-1.970762411697103e-16	3.0370821760483903e-15	-1.970762411697103e-16	3.0370821760521622e-15	-1.9707624117038944e-16	0	0	0	1	1.7118776044372532e-16	1.3082357806070568e-12	8.652942098245757e-28	5.3983121458891242e-27	1.3075864705052365e-12	1.308235780605356e-12	5.3983121458891242e-27	1.3075864705035373e-12
toroidal	toroidal_0T12	12	1.8814960000000001	1.8310546875	0	0	resonance	0.032294014437366445	0	0.10000000000000001	81	561	84638054996613152	0	0	1	11147744404044.936	47819068730369120	53243554608967104	1.2053017081625694	0.62907346596158997	0	0	0	9.1278015798793959e-17	2.7862105547475127e-12	1.8428573014999045e-27	4.1284551864613862e-15	1.150504786129767e-26	2.7867682563343618e-12	1.0913955749931704e-14	1.0541592915446505e-12	1	0	3.0370821760566307e-15	-1.9707624117114608e-16	3.0370821760483903e-15	-1.970762411697103e-16	3.0370821760521622e-15	-1.9707624117038944e-16	8.3645873355373503e-27	0	0	1	1.7118776044372532e-16	1.3082357806070568e-12	8.652942098245757e-28	5.3983121458891242e-27	1.3075864705052365e-12	1.4797377789397745e-12	6.1068485367946444e-27	1.4792091135759619e-12
toroidal	toroidal_0T12	12	1.8814960000000001	1.8310546875	0	0	resonance	0.032294014437366445	0	0.01	81	561	84638054996613152	0	0	1	11147744404044.936	47819068730369120	53243554608967104	1.2053017081625694	0.62907346596158997	0	0	0	9.1278015798793959e-17	2.7862105547475127e-12	1.8428573014999045e-27	4.1284551864613862e-15	1.150504786129767e-26	2.7867682563343618e-12	1.0913955749931704e-14	1.0541592915446505e-12	1	0	3.0370821760566307e-15	-1.9707624117114608e-16	3.0370821760483903e-15	-1.970762411697103e-16	3.0370821760521622e-15	-1.9707624117038944e-16	8.3645873355373503e-27	0	0	1	1.7118776044372532e-16	1.3082357806070568e-12	8.652942098245757e-28	5.3983121458891242e-27	1.3075864705052365e-12	1.4797377789397745e-12	6.1068485367946444e-27	1.4792091135759619e-12
toroidal	toroidal_0T12	12	1.8814960000000001	1.861572265625	1	0	flank	0.032294014437366445	0	1	81	561	84638032318692560	0	0	1	4709841329116.668	53243554608967088	84446580085057072	0.99823396164344524	0.99773798813145131	72	0.88888888888888884	4	1.231758843172073e-16	0	0	8.2227637010244491e-15	0	0	1.0913955749931704e-14	0	1	0	5.5147053816061012e-15	-1.1847824529763342e-15	5.5147053816061012e-15	-1.1847824529763342e-15	5.5147053816277562e-15	-1.18478245298742e-15	0	0	0	1	1.4552803385132795e-16	4.2930539897016782e-12	5.6555547332946322e-27	3.5303317506883279e-26	4.2933639820496052e-12	4.2930539896838801e-12	3.5303317506883279e-26	4.2933639820318031e-12
toroidal	toroidal_0T12	12	1.8814960000000001	1.861572265625	1	0	flank	0.032294014437366445	0	0.10000000000000001	81	561	84638032318692560	0	0	1	4709841329116.666	47812647496919920	53243554608967104	1.2056576777818213	0.62907363451558063	0	0	0	8.7721620813884266e-17	1.8315504831234498e-13	2.4128357176371539e-28	8.2227637010258975e-15	1.5065814668320958e-27	1.8322081499732205e-13	1.0913955749931704e-14	1.3804174227493303e-13	1	0	5.5147053816075314e-15	-1.1847824529767077e-15	5.5147053816061012e-15	-1.1847824529763342e-15	5.5147053816277562e-15	-1.18478245298742e-15	1.4781769965716826e-27	0	0	1	1.4552803385132795e-16	4.2930539897016782e-12	5.6555547332946322e-27	3.5303317506883279e-26	4.2933639820496052e-12	4.1212001814175062e-12	3.389055421694557e-26	4.1215527344635633e-12
toroidal	toroidal_0T12	12	1.8814960000000001	1.861572265625	1	0	flank	0.032294014437366445	0	0.01	81	561	84638032318692560	0	0	1	4709841329116.666	47812647496919920	53243554608967104	1.2056576777818213	0.62907363451558063	0	0	0	8.7721620813884266e-17	1.8315504831234498e-13	2.4128357176371539e-28	8.2227637010258975e-15	1.5065814668320958e-27	1.8322081499732205e-13	1.0913955749931704e-14	1.3804174227493303e-13	1	0	5.5147053816075314e-15	-1.1847824529767077e-15	5.5147053816061012e-15	-1.1847824529763342e-15	5.5147053816277562e-15	-1.18478245298742e-15	1.4781769965716826e-27	0	0	1	1.4552803385132795e-16	4.2930539897016782e-12	5.6555547332946322e-27	3.5303317506883279e-26	4.2933639820496052e-12	4.1212001814175062e-12	3.389055421694557e-26	4.1215527344635633e-12
toroidal	toroidal_0T12	12	1.8814960000000001	1.800537109375	-1	0	flank	0.0032294014437366449	1	1	81	561	84070660931763072	0	0	1	12328861971252.201	52886610876024632	83880492098938336	0.99998931819080417	0.9977379881314471	73	0.90123456790123457	4	7.3131698773288648e-17	0	0	3.822735951352772e-15	0	0	1.9418173033458937e-14	0	1	0	2.8367004965567074e-15	-1.8376833861713884e-16	2.8367004965567074e-15	-1.8376833861713884e-16	2.8367004965548922e-15	-1.8376833861683166e-16	0	0	0	1	1.393038577246711e-16	6.5092487705170933e-13	3.9865269095769553e-28	2.4785173367934185e-27	6.4836215954605292e-13	6.5092487705212908e-13	2.4785173367934185e-27	6.4836215954647106e-13
toroidal	toroidal_0T12	12	1.8814960000000001	1.800537109375	-1	0	flank	0.0032294014437366449	1	0.10000000000000001	81	561	84070660931763072	0	0	1	12328861971268.107	47499563736024976	52886610876024648	1.2052389942940576	0.62907333295441414	0	0	0	7.7140958067575827e-17	1.3702581333197959e-12	8.3920143692896662e-28	3.822735951347564e-15	5.2367495622539562e-27	1.3698957052999697e-12	1.9418173033458937e-14	2.6968291781264138e-13	1	0	2.8367004965528053e-15	-1.8376833861647526e-16	2.8367004965567074e-15	-1.8376833861713884e-16	2.8367004965548922e-15	-1.8376833861683166e-16	3.9581215730357999e-27	0	0	1	1.393038577246711e-16	6.5092487705170933e-13	3.9865269095769553e-28	2.4785173367934185e-27	6.4836215954605292e-13	7.2212009602772604e-13	2.7582577658990147e-27	7.2154022694785232e-13
toroidal	toroidal_0T12	12	1.8814960000000001	1.800537109375	-1	0	flank	0.0032294014437366449	1	0.01	81	561	84070660931763072	0	0	1	12328861971268.107	47499563736024976	52886610876024648	1.2052389942940576	0.62907333295441414	0	0	0	7.7140958067575827e-17	1.3702581333197959e-12	8.3920143692896662e-28	3.822735951347564e-15	5.2367495622539562e-27	1.3698957052999697e-12	1.9418173033458937e-14	2.6968291781264138e-13	1	0	2.8367004965528053e-15	-1.8376833861647526e-16	2.8367004965567074e-15	-1.8376833861713884e-16	2.8367004965548922e-15	-1.8376833861683166e-16	3.9581215730357999e-27	0	0	1	1.393038577246711e-16	6.5092487705170933e-13	3.9865269095769553e-28	2.4785173367934185e-27	6.4836215954605292e-13	7.2212009602772604e-13	2.7582577658990147e-27	7.2154022694785232e-13
toroidal	toroidal_0T12	12	1.8814960000000001	1.8310546875	0	0	resonance	0.0032294014437366449	1	1	81	561	84072147981146384	0	0	1	6138434223775.5605	52887560362013520	83881975784598480	0.99891223672969165	0.99773798813144932	72	0.88888888888888884	4	1.2774358291048185e-16	0	0	6.5310247982203646e-15	0	0	1.9418173033458937e-14	0	1	0	4.4847090310091492e-15	-7.8006048153498686e-16	4.4847090310091492e-15	-7.8006048153498686e-16	4.4847090309869995e-15	-7.8006048152552053e-16	0	0	0	1	8.0819389291292058e-17	5.2726318700848999e-12	5.5169513378265756e-27	3.4436777450465876e-26	5.2727984526792079e-12	5.2726318701119553e-12	3.4436777450465876e-26	5.2727984527062658e-12
toroidal	toroidal_0T12	12	1.8814960000000001	1.8310546875	0	0	resonance	0.0032294014437366449	1	0.10000000000000001	81	561	84072147981146384	0	0	1	6138434223779.4473	47494247094937888	52887560362013536	1.2055832553963302	0.62907349975016513	0	0	0	5.3664742305711635e-17	6.0279574547848071e-13	6.3072766625751989e-28	6.5310247982165576e-15	3.933712428066287e-27	6.0231166617805247e-13	1.9418173033458937e-14	2.0257891518878793e-13	1	0	4.4847090310067439e-15	-7.8006048153387141e-16	4.4847090310091492e-15	-7.8006048153498686e-16	4.4847090309869995e-15	-7.8006048152552053e-16	2.6513000076682768e-27	0	0	1	8.0819389291292058e-17	5.2726318700848999e-12	5.5169513378265756e-27	3.4436777450465876e-26	5.2727984526792079e-12	4.6700479895028554e-12	3.0504479505196399e-26	4.670703365521607e-12
toroidal	toroidal_0T12	12	1.8814960000000001	1.8310546875	0	0	resonance	0.0032294014437366449	1	0.01	81	561	84072147981146384	0	0	1	6138434223779.4473	47494247094937888	52887560362013536	1.2055832553963302	0.62907349975016513	0	0	0	5.3664742305711635e-17	6.0279574547848071e-13	6.3072766625751989e-28	6.5310247982165576e-15	3.933712428066287e-27	6.0231166617805247e-13	1.9418173033458937e-14	2.0257891518878793e-13	1	0	4.4847090310067439e-15	-7.8006048153387141e-16	4.4847090310091492e-15	-7.8006048153498686e-16	4.4847090309869995e-15	-7.8006048152552053e-16	2.6513000076682768e-27	0	0	1	8.0819389291292058e-17	5.2726318700848999e-12	5.5169513378265756e-27	3.4436777450465876e-26	5.2727984526792079e-12	4.6700479895028554e-12	3.0504479505196399e-26	4.670703365521607e-12
toroidal	toroidal_0T12	12	1.8814960000000001	1.861572265625	1	0	flank	0.0032294014437366449	1	1	81	561	84073609706569168	0	0	1	1673821276962.2693	52888494153298504	83883434203581216	0.99779969968216742	0.99773798813145176	72	0.88888888888888884	4	6.8677249447421576e-17	0	0	1.9418173033458937e-14	0	0	1.9418173033458937e-14	0	1	0	-4.7140617999377332e-15	-1.1164731694603762e-14	-4.7140617999377332e-15	-1.1164731694603762e-14	-4.714061799957577e-15	-1.1164731694584172e-14	0	0	0	1	1.6161424470131693e-16	2.2957870385705706e-12	7.2608460814001968e-27	4.5325186355650442e-26	2.3341632746578074e-12	2.2957870385724406e-12	4.5325186355650442e-26	2.3341632746600256e-12
toroidal	toroidal_0T12	12	1.8814960000000001	1.861572265625	1	0	flank	0.0032294014437366449	1	0.10000000000000001	81	561	84073609706569168	0	0	1	1673821276954.8101	47488492618371976	52888494153298520	1.206018151701727	0.6290736693462804	0	0	0	8.8569827643874679e-17	9.4706581141047503e-12	2.9952687118093371e-26	1.9418173033548826e-14	1.8695541376220619e-25	9.6278580605944899e-12	1.9418173033458937e-14	9.6278580605944899e-12	1	0	-4.7140617998659287e-15	-1.1164731694696404e-14	-4.7140617999377332e-15	-1.1164731694603762e-14	-4.714061799957577e-15	-1.1164731694584172e-14	1.1721122028992745e-25	0	0	1	1.6161424470131693e-16	2.2957870385705706e-12	7.2608460814001968e-27	4.5325186355650442e-26	2.3341632746578074e-12	1.1756443721947748e-11	2.320831260200357e-25	1.1951851784426886e-11
toroidal	toroidal_0T12	12	1.8814960000000001	1.861572265625	1	0	flank	0.0032294014437366449	1	0.01	81	561	84073609706569168	0	0	1	1673821276954.8101	47488492618371976	52888494153298520	1.206018151701727	0.6290736693462804	0	0	0	8.8569827643874679e-17	9.4706581141047503e-12	2.9952687118093371e-26	1.9418173033548826e-14	1.8695541376220619e-25	9.6278580605944899e-12	1.9418173033458937e-14	9.6278580605944899e-12	1	0	-4.7140617998659287e-15	-1.1164731694696404e-14	-4.7140617999377332e-15	-1.1164731694603762e-14	-4.714061799957577e-15	-1.1164731694584172e-14	1.1721122028992745e-25	0	0	1	1.6161424470131693e-16	2.2957870385705706e-12	7.2608460814001968e-27	4.5325186355650442e-26	2.3341632746578074e-12	1.1756443721947748e-11	2.320831260200357e-25	1.1951851784426886e-11
toroidal	toroidal_0T12	12	1.8814960000000001	1.800537109375	-1	0	flank	0.0032294014437366449	0	1	81	561	84638077293607712	0	0	1	17182011654765.703	53243554608967088	84446624958238048	0.9995763702931687	0.99773798813144676	73	0.90123456790123457	4	1.0971315157359358e-16	0	0	3.0718402714821251e-15	0	0	1.226426132083592e-14	0	1	0	2.371497640902787e-15	-7.767011858537488e-18	2.371497640902787e-15	-7.767011858537488e-18	2.3714976408995649e-15	-7.7670118585064543e-18	0	0	0	1	5.1277677659234388e-17	1.370071305815753e-12	6.7426585087312762e-28	4.2079120767618984e-27	1.369834270299358e-12	1.3700713058176301e-12	4.2079120767618984e-27	1.3698342703012343e-12
toroidal	toroidal_0T12	12	1.8814960000000001	1.800537109375	-1	0	flank	0.0032294014437366449	0	0.10000000000000001	81	561	84638077293607712	0	0	1	17182011654793.703	47825087988968584	53243554608967104	1.2049685865448305	0.62907330023892594	0	0	0	4.7700705070652139e-17	1.840944249318669e-12	9.0600090331632096e-28	3.0718402714764713e-15	5.6541359989356772e-27	1.8406347658850197e-12	1.226426132083592e-14	4.6102540145078197e-13	1	0	2.3714976408982814e-15	-7.7670118584968478e-18	2.371497640902787e-15	-7.767011858537488e-18	2.3714976408995649e-15	-7.7670118585064543e-18	4.5057623432185256e-27	0	0	1	5.1277677659234388e-17	1.370071305815753e-12	6.7426585087312762e-28	4.2079120767618984e-27	1.369834270299358e-12	4.7087365152614437e-13	1.4462260988234526e-27	4.7080120416796516e-13
toroidal	toroidal_0T12	12	1.8814960000000001	1.800537109375	-1	0	flank	0.0032294014437366449	0	0.01	81	561	84638077293607712	0	0	1	17182011654793.703	47825087988968584	53243554608967104	1.2049685865448305	0.62907330023892594	0	0	0	4.7700705070652139e-17	1.840944249318669e-12	9.0600090331632096e-28	3.0718402714764713e-15	5.6541359989356772e-27	1.8406347658850197e-12	1.226426132083592e-14	4.6102540145078197e-13	1	0	2.3714976408982814e-15	-7.7670118584968478e-18	2.371497640902787e-15	-7.767011858537488e-18	2.3714976408995649e-15	-7.7670118585064543e-18	4.5057623432185256e-27	0	0	1	5.1277677659234388e-17	1.370071305815753e-12	6.7426585087312762e-28	4.2079120767618984e-27	1.369834270299358e-12	4.7087365152614437e-13	1.4462260988234526e-27	4.7080120416796516e-13
toroidal	toroidal_0T12	12	1.8814960000000001	1.8310546875	0	0	resonance	0.0032294014437366449	0	1	81	561	84638054990528784	0	0	1	11082397625929.141	53243554608967088	84446602705609136	0.99934014295750562	0.99773798813144898	72	0.88888888888888884	4	1.0165989017480094e-16	0	0	4.1498623328763639e-15	0	0	1.226426132083592e-14	0	1	0	3.0584079510748036e-15	-1.9941243347992986e-17	3.0584079510748036e-15	-1.9941243347992986e-17	3.0584079510817822e-15	-1.9941243348108641e-17	0	0	0	1	4.0308757644645305e-17	2.2543420935413765e-12	1.4988000885699571e-27	9.3553883379061697e-27	2.2543852271411947e-12	2.2543420935362946e-12	9.3553883379061697e-27	2.2543852271361125e-12
toroidal	toroidal_0T12	12	1.8814960000000001	1.8310546875	0	0	resonance	0.0032294014437366449	0	0.10000000000000001	81	561	84638054990528784	0	0	1	11082397625889.143	47819062294734656	53243554608967104	1.205302071644224	0.62907346600681213	0	0	0	6.1349245554683097e-17	3.4973838073126397e-12	2.3252367842401324e-27	4.1498623328908781e-15	1.4514909399805802e-26	3.4976845580670594e-12	1.226426132083592e-14	1.183512730207911e-12	1	0	3.0584079510853577e-15	-1.9941243348175176e-17	3.0584079510748036e-15	-1.9941243347992986e-17	3.0584079510817822e-15	-1.9941243348108641e-17	1.0555742447638844e-26	0	0	1	4.0308757644645305e-17	2.2543420935413765e-12	1.4988000885699571e-27	9.3553883379061697e-27	2.2543852271411947e-12	1.243042906126456e-12	5.1595259823864264e-27	1.2433005166218637e-12
toroidal	toroidal_0T12	12	1.8814960000000001	1.8310546875	0	0	resonance	0.0032294014437366449	0	0.01	81	561	84638054990528784	0	0	1	11082397625889.143	47819062294734656	53243554608967104	1.205302071644224	0.62907346600681213	0	0	0	6.1349245554683097e-17	3.4973838073126397e-12	2.3252367842401324e-27	4.1498623328908781e-15	1.4514909399805802e-26	3.4976845580670594e-12	1.226426132083592e-14	1.183512730207911e-12	1	0	3.0584079510853577e-15	-1.9941243348175176e-17	3.0584079510748036e-15	-1.9941243347992986e-17	3.0584079510817822e-15	-1.9941243348108641e-17	1.0555742447638844e-26	0	0	1	4.0308757644645305e-17	2.2543420935413765e-12	1.4988000885699571e-27	9.3553883379061697e-27	2.2543852271411947e-12	1.243042906126456e-12	5.1595259823864264e-27	1.2433005166218637e-12
toroidal	toroidal_0T12	12	1.8814960000000001	1.861572265625	1	0	flank	0.0032294014437366449	0	1	81	561	84638032312608208	0	0	1	4540375263328.5947	53243554608967088	84446580078986464	0.99823356465576385	0.99773798813145109	72	0.88888888888888884	4	1.388753102099315e-16	0	0	8.5196750217265228e-15	0	0	1.226426132083592e-14	0	1	0	5.8396624394190429e-15	-1.2749145833537699e-16	5.8396624394190429e-15	-1.2749145833537699e-16	5.8396624394439567e-15	-1.2749145833661799e-16	0	0	0	1	1.6661446912877747e-16	4.3145827206144725e-12	5.8891535599668686e-27	3.6752501286331536e-26	4.3138384025924495e-12	4.3145827205958642e-12	3.6752501286331536e-26	4.3138384025738476e-12
toroidal	toroidal_0T12	12	1.8814960000000001	1.861572265625	1	0	flank	0.0032294014437366449	0	0.10000000000000001	81	561	84638032312608208	0	0	1	4540375263316.5996	47812640274239832	53243554608967104	1.2056580867258877	0.62907363456080267	0	0	0	1.5270140987379321e-16	2.559126943211284e-12	3.493058894435445e-27	8.5196750217483064e-15	2.1791832912033003e-26	2.5578244306807915e-12	1.226426132083592e-14	1.776856538029776e-12	1	0	5.8396624394337488e-15	-1.2749145833611654e-16	5.8396624394190429e-15	-1.2749145833537699e-16	5.8396624394439567e-15	-1.2749145833661799e-16	1.4724529293052047e-26	0	0	1	1.6661446912877747e-16	4.3145827206144725e-12	5.8891535599668686e-27	3.6752501286331536e-26	4.3138384025924495e-12	1.7554562641894709e-12	1.4960672826902664e-26	1.7560144945301388e-12
toroidal	toroidal_0T12	12	1.8814960000000001	1.861572265625	1	0	flank	0.0032294014437366449	0	0.01	81	561	84638032312608208	0	0	1	4540375263316.5996	47812640274239832	53243554608967104	1.2056580867258877	0.62907363456080267	0	0	0	1.5270140987379321e-16	2.559126943211284e-12	3.493058894435445e-27	8.5196750217483064e-15	2.1791832912033003e-26	2.5578244306807915e-12	1.226426132083592e-14	1.776856538029776e-12	1	0	5.8396624394337488e-15	-1.2749145833611654e-16	5.8396624394190429e-15	-1.2749145833537699e-16	5.8396624394439567e-15	-1.2749145833661799e-16	1.4724529293052047e-26	0	0	1	1.6661446912877747e-16	4.3145827206144725e-12	5.8891535599668686e-27	3.6752501286331536e-26	4.3138384025924495e-12	1.7554562641894709e-12	1.4960672826902664e-26	1.7560144945301388e-12
spheroidal	spheroidal_0S2	2	0.31086219999999998	0.244140625	-2	1	antiresonance	0.32294014437366447	1	1	425	7159	3226600087842812	0	0	1	919.8679641867493	2029759060924047.8	3219301457332171.5	0.99973954616046423	0.99773798105995837	401	0.94352941176470584	239	1.8850974702687867e-20	0	0	2.4511576292881649e-15	0	0	3.4535142177788174e-15	0	0	2	-1.0739970271841829e-15	6.3639931085097943e-16	-1.0739970271841829e-15	6.3639931085097943e-16	-1.0739970270711269e-15	6.3639931127319426e-16	0	0	0	1	2.8025653497952291e-20	5.0926798012350238e-09	4.7084291581075272e-20	1.3342247581696721e-24	5.4432433974356081e-10	5.0926797760050416e-09	1.3342247581696721e-24	5.4432433967192925e-10
spheroidal	spheroidal_0S2	2	0.31086219999999998	0.244140625	-2	1	antiresonance	0.32294014437366447	1	0.10000000000000001	425	7159	3226600087842812	0	0	1	104.70841983235249	2029759060924047.8	3219301457332171.5	9.9784711955630261	0.99773798105995837	260	0.61176470588235299	235	2.3216474367574238e-20	1.8070792635964156e-08	1.6707323114375751e-19	2.4511576183314624e-15	1.4665958598301852e-23	5.9832784407916517e-09	3.4535142177788174e-15	4.2466767684930787e-09	0	2	-1.0739970243406807e-15	6.3639930407062559e-16	-1.0739970271841829e-15	6.3639931085097943e-16	-1.0739970270711269e-15	6.3639931127319426e-16	7.3524623746926783e-24	0	0	1	2.8025653497952291e-20	5.0926798012350238e-09	4.7084291581075272e-20	1.3342247581696721e-24	5.4432433974356081e-10	1.8307645479518362e-08	1.4848319170898109e-23	6.0576761737090649e-09
spheroidal	spheroidal_0S2	2	0.31086219999999998	0.244140625	-2	1	antiresonance	0.32294014437366447	1	0.01	425	7159	3226600087842812	0	0	1	104.70841983235249	2029759060924047.8	3219301457332171.5	98.143868455146134	0.99773798105995837	217	0.51058823529411768	372	1.1389110346745358e-20	1.4849897941561203e-08	1.3729449954032359e-19	2.4511576201255999e-15	1.196698195233792e-23	4.8821755930128509e-09	3.4535142177788174e-15	3.4651607602283665e-09	0	2	-1.0739970247313012e-15	6.3639930534540923e-16	-1.0739970271841829e-15	6.3639931085097943e-16	-1.0739970270711269e-15	6.3639931127319426e-16	6.0272657212203208e-24	0	0	1	2.8025653497952291e-20	5.0926798012350238e-09	4.7084291581075272e-20	1.3342247581696721e-24	5.4432433974356081e-10	1.4097079197658358e-08	1.2167499948092877e-23	4.9639810190522934e-09
spheroidal	spheroidal_0S2	2	0.31086219999999998	0.274658203125	-1	1	flank	0.32294014437366447	1	1	425	7159	3227006788188558.5	0	0	1	916.89105117442898	2030014981198686.8	3219707237713818.5	0.99973954616252059	0.99773798105989187	398	0.93647058823529417	239	1.6940341651497965e-20	0	0	3.0087543729044192e-15	0	0	3.4535142177788174e-15	0	0	2	-9.9684507297661922e-16	1.0998000110346359e-15	-9.9684507297661922e-16	1.0998000110346359e-15	-9.9684507048325019e-16	1.0998000241643019e-15	0	0	0	1	2.0731926207348784e-20	1.9009188450523545e-08	2.2589307648522802e-19	2.6077670962834033e-23	8.667264831479302e-09	1.9009188220698255e-08	2.6077670962834033e-23	8.6672647819751678e-09
spheroidal	spheroidal_0S2	2	0.31086219999999998	0.274658203125	-1	1	flank	0.32294014437366447	1	0.10000000000000001	425	7159	3227006788188558.5	0	0	1	104.70468664627985	2030014981198686.8	3219707237713818.5	9.978605765370375	0.99773798105989187	260	0.61176470588235299	235	1.6572523877801408e-20	7.3808439705400361e-09	8.7709244184846545e-20	3.008754377585833e-15	7.6684320094974008e-24	2.5487065606139487e-09	3.4535142177788174e-15	2.2204721121517416e-09	0	2	-9.9684507274913383e-16	1.0998000146131231e-15	-9.9684507297661922e-16	1.0998000110346359e-15	-9.9684507048325019e-16	1.0998000241643019e-15	3.5857106054011676e-24	0	0	1	2.0731926207348784e-20	1.9009188450523545e-08	2.2589307648522802e-19	2.6077670962834033e-23	8.667264831479302e-09	1.5417898493196766e-08	1.9654369192271537e-23	6.5323940222612501e-09
spheroidal	spheroidal_0S2	2	0.31086219999999998	0.274658203125	-1	1	flank	0.32294014437366447	1	0.01	425	7159	3227006788188558.5	0	0	1	104.70468664627985	2030014981198686.8	3219707237713818.5	98.431302758844794	0.99773798105989187	215	0.50588235294117645	372	1.3731799643915758e-20	9.9036721795136945e-09	1.1768892622398598e-19	3.0087543810999114e-15	1.2523250661923215e-23	4.1622708635514955e-09	3.4535142177788174e-15	3.6262339959259653e-09	0	2	-9.968450719738153e-16	1.0998000173480353e-15	-9.9684507297661922e-16	1.0998000110346359e-15	-9.9684507048325019e-16	1.0998000241643019e-15	6.3925446664524448e-24	0	0	1	2.0731926207348784e-20	1.9009188450523545e-08	2.2589307648522802e-19	2.6077670962834033e-23	8.667264831479302e-09	9.8138548994814052e-09	1.3858697169024926e-23	4.6061244529214199e-09
spheroidal	spheroidal_0S2	2	0.31086219999999998	0.30517578125	0	1	resonance	0.32294014437366447	1	1	425	7159	3227370566707967	0	0	1	914.23068760591764	2030243909685392.5	3220070193359134	0.99959620009279015	0.99773798105983236	398	0.93647058823529417	269	1.6145720556508541e-20	0	0	3.4535142177788174e-15	0	0	3.4535142177788174e-15	0	0	2	-4.1054998809432893e-16	1.5245022880803776e-15	-4.1054998809432893e-16	1.5245022880803776e-15	-4.1054998986212421e-16	1.5245022873188028e-15	0	0	0	1	2.3705893007327111e-20	2.5923305387382743e-09	3.5833510839864444e-20	3.9739191697105603e-24	1.1506885216376639e-09	2.5923305414118122e-09	3.9739191697105603e-24	1.150688522031047e-09
spheroidal	spheroidal_0S2	2	0.31086219999999998	0.30517578125	0	1	resonance	0.32294014437366447	1	0.10000000000000001	425	7159	3227370566707967	0	0	1	104.70135362907192	2030243909685392.5	3220070193359134	9.9787542386276247	0.99773798105983236	260	0.61176470588235299	235	1.4220989527489703e-20	6.8448368882041104e-09	9.4615456310577096e-20	3.453514214269656e-15	1.3137525253740074e-23	3.804103421989003e-09	3.4535142177788174e-15	3.804103421989003e-09	0	2	-4.1054999402127767e-16	1.5245022855764017e-15	-4.1054998809432893e-16	1.5245022880803776e-15	-4.1054998986212421e-16	1.5245022873188028e-15	6.4341756613086025e-24	0	0	1	2.3705893007327111e-20	2.5923305387382743e-09	3.5833510839864444e-20	3.9739191697105603e-24	1.1506885216376639e-09	5.7525064898427012e-09	9.2372777390056061e-24	2.6747472747063526e-09
spheroidal	spheroidal_0S2	2	0.31086219999999998	0.30517578125	0	1	resonance	0.32294014437366447	1	0.01	425	7159	3227370566707967	0	0	1	104.70135362907192	2030243909685392.5	3220070193359134	98.767265875381142	0.99773798105983236	213	0.50117647058823533	372	1.1838794511563258e-20	6.4078667843564594e-09	8.8575264784483144e-20	3.4535142148438032e-15	1.1291742118294669e-23	3.2696382311572278e-09	3.4535142177788174e-15	3.2696382311572278e-09	0	2	-4.1054999320025618e-16	1.5245022859665865e-15	-4.1054998809432893e-16	1.5245022880803776e-15	-4.1054998986212421e-16	1.5245022873188028e-15	5.52617460479112e-24	0	0	1	2.3705893007327111e-20	2.5923305387382743e-09	3.5833510839864444e-20	3.9739191697105603e-24	1.1506885216376639e-09	3.9587230497479071e-09	7.4126392128475324e-24	2.1464047193496804e-09
spheroidal	spheroidal_0S2	2	0.31086219999999998	0.335693359375	1	1	flank	0.32294014437366447	1	1	425	7159	3227699616929895.5	0	0	1	911.82597058572958	2030451000691930	3220398499263053.5	0.99869612927436813	0.99773798105977818	398	0.93647058823529417	269	1.4928352777225513e-20	0	0	3.1296757965884921e-15	0	0	3.4535142177788174e-15	0	0	2	3.0829982280637758e-16	1.2498097303792626e-15	3.0829982280637758e-16	1.2498097303792626e-15	3.0829982224333778e-16	1.2498097305877013e-15	0	0	0	1	1.8489754208780352e-20	3.0686640778523447e-09	3.8320691610680945e-20	2.7141863976342238e-24	8.6724203209572913e-10	3.0686640769686536e-09	2.7141863976342238e-24	8.6724203176065749e-10
spheroidal	spheroidal_0S2	2	0.31086219999999998	0.335693359375	1	1	flank	0.32294014437366447	1	0.10000000000000001	425	7159	3227699616929895.5	0	0	1	104.69834435532191	2030451000691930	3220398499263053.5	9.979511901178709	0.99773798105977818	259	0.60941176470588232	239	1.6622757601612146e-20	8.6273153332232391e-09	1.0773570580717523e-19	3.1296757969512032e-15	4.1314476924015721e-24	1.3200880733094024e-09	3.4535142177788174e-15	1.1963024999673459e-09	0	2	3.0829982260204777e-16	1.2498097295528373e-15	3.0829982280637758e-16	1.2498097303792626e-15	3.0829982224333778e-16	1.2498097305877013e-15	8.5131040975907858e-25	0	0	1	1.8489754208780352e-20	3.0686640778523447e-09	3.8320691610680945e-20	2.7141863976342238e-24	8.6724203209572913e-10	8.6027977684796651e-09	2.7820752223989181e-24	8.8893399896456621e-10
spheroidal	spheroidal_0S2	2	0.31086219999999998	0.335693359375	1	1	flank	0.32294014437366447	1	0.01	425	7159	3227699616929895.5	0	0	1	104.69834435532191	2030451000691930	3220398499263053.5	99.1554659718484	0.99773798105977818	212	0.49882352941176472	372	1.2137613768413575e-20	2.5051164331634486e-09	3.1283252858126845e-20	3.1296757981846011e-15	4.6100284100740501e-24	1.4730051001126758e-09	3.4535142177788174e-15	1.3348803912088896e-09	0	2	3.082998217050928e-16	1.2498097305618916e-15	3.0829982280637758e-16	1.2498097303792626e-15	3.0829982224333778e-16	1.2498097305877013e-15	1.1163250042834599e-24	0	0	1	1.8489754208780352e-20	3.0686640778523447e-09	3.8320691610680945e-20	2.7141863976342238e-24	8.6724203209572913e-10	1.3229721113123673e-09	1.930326692906434e-24	6.1678167887701965e-10
spheroidal	spheroidal_0S2	2	0.31086219999999998	0.3662109375	2	1	antiresonance	0.32294014437366447	1	1	425	7159	3227999988653016.5	0	0	1	909.63198923014238	2030640059968525.2	3220698191539490.5	0.9986960629987055	0.99773798105972955	397	0.9341176470588235	269	1.8944474490034629e-20	0	0	2.4569451509752122e-15	0	0	3.4535142177788174e-15	0	1	2	1.0789996631255234e-15	2.7943583550415807e-18	1.0789996631255234e-15	2.7943583550415807e-18	1.0789996627783052e-15	2.7943581218808318e-18	0	0	0	1	9.3778893390374341e-21	5.6455115598780878e-09	5.4836720987976985e-20	1.0774931123084558e-23	4.3854992525200516e-09	5.6455115817435519e-09	1.0774931123084558e-23	4.3854992401536527e-09
spheroidal	spheroidal_0S2	2	0.31086219999999998	0.3662109375	2	1	antiresonance	0.32294014437366447	1	0.10000000000000001	425	7159	3227999988653016.5	0	0	1	104.69560244824076	2030640059968525.2	3220698191539490.5	9.9796811321967969	0.99773798105972955	259	0.60941176470588232	239	1.3127038117479543e-20	9.5656948247672597e-09	9.2914757608471732e-20	2.456945153227558e-15	3.7633863466076332e-24	1.5317339685478397e-09	3.4535142177788174e-15	1.0897266115869982e-09	1	2	1.0789996630660555e-15	2.7943583026668184e-18	1.0789996631255234e-15	2.7943583550415807e-18	1.0789996627783052e-15	2.7943581218808318e-18	7.9243580601290711e-26	0	0	1	9.3778893390374341e-21	5.6455115598780878e-09	5.4836720987976985e-20	1.0774931123084558e-23	4.3854992525200516e-09	1.004879377448733e-08	7.3175926824905891e-24	2.978329678605832e-09
spheroidal	spheroidal_0S2	2	0.31086219999999998	0.3662109375	2	1	antiresonance	0.32294014437366447	1	0.01	425	7159	3227999988653016.5	0	0	1	104.69560244824076	2030640059968525.2	3220698191539490.5	99.59915889238215	0.99773798105972955	211	0.49647058823529411	372	1.2931336560611642e-20	3.6261081436614612e-09	3.522158770506329e-20	2.4569451550227522e-15	6.1964364852797149e-24	2.5220084717073236e-09	3.4535142177788174e-15	1.7942409078208606e-09	1	2	1.078999662984535e-15	2.7943582637732093e-18	1.0789996631255234e-15	2.7943583550415807e-18	1.0789996627783052e-15	2.7943581218808318e-18	1.6795129621779478e-25	0	0	1	9.3778893390374341e-21	5.6455115598780878e-09	5.4836720987976985e-20	1.0774931123084558e-23	4.3854992525200516e-09	3.3333468606444791e-09	4.7020155100062585e-24	1.9137649429744119e-09
spheroidal	spheroidal_0S2	2	0.31086219999999998	0.244140625	-2	1	antiresonance	0.32294014437366447	0	1	425	7159	3255325147919986.5	0	0	1	719.74520702971245	2047829150704847	3247961540764222.5	0.99973954630551709	0.99773798105529676	401	0.94352941176470584	239	9.7028687848478908e-21	0	0	2.4235009140369971e-15	0	0	3.4533268421344851e-15	0	0	2	-1.0732483479058292e-15	6.1690612371916689e-16	-1.0732483479058292e-15	6.1690612371916689e-16	-1.0732483475742931e-15	6.1690612230165306e-16	0	0	0	1	3.2151577902712472e-20	7.0615182123783361e-09	6.426133774391012e-20	3.7086811096440321e-24	1.53029903482323e-09	7.0615182598020945e-09	3.7086811096440321e-24	1.5302990358991821e-09
spheroidal	spheroidal_0S2	2	0.31086219999999998	0.244140625	-2	1	antiresonance	0.32294014437366447	0	0.10000000000000001	425	7159	3255325147919986.5	0	0	1	104.45361141431508	2047829150704847	3247961540764222.5	9.9782919103080161	0.99773798105529676	259	0.60941176470588232	235	1.4730636910533315e-20	4.2950270739296164e-09	3.9085672105640613e-20	2.4235009129682081e-15	1.1939477734751213e-24	4.9265414614029506e-10	3.4533268421344851e-15	3.4573842212315698e-10	0	2	-1.0732483476120083e-15	6.1690612321661486e-16	-1.0732483479058292e-15	6.1690612371916689e-16	-1.0732483475742931e-15	6.1690612230165306e-16	5.8214196097606438e-25	0	0	1	3.2151577902712472e-20	7.0615182123783361e-09	6.426133774391012e-20	3.7086811096440321e-24	1.53029903482323e-09	6.0921459233615064e-09	2.8367035188737719e-24	1.1704982261149463e-09
spheroidal	spheroidal_0S2	2	0.31086219999999998	0.244140625	-2	1	antiresonance	0.32294014437366447	0	0.01	425	7159	3255325147919986.5	0	0	1	104.45361141431508	2047829150704847	3247961540764222.5	99.865186702592055	0.99773798105529676	216	0.50823529411764701	384	1.1158360353300351e-20	5.4895560513585645e-09	4.9956143264221057e-20	2.4235009105536094e-15	4.7593085629763002e-24	1.9638154602749387e-09	3.4533268421344851e-15	1.3781807458556671e-09	0	2	-1.0732483469999935e-15	6.1690612151158283e-16	-1.0732483479058292e-15	6.1690612371916689e-16	-1.0732483475742931e-15	6.1690612230165306e-16	2.3862032149507677e-24	0	0	1	3.2151577902712472e-20	7.0615182123783361e-09	6.426133774391012e-20	3.7086811096440321e-24	1.53029903482323e-09	3.4253752158501224e-09	2.2744870590107434e-24	9.3851297824400634e-10
spheroidal	spheroidal_0S2	2	0.31086219999999998	0.274658203125	-1	1	flank	0.32294014437366447	0	1	425	7159	3255325025375599	0	0	1	719.74023191427716	2047829150704847	3247961418497033	0.99997423817199127	0.99773798105529676	398	0.93647058823529417	239	8.3571896459942549e-21	0	0	2.976423722616656e-15	0	0	3.4533268421344851e-15	0	0	2	-1.014962832558435e-15	1.0730004552363583e-15	-1.014962832558435e-15	1.0730004552363583e-15	-1.0149628331332779e-15	1.0730004524638424e-15	0	0	0	1	1.7146644584495209e-20	4.6986413761919563e-09	5.512489200863028e-20	5.8704714519597999e-24	1.9723238352632489e-09	4.6986413860004498e-09	5.8704714519597999e-24	1.9723238377943062e-09
spheroidal	spheroidal_0S2	2	0.31086219999999998	0.274658203125	-1	1	flank	0.32294014437366447	0	0.10000000000000001	425	7159	3255325025375599	0	0	1	104.45362498194919	2047829150704847	3247961418497033	9.9784336049141906	0.99773798105529676	259	0.60941176470588232	235	1.9825658974636237e-20	1.0845816539107615e-08	1.2724411539326176e-19	2.9764237143326592e-15	1.3287724150834104e-23	4.464325441927502e-09	3.4533268421344851e-15	3.8478038014557066e-09	0	2	-1.0149628340088297e-15	1.0730004490736286e-15	-1.014962832558435e-15	1.0730004552363583e-15	-1.0149628331332779e-15	1.0730004524638424e-15	6.3311043425582961e-24	0	0	1	1.7146644584495209e-20	4.6986413761919563e-09	5.512489200863028e-20	5.8704714519597999e-24	1.9723238352632489e-09	6.5695204444361206e-09	7.4572087654702466e-24	2.5054257961914599e-09
spheroidal	spheroidal_0S2	2	0.31086219999999998	0.274658203125	-1	1	flank	0.32294014437366447	0	0.01	425	7159	3255325025375599	0	0	1	104.45362498194919	2047829150704847	3247961418497033	99.862590049938063	0.99773798105529676	219	0.51529411764705879	384	1.5416108723309866e-20	1.1578248207028541e-08	1.3583707096599892e-19	2.9764237136225349e-15	1.3894240926202206e-23	4.6680991085460762e-09	3.4533268421344851e-15	4.0234364024501776e-09	0	2	-1.0149628338434874e-15	1.0730004487660003e-15	-1.014962832558435e-15	1.0730004552363583e-15	-1.0149628331332779e-15	1.0730004524638424e-15	6.5967335033352188e-24	0	0	1	1.7146644584495209e-20	4.6986413761919563e-09	5.512489200863028e-20	5.8704714519597999e-24	1.9723238352632489e-09	7.0810097257802936e-09	8.0386908658551495e-24	2.7007884714425208e-09
spheroidal	spheroidal_0S2	2	0.31086219999999998	0.30517578125	0	1	resonance	0.32294014437366447	0	1	425	7159	3255324888414224	0	0	1	719.73467147342615	2047829150704847	3247961281845467.5	0.99965979878096034	0.99773798105529687	398	0.93647058823529417	269	1.1465643375874129e-20	0	0	3.4533268421344851e-15	0	0	3.4533268421344851e-15	0	0	2	-4.5489148196949174e-16	1.5247249528013701e-15	-4.5489148196949174e-16	1.5247249528013701e-15	-4.5489148740297554e-16	1.5247249502847497e-15	0	0	0	1	1.6433764175556605e-20	6.1512374611117003e-09	8.4976193375409519e-20	1.2236771123664377e-23	3.5434732022355827e-09	6.1512374906659322e-09	1.2236771123664377e-23	3.5434732054601437e-09
spheroidal	spheroidal_0S2	2	0.31086219999999998	0.30517578125	0	1	resonance	0.32294014437366447	0	0.10000000000000001	425	7159	3255324888414224	0	0	1	104.45364014587952	2047829150704847	3247961281845467.5	9.9785893658736775	0.99773798105529687	259	0.60941176470588232	235	1.1750663058180686e-20	1.1951836990674794e-08	1.6510850340793097e-19	3.4533268352784878e-15	2.2862070661480074e-23	6.6203031762117064e-09	3.4533268421344851e-15	6.6203031762117064e-09	0	2	-4.5489149198157058e-16	1.5247249477751079e-15	-4.5489148196949174e-16	1.5247249528013701e-15	-4.5489148740297554e-16	1.5247249502847497e-15	1.1202902928708268e-23	0	0	1	1.6433764175556605e-20	6.1512374611117003e-09	8.4976193375409519e-20	1.2236771123664377e-23	3.5434732022355827e-09	6.4512433915981412e-09	1.0696815413346587e-23	3.0975392460879951e-09
spheroidal	spheroidal_0S2	2	0.31086219999999998	0.30517578125	0	1	resonance	0.32294014437366447	0	0.01	425	7159	3255324888414224	0	0	1	104.45364014587952	2047829150704847	3247961281845467.5	99.85968926257911	0.99773798105529687	217	0.51058823529411768	384	1.4669012199249068e-20	1.0093011786755677e-08	1.3942978575511436e-19	3.4533268363615185e-15	1.9710584775427494e-23	5.7077090227707706e-09	3.4533268421344851e-15	5.7077090227707706e-09	0	2	-4.5489149062699031e-16	1.5247249485283634e-15	-4.5489148196949174e-16	1.5247249528013701e-15	-4.5489148740297554e-16	1.5247249502847497e-15	9.6545775450981456e-24	0	0	1	1.6433764175556605e-20	6.1512374611117003e-09	8.4976193375409519e-20	1.2236771123664377e-23	3.5434732022355827e-09	4.2922444595853183e-09	7.5369272354077858e-24	2.1825119911348588e-09
spheroidal	spheroidal_0S2	2	0.31086219999999998	0.335693359375	1	1	flank	0.32294014437366447	0	1	425	7159	3255324737035862.5	0	0	1	719.72852570125224	2047829150704847	3247961130809526.5	0.99869009049827828	0.99773798105529687	398	0.93647058823529417	269	1.3683090493628432e-20	0	0	3.1657503151846757e-15	0	0	3.4533268421344851e-15	0	0	2	2.9046623431414495e-16	1.281684968403401e-15	2.9046623431414495e-16	1.281684968403401e-15	2.9046622219604785e-16	1.2816849760022066e-15	0	0	0	1	7.4394827600390901e-21	1.5130994311181141e-08	1.9116190120906509e-19	3.1788861774232222e-23	1.0041493677424716e-08	1.5130994351858144e-08	3.1788861774232222e-23	1.0041493649045625e-08
spheroidal	spheroidal_0S2	2	0.31086219999999998	0.335693359375	1	1	flank	0.32294014437366447	0	0.10000000000000001	425	7159	3255324737035862.5	0	0	1	104.45365690614076	2047829150704847	3247961130809526.5	9.9793562850482154	0.99773798105529687	258	0.60705882352941176	239	1.0681870300406096e-20	1.0552817854865365e-08	1.333221520517219e-19	3.1657503215541299e-15	2.2223097878477195e-23	7.0198517463247249e-09	3.4533268421344851e-15	6.4352720997417096e-09	0	2	2.9046622577932955e-16	1.2816849743586329e-15	2.9046623431414495e-16	1.281684968403401e-15	2.9046622219604785e-16	1.2816849760022066e-15	1.0407106256526443e-23	0	0	1	7.4394827600390901e-21	1.5130994311181141e-08	1.9116190120906509e-19	3.1788861774232222e-23	1.0041493677424716e-08	1.0800852066201373e-08	9.919331842606764e-24	3.1333272769473845e-09
spheroidal	spheroidal_0S2	2	0.31086219999999998	0.335693359375	1	1	flank	0.32294014437366447	0	0.01	425	7159	3255324737035862.5	0	0	1	104.45365690614076	2047829150704847	3247961130809526.5	99.856484792317062	0.99773798105529687	216	0.50823529411764701	384	1.0504322001491575e-20	9.6306479514878595e-09	1.2167164526135468e-19	3.1657503206703268e-15	1.9388409281499662e-23	6.1244278136851828e-09	3.4533268421344851e-15	5.614414785458239e-09	0	2	2.9046622684561375e-16	1.2816849734411565e-15	2.9046623431414495e-16	1.281684968403401e-15	2.9046622219604785e-16	1.2816849760022066e-15	9.008770090581378e-24	0	0	1	7.4394827600390901e-21	1.5130994311181141e-08	1.9116190120906509e-19	3.1788861774232222e-23	1.0041493677424716e-08	6.3472508487358416e-09	1.2561634921440978e-23	3.9679803001793963e-09
spheroidal	spheroidal_0S2	2	0.31086219999999998	0.3662109375	2	1	antiresonance	0.32294014437366447	0	1	425	7159	3255324571240514	0	0	1	719.72179459122879	2047829150704847	3247960965389211	0.99878191953258877	0.9977379810552971	397	0.9341176470588235	269	1.0575870228233876e-20	0	0	2.4863873416194094e-15	0	0	3.4533268421344851e-15	0	1	2	1.0682064983083192e-15	6.2814783117044576e-18	1.0682064983083192e-15	6.2814783117044576e-18	1.0682064981802915e-15	6.2814782135977103e-18	0	0	0	1	1.5791882633714964e-20	2.4205773192104366e-09	2.3813239216707742e-20	2.4204576161060701e-24	9.7348372700835956e-10	2.4205773204379139e-09	2.4204576161060701e-24	9.7348372650430444e-10
spheroidal	spheroidal_0S2	2	0.31086219999999998	0.3662109375	2	1	antiresonance	0.32294014437366447	0	0.10000000000000001	425	7159	3255324571240514	0	0	1	104.45367526277117	2047829150704847	3247960965389211	9.9795332673287209	0.9977379810552971	258	0.60705882352941176	239	1.308990674458822e-20	8.0441694741940264e-09	7.9137208495039665e-20	2.4863873438626162e-15	5.5011473004047045e-24	2.2125061563504226e-09	3.4533268421344851e-15	1.5929993168571532e-09	1	2	1.0682064980156848e-15	6.2814780882779988e-18	1.0682064983083192e-15	6.2814783117044576e-18	1.0682064981802915e-15	6.2814782135977103e-18	3.6817700930752198e-25	0	0	1	1.5791882633714964e-20	2.4205773192104366e-09	2.3813239216707742e-20	2.4204576161060701e-24	9.7348372700835956e-10	8.4617576955723309e-09	3.2200801990833799e-24	1.2950838928092354e-09
spheroidal	spheroidal_0S2	2	0.31086219999999998	0.3662109375	2	1	antiresonance	0.32294014437366447	0	0.01	425	7159	3255324571240514	0	0	1	104.45367526277117	2047829150704847	3247960965389211	99.852977138790479	0.9977379810552971	215	0.50588235294117645	384	1.3311410050919864e-20	3.1948339908506126e-09	3.1430248262679291e-20	2.4863873425156785e-15	3.5844092535563065e-24	1.4416133775929475e-09	3.4533268421344851e-15	1.0379582985955653e-09	1	2	1.0682064981546874e-15	6.2814781957366506e-18	1.0682064983083192e-15	6.2814783117044576e-18	1.0682064981802915e-15	6.2814782135977103e-18	1.9248707990778383e-25	0	0	1	1.5791882633714964e-20	2.4205773192104366e-09	2.3813239216707742e-20	2.4204576161060701e-24	9.7348372700835956e-10	1.0537006515653682e-09	1.4901627775037176e-24	5.9932849230223941e-10
spheroidal	spheroidal_0S2	2	0.31086219999999998	0.244140625	-2	1	antiresonance	0.032294014437366445	1	1	425	7159	3226600064125745	0	0	1	919.86731092703099	2029759060924047.8	3219301433668753	0.99973954616046423	0.99773798105995837	401	0.94352941176470584	239	1.2857006690283194e-20	0	0	2.7424376858947332e-15	0	0	2.4677051635408816e-14	0	0	2	-1.6206496316841477e-15	1.1597324284120137e-16	-1.6206496316841477e-15	1.1597324284120137e-16	-1.6206496336383771e-15	1.1597324313186457e-16	0	0	0	1	1.8583565200996623e-20	5.3030971610052451e-09	6.4798294404638294e-20	3.7167740238391859e-24	1.3552811219579528e-09	5.3030971328860806e-09	3.7167740238391859e-24	1.3552811206145509e-09
spheroidal	spheroidal_0S2	2	0.31086219999999998	0.244140625	-2	1	antiresonance	0.032294014437366445	1	0.10000000000000001	425	7159	3226600064125745	0	0	1	104.70842239716259	2029759060924047.8	3219301433668753	9.9784926942231973	0.99773798105995837	260	0.61176470588235299	235	1.3166837563537067e-20	9.5752835151530331e-09	1.1699993822197903e-19	2.742437686889361e-15	1.2111634682408704e-24	4.4163755277659942e-10	2.4677051635408816e-14	4.9080558169395971e-11	0	2	-1.6206496319767317e-15	1.1597324283845983e-16	-1.6206496316841477e-15	1.1597324284120137e-16	-1.6206496336383771e-15	1.1597324313186457e-16	2.9259681774401405e-25	0	0	1	1.8583565200996623e-20	5.3030971610052451e-09	6.4798294404638294e-20	3.7167740238391859e-24	1.3552811219579528e-09	9.9423202083516887e-09	3.809135802091256e-24	1.388959835954398e-09
spheroidal	spheroidal_0S2	2	0.31086219999999998	0.244140625	-2	1	antiresonance	0.032294014437366445	1	0.01	425	7159	3226600064125745	0	0	1	104.70842239716259	2029759060924047.8	3219301433668753	98.220711814643224	0.99773798105995837	216	0.50823529411764701	372	1.0953496888668109e-20	3.8921276987591831e-09	4.755772501004634e-20	2.7424376896718347e-15	4.3935363869946168e-24	1.6020551386060774e-09	2.4677051635408816e-14	1.7804138241095149e-10	0	2	-1.6206496340568545e-15	1.1597324319198977e-16	-1.6206496316841477e-15	1.1597324284120137e-16	-1.6206496336383771e-15	1.1597324313186457e-16	2.3984974984587819e-24	0	0	1	1.8583565200996623e-20	5.3030971610052451e-09	6.4798294404638294e-20	3.7167740238391859e-24	1.3552811219579528e-09	1.6562821724613788e-09	1.1429071186683795e-24	4.1674861872480838e-10
spheroidal	spheroidal_0S2	2	0.31086219999999998	0.274658203125	-1	1	flank	0.032294014437366445	1	1	425	7159	3227006764432025.5	0	0	1	916.89043761261837	2030014981198686.8	3219707214011023.5	0.99973954616252059	0.99773798105989198	399	0.93882352941176472	241	8.5081479648643825e-21	0	0	4.9580291910257787e-15	0	0	2.4677051635408816e-14	0	0	2	-2.716064952617482e-15	4.0544532388037003e-16	-2.716064952617482e-15	4.0544532388037003e-16	-2.7160649650133808e-15	4.0544532770221672e-16	0	0	0	1	1.6914964529877645e-20	8.3517844045113008e-09	1.8653630290537545e-19	2.4394745703094395e-23	4.9202505195511582e-09	8.3517843636767474e-09	2.4394745703094395e-23	4.9202504955835322e-09
spheroidal	spheroidal_0S2	2	0.31086219999999998	0.274658203125	-1	1	flank	0.032294014437366445	1	0.10000000000000001	425	7159	3227006764432025.5	0	0	1	104.70468920868157	2030014981198686.8	3219707214011023.5	9.9786259805899107	0.99773798105989198	260	0.61176470588235299	235	1.4087834968146104e-20	8.3049702215157943e-09	1.8549071262232161e-19	4.9580291843006393e-15	7.1832648330860205e-24	1.4488145503636814e-09	2.4677051635408816e-14	2.9109088635122185e-10	0	2	-2.7160649519734982e-15	4.0544532356839432e-16	-2.716064952617482e-15	4.0544532388037003e-16	-2.7160649650133808e-15	4.0544532770221672e-16	7.1557251503552162e-25	0	0	1	1.6914964529877645e-20	8.3517844045113008e-09	1.8653630290537545e-19	2.4394745703094395e-23	4.9202505195511582e-09	1.0174963250481501e-08	3.1247411901156249e-23	6.3023855941595131e-09
spheroidal	spheroidal_0S2	2	0.31086219999999998	0.274658203125	-1	1	flank	0.032294014437366445	1	0.01	425	7159	3227006764432025.5	0	0	1	104.70468920868157	2030014981198686.8	3219707214011023.5	98.513984050982913	0.99773798105989198	215	0.50588235294117645	372	8.8890695158587254e-21	9.9741431567378599e-09	2.2277152989028808e-19	4.9580292193971604e-15	2.8824762477993143e-23	5.8137540880491503e-09	2.4677051635408816e-14	1.1680796759622946e-09	0	2	-2.7160649684291319e-15	4.0544532877447506e-16	-2.716064952617482e-15	4.0544532388037003e-16	-2.7160649650133808e-15	4.0544532770221672e-16	1.6551753291192024e-23	0	0	1	1.6914964529877645e-20	8.3517844045113008e-09	1.8653630290537545e-19	2.4394745703094395e-23	4.9202505195511582e-09	2.7242160745038582e-09	7.6911417063251046e-24	1.5512497753706484e-09
spheroidal	spheroidal_0S2	2	0.31086219999999998	0.30517578125	0	1	resonance	0.032294014437366445	1	1	425	7159	3227370542911973.5	0	0	1	914.23011378152808	2030243909685392.5	3220070169616967	0.99869620188560559	0.99773798105983225	398	0.93647058823529417	270	9.540357802439093e-21	0	0	2.4677051635408816e-14	0	0	2.4677051635408816e-14	0	0	2	-7.2313944803735597e-15	9.8081168791971915e-15	-7.2313944803735597e-15	9.8081168791971915e-15	-7.2313944784134675e-15	9.8081168932659988e-15	0	0	0	1	1.6522239408895302e-20	2.8764119164889557e-09	3.1185586373598867e-19	3.9472020970764344e-23	1.5995436389218556e-09	2.8764119234730682e-09	3.9472020970764344e-23	1.5995436386259789e-09
spheroidal	spheroidal_0S2	2	0.31086219999999998	0.30517578125	0	1	resonance	0.032294014437366445	1	0.10000000000000001	425	7159	3227370542911973.5	0	0	1	104.70135618908152	2030243909685392.5	3220070169616967	9.9787731300919766	0.99773798105983225	261	0.61411764705882355	237	1.3417294158044585e-20	7.0671399176899758e-09	7.6620772238507495e-19	2.4677051715521257e-14	1.5032117883402082e-22	6.0915372328486232e-09	2.4677051635408816e-14	6.0915372328486232e-09	0	2	-7.2313944593864517e-15	9.8081169523358024e-15	-7.2313944803735597e-15	9.8081168791971915e-15	-7.2313944784134675e-15	9.8081168932659988e-15	7.6090177447460398e-23	0	0	1	1.6522239408895302e-20	2.8764119164889557e-09	3.1185586373598867e-19	3.9472020970764344e-23	1.5995436389218556e-09	6.1231538557418981e-09	1.2678244303919651e-22	5.1376657507101126e-09
spheroidal	spheroidal_0S2	2	0.31086219999999998	0.30517578125	0	1	resonance	0.032294014437366445	1	0.01	425	7159	3227370542911973.5	0	0	1	104.70135618908152	2030243909685392.5	3220070169616967	98.855143227652192	0.99773798105983225	213	0.50117647058823533	372	1.2925346313296437e-20	2.0994045099574749e-08	2.2761399472408705e-18	2.467705192972288e-14	5.0387231766271998e-22	2.0418659615710307e-08	2.4677051635408816e-14	2.0418659615710307e-08	0	2	-7.2313944055274183e-15	9.8081171175956587e-15	-7.2313944803735597e-15	9.8081168791971915e-15	-7.2313944784134675e-15	9.8081168932659988e-15	2.498715150283694e-22	0	0	1	1.6522239408895302e-20	2.8764119164889557e-09	3.1185586373598867e-19	3.9472020970764344e-23	1.5995436389218556e-09	2.1516379286316662e-08	4.8390936152268134e-22	1.9609691165001819e-08
spheroidal	spheroidal_0S2	2	0.31086219999999998	0.335693359375	1	1	flank	0.032294014437366445	1	1	425	7159	3227699593094443.5	0	0	1	911.82543653668063	2030451000691930	3220398475481518.5	0.99869612927436813	0.99773798105977851	399	0.93882352941176472	271	1.6383223952655992e-20	0	0	6.6506591504059494e-15	0	0	2.4677051635408816e-14	0	0	2	2.8129807637113741e-15	6.8563411539911028e-16	2.8129807637113741e-15	6.8563411539911028e-16	2.8129807624137752e-15	6.8563411476429823e-16	0	0	0	1	1.9131489544871536e-20	2.8379315519712947e-09	8.0975243293218806e-20	6.3240133519870307e-24	9.5088519934163509e-10	2.8379315514424752e-09	6.3240133519870307e-24	9.5088519913171071e-10
spheroidal	spheroidal_0S2	2	0.31086219999999998	0.335693359375	1	1	flank	0.032294014437366445	1	0.10000000000000001	425	7159	3227699593094443.5	0	0	1	104.69834691295596	2030451000691930	3220398475481518.5	9.979529215131075	0.99773798105977851	260	0.61176470588235299	241	1.2419016669813015e-20	8.4051036696720926e-09	2.398244291986744e-19	6.650659162214103e-15	1.1987120723424014e-23	1.8023958907429999e-09	2.4677051635408816e-14	4.857598428097396e-10	0	2	2.8129807675723773e-15	6.8563411716952852e-16	2.8129807637113741e-15	6.8563411539911028e-16	2.8129807624137752e-15	6.8563411476429823e-16	4.2475553350215514e-24	0	0	1	1.9131489544871536e-20	2.8379315519712947e-09	8.0975243293218806e-20	6.3240133519870307e-24	9.5088519934163509e-10	6.7070234834413961e-09	1.0666033956603016e-23	1.6037559154715154e-09
spheroidal	spheroidal_0S2	2	0.31086219999999998	0.335693359375	1	1	flank	0.032294014437366445	1	0.01	425	7159	3227699593094443.5	0	0	1	104.69834691295596	2030451000691930	3220398475481518.5	99.247965417974996	0.99773798105977851	212	0.49882352941176472	372	1.0051480007309391e-20	2.3935162517854568e-09	6.8294656606489201e-20	6.6506591745423826e-15	2.4701080767718365e-23	3.7140800947843848e-09	2.4677051635408816e-14	1.0009737440543776e-09	0	2	2.8129807730930487e-15	6.8563412001336055e-16	2.8129807637113741e-15	6.8563411539911028e-16	2.8129807624137752e-15	6.8563411476429823e-16	1.0455004771840506e-23	0	0	1	1.9131489544871536e-20	2.8379315519712947e-09	8.0975243293218806e-20	6.3240133519870307e-24	9.5088519934163509e-10	2.3677764309547371e-09	2.338720662409494e-23	3.5165246165869561e-09
spheroidal	spheroidal_0S2	2	0.31086219999999998	0.3662109375	2	1	antiresonance	0.032294014437366445	1	1	425	7159	3227999964778112	0	0	1	909.63149499270355	2030640059968525.2	3220698167718591.5	0.99871474179059871	0.99773798105972955	397	0.9341176470588235	269	1.0389377994477261e-20	0	0	3.2120321516381271e-15	0	0	2.4677051635408816e-14	0	0	0	1.2741542023085411e-15	6.3029823333894096e-17	1.2741542023085411e-15	6.3029823333894096e-17	1.2741542012927435e-15	6.302982326164394e-17	0	0	0	1	2.3022451484285903e-20	7.6746722152582518e-10	1.0354718704182867e-20	1.7304947964057573e-24	5.3875388374403725e-10	7.6746722127910791e-10	1.7304947964057573e-24	5.3875388380154171e-10
spheroidal	spheroidal_0S2	2	0.31086219999999998	0.3662109375	2	1	antiresonance	0.032294014437366445	1	0.10000000000000001	425	7159	3227999964778112	0	0	1	104.69560500351574	2030640059968525.2	3220698167718591.5	9.9796972297950131	0.99773798105972955	260	0.61176470588235299	241	6.8007567863944079e-21	6.87721378933337e-09	9.2787825016808632e-20	3.2120321510073287e-15	4.614193393246989e-24	1.4365339994787298e-09	2.4677051635408816e-14	1.8698317211551061e-10	0	0	1.2741541997059801e-15	6.3029823083951616e-17	1.2741542023085411e-15	6.3029823333894096e-17	1.2741542012927435e-15	6.302982326164394e-17	2.6145353210999905e-24	0	0	1	2.3022451484285903e-20	7.6746722152582518e-10	1.0354718704182867e-20	1.7304947964057573e-24	5.3875388374403725e-10	7.0955756990433696e-09	2.9189628225195087e-24	9.0875890558642282e-10
spheroidal	spheroidal_0S2	2	0.31086219999999998	0.3662109375	2	1	antiresonance	0.032294014437366445	1	0.01	425	7159	3227999964778112	0	0	1	104.69560500351574	2030640059968525.2	3220698167718591.5	99.695836891474301	0.99773798105972955	211	0.49647058823529411	372	1.0061203393623623e-20	1.2918601858408184e-09	1.7429863392628224e-20	3.2120321437702639e-15	7.9088491066858212e-24	2.4622571423054812e-09	2.4677051635408816e-14	3.2049408590358118e-10	0	0	1.2741541982481601e-15	6.3029822748787938e-17	1.2741542023085411e-15	6.3029823333894096e-17	1.2741542012927435e-15	6.302982326164394e-17	4.102321738455859e-24	0	0	1	2.3022451484285903e-20	7.6746722152582518e-10	1.0354718704182867e-20	1.7304947964057573e-24	5.3875388374403725e-10	1.1326010873039633e-09	7.580751529133312e-24	2.3601107249428652e-09
spheroidal	spheroidal_0S2	2	0.31086219999999998	0.244140625	-2	1	antiresonance	0.032294014437366445	0	1	425	7159	3255325124518956	0	0	1	719.74425691034833	2047829150704847	3247961517416125.5	0.99973954630551709	0.99773798105529665	401	0.94352941176470584	239	6.9611621761742607e-21	0	0	2.6939435356896548e-15	0	0	2.2118682400110638e-14	0	0	2	-1.5889110381998713e-15	1.0424193395331856e-16	-1.5889110381998713e-15	1.0424193395331856e-16	-1.5889110325378815e-15	1.042419331593476e-16	0	0	0	1	1.3153610956297722e-20	8.2186981934133994e-09	9.7670572500255366e-20	1.0993333667444083e-23	4.0807587545185009e-09	8.2186982609303394e-09	1.0993333667444083e-23	4.0807587664362925e-09
spheroidal	spheroidal_0S2	2	0.31086219999999998	0.244140625	-2	1	antiresonance	0.032294014437366445	0	0.10000000000000001	425	7159	3255325124518956	0	0	1	104.45361400530801	2047829150704847	3247961517416125.5	9.9783157975850756	0.99773798105529665	259	0.60941176470588232	235	1.3411928999089715e-20	7.2510105898013527e-09	8.6170624452286614e-20	2.6939435278599922e-15	8.1684658176026205e-24	3.0321592525551867e-09	2.2118682400110638e-14	3.6930164599505086e-10	0	2	-1.5889110342944641e-15	1.042419334543879e-16	-1.5889110381998713e-15	1.0424193395331856e-16	-1.5889110325378815e-15	1.042419331593476e-16	3.9371483345780932e-24	0	0	1	1.3153610956297722e-20	8.2186981934133994e-09	9.7670572500255366e-20	1.0993333667444083e-23	4.0807587545185009e-09	8.7095604984631336e-09	6.2698391024317927e-24	2.3273832720245442e-09
spheroidal	spheroidal_0S2	2	0.31086219999999998	0.244140625	-2	1	antiresonance	0.032294014437366445	0	0.01	425	7159	3255325124518956	0	0	1	104.45361400530801	2047829150704847	3247961517416125.5	99.864692385732738	0.99773798105529665	215	0.50588235294117645	384	9.3569506186087428e-21	1.6163503687709116e-08	1.9208621872180846e-19	2.6939435178876726e-15	2.0711706716610474e-23	7.6882482658673239e-09	2.2118682400110638e-14	9.363897153524331e-10	0	2	-1.5889110266909208e-15	1.0424193236027024e-16	-1.5889110381998713e-15	1.0424193395331856e-16	-1.5889110325378815e-15	1.042419331593476e-16	1.1618680836696715e-23	0	0	1	1.3153610956297722e-20	8.2186981934133994e-09	9.7670572500255366e-20	1.0993333667444083e-23	4.0807587545185009e-09	8.2327805697121313e-09	9.9698734244005759e-24	3.7008472232010336e-09
spheroidal	spheroidal_0S2	2	0.31086219999999998	0.274658203125	-1	1	flank	0.032294014437366445	0	1	425	7159	3255325001974566	0	0	1	719.7392817732009	2047829150704847	3247961395148934	0.99973954630551709	0.99773798105529699	399	0.93882352941176472	241	9.9462436414493568e-21	0	0	4.7341791672361896e-15	0	0	2.2118682400110638e-14	0	0	2	-2.6190685257286713e-15	3.5175858535268855e-16	-2.6190685257286713e-15	3.5175858535268855e-16	-2.6190685505929245e-15	3.5175859245155973e-16	0	0	0	1	1.7203805742939595e-20	1.5588337338028511e-08	3.3235101256854871e-19	4.9086080497598975e-23	1.0368445883355825e-08	1.558833709886898e-08	4.9086080497598975e-23	1.036844577681682e-08
spheroidal	spheroidal_0S2	2	0.31086219999999998	0.274658203125	-1	1	flank	0.032294014437366445	0	0.10000000000000001	425	7159	3255325001974566	0	0	1	104.45362757299179	2047829150704847	3247961395148934	9.9784563800465111	0.99773798105529699	259	0.60941176470588232	235	1.5808078721547486e-20	1.0502218605998911e-08	2.2391246174824129e-19	4.7341791999877617e-15	3.3048242127024098e-23	6.9807755388179866e-09	2.2118682400110638e-14	1.4941324952908945e-09	0	2	-2.6190685429444979e-15	3.5175859021254751e-16	-2.6190685257286713e-15	3.5175858535268855e-16	-2.6190685505929245e-15	3.5175859245155973e-16	1.7888625344214178e-23	0	0	1	1.7203805742939595e-20	1.5588337338028511e-08	3.3235101256854871e-19	4.9086080497598975e-23	1.0368445883355825e-08	9.7326529690055627e-09	1.6049728725060244e-23	3.3901819076091523e-09
spheroidal	spheroidal_0S2	2	0.31086219999999998	0.274658203125	-1	1	flank	0.032294014437366445	0	0.01	425	7159	3255325001974566	0	0	1	104.45362757299179	2047829150704847	3247961395148934	99.862096363387337	0.99773798105529699	219	0.51529411764705879	384	6.8689782222449505e-21	1.6070138035235031e-08	3.4262324020261345e-19	4.7341792153509462e-15	4.853951557098084e-23	1.0252995050738262e-08	2.2118682400110638e-14	2.1945030310999921e-09	0	2	-2.6190685502422064e-15	3.5175859229353536e-16	-2.6190685257286713e-15	3.5175858535268855e-16	-2.6190685505929245e-15	3.5175859245155973e-16	2.5477220378010081e-23	0	0	1	1.7203805742939595e-20	1.5588337338028511e-08	3.3235101256854871e-19	4.9086080497598975e-23	1.0368445883355825e-08	1.6371849520885786e-09	1.1593862688684282e-24	2.4489699607888367e-10
spheroidal	spheroidal_0S2	2	0.31086219999999998	0.30517578125	0	1	resonance	0.032294014437366445	0	1	425	7159	3255324865013189.5	0	0	1	719.73372130808264	2047829150704847	3247961258497366.5	0.99869009049827828	0.99773798105529687	398	0.93647058823529417	270	1.0749235931279436e-20	0	0	2.2118682400110638e-14	0	0	2.2118682400110638e-14	0	0	2	-8.0585363781287123e-15	7.5039824191706899e-15	-8.0585363781287123e-15	7.5039824191706899e-15	-8.0585363429444936e-15	7.5039818551190894e-15	0	0	0	1	2.5355499653302606e-20	5.4590884121139984e-08	5.3028333283897263e-18	1.1452076428059978e-21	5.177558147859067e-08	5.4590886397858581e-08	1.1452076428059978e-21	5.1775583442309166e-08
spheroidal	spheroidal_0S2	2	0.31086219999999998	0.30517578125	0	1	resonance	0.032294014437366445	0	0.10000000000000001	425	7159	3255324865013189.5	0	0	1	104.45364273697766	2047829150704847	3247961258497366.5	9.9786109873441404	0.99773798105529687	260	0.61176470588235299	237	1.2192227971777067e-20	4.4944204381696302e-09	4.3657769744917225e-19	2.2118682337546203e-14	8.7134737133106125e-23	3.9394180700686886e-09	2.2118682400110638e-14	3.9394180700686886e-09	0	2	-8.0585363767102489e-15	7.5039823766096451e-15	-8.0585363781287123e-15	7.5039824191706899e-15	-8.0585363429444936e-15	7.5039818551190894e-15	4.2584675339815148e-23	0	0	1	2.5355499653302606e-20	5.4590884121139984e-08	5.3028333283897263e-18	1.1452076428059978e-21	5.177558147859067e-08	5.0603009934117105e-08	1.0582264588480942e-21	4.7843107461893285e-08
spheroidal	spheroidal_0S2	2	0.31086219999999998	0.30517578125	0	1	resonance	0.032294014437366445	0	0.01	425	7159	3255324865013189.5	0	0	1	104.45364273697766	2047829150704847	3247961258497366.5	99.859196280905891	0.99773798105529687	217	0.51058823529411768	384	6.8831556843298037e-21	2.8981570392001514e-08	2.8152033046899341e-18	2.2118681969117252e-14	5.8559089867557289e-22	2.6474944939425676e-08	2.2118682400110638e-14	2.6474944939425676e-08	0	2	-8.0585363624084184e-15	7.5039821342058251e-15	-8.0585363781287123e-15	7.5039824191706899e-15	-8.0585363429444936e-15	7.5039818551190894e-15	2.8539814619639723e-22	0	0	1	2.5355499653302606e-20	5.4590884121139984e-08	5.3028333283897263e-18	1.1452076428059978e-21	5.177558147859067e-08	2.7029984502154423e-08	5.6013367337559362e-22	2.532400820662189e-08
spheroidal	spheroidal_0S2	2	0.31086219999999998	0.335693359375	1	1	flank	0.032294014437366445	0	1	425	7159	3255324713634825.5	0	0	1	719.72757550908568	2047829150704847	3247961107461423.5	0.99869009049827828	0.99773798105529699	399	0.93882352941176472	271	1.1920853770206926e-20	0	0	7.0481254366123043e-15	0	0	2.2118682400110638e-14	0	0	2	3.0065091426631149e-15	7.3346770744345887e-16	3.0065091426631149e-15	7.3346770744345887e-16	3.0065091499165986e-15	7.3346771090481072e-16	0	0	0	1	9.4453638336970356e-21	2.878175638671864e-09	8.6983936419180976e-20	1.7770026070763195e-23	2.5212414606662271e-09	2.8781756341309129e-09	1.7770026070763195e-23	2.5212414577911823e-09
spheroidal	spheroidal_0S2	2	0.31086219999999998	0.335693359375	1	1	flank	0.032294014437366445	0	0.10000000000000001	425	7159	3255324713634825.5	0	0	1	104.45365949730022	2047829150704847	3247961107461423.5	9.9793764947635815	0.99773798105529699	259	0.60941176470588232	241	1.1345127717998354e-20	8.1073504399373556e-09	2.4501953449962111e-19	7.0481254141239917e-15	2.3197453671798519e-23	3.2912941008820101e-09	2.2118682400110638e-14	1.0487719499820877e-09	0	2	3.0065091355981512e-15	7.3346770355257808e-16	3.0065091426631149e-15	7.3346770744345887e-16	3.0065091499165986e-15	7.3346771090481072e-16	8.0655232763799885e-24	0	0	1	9.4453638336970356e-21	2.878175638671864e-09	8.6983936419180976e-20	1.7770026070763195e-23	2.5212414606662271e-09	8.031889096063884e-09	3.163437785659498e-23	4.4883392194175404e-09
spheroidal	spheroidal_0S2	2	0.31086219999999998	0.335693359375	1	1	flank	0.032294014437366445	0	0.01	425	7159	3255324713634825.5	0	0	1	104.45365949730022	2047829150704847	3247961107461423.5	99.85599259023742	0.99773798105529699	216	0.50823529411764701	384	7.2316074012839073e-21	3.0197171479749414e-09	9.1261589763358086e-20	7.048125446889118e-15	1.7504817249802458e-23	2.4836131829992208e-09	2.2118682400110638e-14	7.9140415930538873e-10	0	2	3.0065091503307857e-15	7.3346771098547254e-16	3.0065091426631149e-15	7.3346770744345887e-16	3.0065091499165986e-15	7.3346771090481072e-16	8.4462439229501584e-24	0	0	1	9.4453638336970356e-21	2.878175638671864e-09	8.6983936419180976e-20	1.7770026070763195e-23	2.5212414606662271e-09	2.2813987207387485e-09	2.2454063737332227e-24	3.1858206715628201e-10
spheroidal	spheroidal_0S2	2	0.31086219999999998	0.3662109375	2	1	antiresonance	0.032294014437366445	0	1	425	7159	3255324547839475	0	0	1	719.7208443696851	2047829150704847	3247960942041105.5	0.99898714285861923	0.99773798105529699	397	0.9341176470588235	269	1.1796116609846422e-20	0	0	3.2927752499596157e-15	0	0	2.2118682400110638e-14	0	0	0	1.2827876664815048e-15	6.4539274791414088e-17	1.2827876664815048e-15	6.4539274791414088e-17	1.2827876629637484e-15	6.4539274210885074e-17	0	0	0	1	2.8406440113327633e-20	2.4772063484917462e-09	3.4242229039589762e-20	9.4099837582667332e-24	2.8577667906068422e-09	2.477206352151843e-09	9.4099837582667332e-24	2.8577667987215307e-09
spheroidal	spheroidal_0S2	2	0.31086219999999998	0.3662109375	2	1	antiresonance	0.032294014437366445	0	0.10000000000000001	425	7159	3255324547839475	0	0	1	104.45367785399785	2047829150704847	3247960942041105.5	9.9795524198545689	0.99773798105529699	259	0.60941176470588232	241	1.2908992759691152e-20	3.0232458790996438e-09	4.1790090639060396e-20	3.2927752419098412e-15	8.3618368885344893e-24	2.5394496294993239e-09	2.2118682400110638e-14	3.7804407772918082e-10	0	0	1.2827876619910574e-15	6.4539274141339897e-17	1.2827876664815048e-15	6.4539274791414088e-17	1.2827876629637484e-15	6.4539274210885074e-17	4.5372583851846572e-24	0	0	1	2.8406440113327633e-20	2.4772063484917462e-09	3.4242229039589762e-20	9.4099837582667332e-24	2.8577667906068422e-09	2.6111546453109702e-09	3.2615565771945319e-24	9.9051904210461721e-10
spheroidal	spheroidal_0S2	2	0.31086219999999998	0.3662109375	2	1	antiresonance	0.032294014437366445	0	0.01	425	7159	3255324547839475	0	0	1	104.45367785399785	2047829150704847	3247960942041105.5	99.852485791171816	0.99773798105529699	215	0.50588235294117645	384	1.2007019368719724e-20	2.6438412979580681e-09	3.6545610874978788e-20	3.2927752394510856e-15	1.0644752862481576e-23	3.2327602263811137e-09	2.2118682400110638e-14	4.8125619193430482e-10	0	0	1.2827876615449171e-15	6.4539274042507557e-17	1.2827876664815048e-15	6.4539274791414088e-17	1.2827876629637484e-15	6.4539274210885074e-17	4.9930710235617928e-24	0	0	1	2.8406440113327633e-20	2.4772063484917462e-09	3.4242229039589762e-20	9.4099837582667332e-24	2.8577667906068422e-09	1.1038433669364964e-09	1.7068934041677059e-24	5.1837531548361822e-10
spheroidal	spheroidal_0S2	2	0.31086219999999998	0.244140625	-2	1	antiresonance	0.0032294014437366449	1	1	425	7159	3226600063860127.5	0	0	1	919.86733241612819	2029759060924047.8	3219301433403736.5	0.99973954616046423	0.99773798105995837	401	0.94352941176470584	239	1.4153347836697981e-20	0	0	2.727073694358877e-15	0	0	4.1791260552216219e-14	0	0	2	-1.6309462633295465e-15	1.7555941445769586e-17	-1.6309462633295465e-15	1.7555941445769586e-17	-1.6309462576805076e-15	1.7555941306643621e-17	0	0	0	1	2.0652308128172663e-20	7.5369243822504054e-09	9.2462557300359127e-20	1.0020286458316416e-23	3.6743731858233264e-09	7.5369244232120833e-09	1.0020286458316416e-23	3.6743731993105125e-09
spheroidal	spheroidal_0S2	2	0.31086219999999998	0.244140625	-2	1	antiresonance	0.0032294014437366449	1	0.10000000000000001	425	7159	3226600063860127.5	0	0	1	104.70842242078528	2029759060924047.8	3219301433403736.5	9.9784927782939441	0.99773798105995837	260	0.61176470588235299	235	1.6563333954669885e-20	1.8505381485587834e-08	2.2702296178076768e-19	2.7270736757657919e-15	2.4817463893544871e-23	9.1004008967126014e-09	4.1791260552216219e-14	5.9384339131232028e-10	0	2	-1.6309462500220103e-15	1.7555941105365221e-17	-1.6309462633295465e-15	1.7555941445769586e-17	-1.6309462576805076e-15	1.7555941306643621e-17	1.3311889227843103e-23	0	0	1	2.0652308128172663e-20	7.5369243822504054e-09	9.2462557300359127e-20	1.0020286458316416e-23	3.6743731858233264e-09	1.3456591814440813e-08	1.6338331161497659e-23	5.9911586750538282e-09
spheroidal	spheroidal_0S2	2	0.31086219999999998	0.244140625	-2	1	antiresonance	0.0032294014437366449	1	0.01	425	7159	3226600063860127.5	0	0	1	104.70842242078528	2029759060924047.8	3219301433403736.5	98.221678157611748	0.99773798105995837	216	0.50823529411764701	372	1.7624163569485359e-20	1.3932714847255649e-08	1.7092574896303889e-19	2.7270736795754422e-15	1.825122570400116e-23	6.692604509278559e-09	4.1791260552216219e-14	4.3672350302037695e-10	0	2	-1.6309462531932481e-15	1.7555941191694162e-17	-1.6309462633295465e-15	1.7555941445769586e-17	-1.6309462576805076e-15	1.7555941306643621e-17	1.0139482213659051e-23	0	0	1	2.0652308128172663e-20	7.5369243822504054e-09	9.2462557300359127e-20	1.0020286458316416e-23	3.6743731858233264e-09	8.497637498245093e-09	9.7719799606136989e-24	3.5833208382658547e-09
spheroidal	spheroidal_0S2	2	0.31086219999999998	0.274658203125	-1	1	flank	0.0032294014437366449	1	1	425	7159	3227006764162462	0	0	1	916.89046305362263	2030014981198686.8	3219707213742069.5	0.99973954616252059	0.99773798105989187	399	0.93882352941176472	241	1.7712217447977779e-20	0	0	5.0144918826388032e-15	0	0	4.1791260552216219e-14	0	0	2	-2.783086696666521e-15	6.1937203083462874e-17	-2.783086696666521e-15	6.1937203083462874e-17	-2.7830866679246401e-15	6.1937201741654687e-17	0	0	0	1	1.4747668084457735e-20	1.5618109727246332e-08	3.5366661417107367e-19	5.1078244668535054e-23	1.0186125706051771e-08	1.5618109943216542e-08	5.1078244668535054e-23	1.0186125809773023e-08
spheroidal	spheroidal_0S2	2	0.31086219999999998	0.274658203125	-1	1	flank	0.0032294014437366449	1	0.10000000000000001	425	7159	3227006764162462	0	0	1	104.70468923204857	2030014981198686.8	3219707213742069.5	9.9786260354337628	0.99773798105989187	260	0.61176470588235299	235	2.0193675312211895e-20	8.6774158281729551e-09	1.964970364083554e-19	5.0144919085042428e-15	2.587154220185837e-23	5.1593546878460291e-09	4.1791260552216219e-14	6.1906584917516644e-10	0	2	-2.783086708166508e-15	6.1937203571724609e-17	-2.783086696666521e-15	6.1937203083462874e-17	-2.7830866679246401e-15	6.1937201741654687e-17	1.1510347601872454e-23	0	0	1	1.4747668084457735e-20	1.5618109727246332e-08	3.5366661417107367e-19	5.1078244668535054e-23	1.0186125706051771e-08	2.3507322859653315e-08	7.6943782672023313e-23	1.5344283180895406e-08
spheroidal	spheroidal_0S2	2	0.31086219999999998	0.274658203125	-1	1	flank	0.0032294014437366449	1	0.01	425	7159	3227006764162462	0	0	1	104.70468923204857	2030014981198686.8	3219707213742069.5	98.515036313134388	0.99773798105989187	215	0.50588235294117645	372	1.4605846647011442e-20	2.1604355251868947e-09	4.8922304342298294e-20	5.0144918861479342e-15	3.8781498611882334e-24	7.7338840144804735e-10	4.1791260552216219e-14	9.2798106827686302e-11	0	2	-2.7830866973244014e-15	6.1937203087946636e-17	-2.783086696666521e-15	6.1937203083462874e-17	-2.7830866679246401e-15	6.1937201741654687e-17	6.5789569195895128e-25	0	0	1	1.4747668084457735e-20	1.5618109727246332e-08	3.5366661417107367e-19	5.1078244668535054e-23	1.0186125706051771e-08	1.7146132648534021e-08	5.458321497692769e-23	1.0885094005577123e-08
spheroidal	spheroidal_0S2	2	0.31086219999999998	0.30517578125	0	1	resonance	0.0032294014437366449	1	1	425	7159	3227370542638464	0	0	1	712.46426928379003	2030243909685392.5	3220070169344076.5	0.99869620188560559	0.99773798105983236	398	0.93647058823529417	270	1.2198431453207634e-20	0	0	4.1791260552216219e-14	0	0	4.1791260552216219e-14	0	0	2	-2.0233924865606361e-14	4.1710650020532174e-15	-2.0233924865606361e-14	4.1710650020532174e-15	-2.0233924210756806e-14	4.1710647208080439e-15	0	0	0	1	1.9993089730618777e-20	3.8894905045146662e-08	7.1504505941114643e-18	1.4590007368798254e-21	3.4911623090595042e-08	3.8894906533821261e-08	1.4590007368798254e-21	3.4911624285171556e-08
spheroidal	spheroidal_0S2	2	0.31086219999999998	0.30517578125	0	1	resonance	0.0032294014437366449	1	0.10000000000000001	425	7159	3227370542638464	0	0	1	104.70135621219518	2030243909685392.5	3220070169344076.5	9.9787731553263974	0.99773798105983236	261	0.61411764705882355	237	1.5726955974911337e-20	2.1853315951385797e-08	4.0175199257207214e-18	4.1791259806085196e-14	7.6196100198369804e-22	1.8232544123230346e-08	4.1791260552216219e-14	1.8232544123230346e-08	0	2	-2.0233924522162769e-14	4.171064853252925e-15	-2.0233924865606361e-14	4.1710650020532174e-15	-2.0233924210756806e-14	4.1710647208080439e-15	3.7429270385288513e-22	0	0	1	1.9993089730618777e-20	3.8894905045146662e-08	7.1504505941114643e-18	1.4590007368798254e-21	3.4911623090595042e-08	1.7043690520680054e-08	6.9705779460695682e-22	1.6679511678939485e-08
spheroidal	spheroidal_0S2	2	0.31086219999999998	0.30517578125	0	1	resonance	0.0032294014437366449	1	0.01	425	7159	3227370542638464	0	0	1	104.70135621219518	2030243909685392.5	3220070169344076.5	98.856276891265153	0.99773798105983236	213	0.50117647058823533	372	8.810300016778712e-21	5.1599593812609877e-08	9.4860842520381912e-18	4.1791258583450927e-14	2.0095227875749966e-21	4.8084761287929855e-08	4.1791260552216219e-14	4.8084761287929855e-08	0	2	-2.0233923965729995e-14	4.1710646131641987e-15	-2.0233924865606361e-14	4.1710650020532174e-15	-2.0233924210756806e-14	4.1710647208080439e-15	9.8031226845699867e-22	0	0	1	1.9993089730618777e-20	3.8894905045146662e-08	7.1504505941114643e-18	1.4590007368798254e-21	3.4911623090595042e-08	1.3715723849213425e-08	5.5053410932512958e-22	1.3173427192390513e-08
spheroidal	spheroidal_0S2	2	0.31086219999999998	0.335693359375	1	1	flank	0.0032294014437366449	1	1	425	7159	3227699592816989	0	0	1	911.825469899636	2030451000691930	3220398475204691.5	0.99869612927436813	0.9977379810597784	399	0.93882352941176472	271	7.2247100158080724e-21	0	0	6.8017996383328398e-15	0	0	4.1791260552216219e-14	0	0	2	2.9614799692500964e-15	1.0616624107932854e-16	2.9614799692500964e-15	1.0616624107932854e-16	2.961479967556171e-15	1.0616624101569418e-16	0	0	0	1	1.1518502277355074e-20	2.2653145838205839e-09	6.616512643319561e-20	6.7864920110001321e-24	9.9774947394121422e-10	2.2653145841532611e-09	6.7864920110001321e-24	9.977494749192885e-10
spheroidal	spheroidal_0S2	2	0.31086219999999998	0.335693359375	1	1	flank	0.0032294014437366449	1	0.10000000000000001	425	7159	3227699592816989	0	0	1	104.69834693581838	2030451000691930	3220398475204691.5	9.9795292077631217	0.9977379810597784	260	0.61176470588235299	241	1.5775011251657416e-20	8.4442356643890194e-09	2.4663855711540764e-19	6.8017995511952918e-15	8.7184421464733182e-23	1.2817846173149343e-08	4.1791260552216219e-14	2.0861878850435806e-09	0	2	2.9614799297212088e-15	1.0616623840620794e-16	2.9614799692500964e-15	1.0616624107932854e-16	2.961479967556171e-15	1.0616624101569418e-16	3.9619168629412139e-23	0	0	1	1.1518502277355074e-20	2.2653145838205839e-09	6.616512643319561e-20	6.7864920110001321e-24	9.9774947394121422e-10	8.2969080679297662e-09	8.0518930470382317e-23	1.1837886269912106e-08
spheroidal	spheroidal_0S2	2	0.31086219999999998	0.335693359375	1	1	flank	0.0032294014437366449	1	0.01	425	7159	3227699592816989	0	0	1	104.69834693581838	2030451000691930	3220398475204691.5	99.249177103277646	0.9977379810597784	212	0.49882352941176472	373	1.5202013804379567e-20	4.0994335334291504e-09	1.1973592541233739e-19	6.8017995996211443e-15	3.8728165392821634e-23	5.6938115575415759e-09	4.1791260552216219e-14	9.2670488712424951e-10	0	2	2.9614799532599978e-15	1.0616624003283262e-16	2.9614799692500964e-15	1.0616624107932854e-16	2.961479967556171e-15	1.0616624101569418e-16	1.6024306685120691e-23	0	0	1	1.1518502277355074e-20	2.2653145838205839e-09	6.616512643319561e-20	6.7864920110001321e-24	9.9774947394121422e-10	3.9521366351955409e-09	3.2061936419640557e-23	4.7137431497362965e-09
spheroidal	spheroidal_0S2	2	0.31086219999999998	0.3662109375	2	1	antiresonance	0.0032294014437366449	1	1	425	7159	3227999964496712.5	0	0	1	909.63153232469131	2030640059968525.2	3220698167437828	0.99871720940679831	0.99773798105972933	397	0.9341176470588235	269	1.0682421311785193e-20	0	0	3.2251275934908145e-15	0	0	4.1791260552216219e-14	0	0	0	1.2807065572011701e-15	7.8156373533261301e-18	1.2807065572011701e-15	7.8156373533261301e-18	1.2807065557718843e-15	7.8156373366425632e-18	0	0	0	1	1.0985124775822772e-20	2.7550906621595426e-09	3.7348186453889563e-20	2.992665120475604e-24	9.279214647245638e-10	2.75509066421562e-09	2.992665120475604e-24	9.2792146468639024e-10
spheroidal	spheroidal_0S2	2	0.31086219999999998	0.3662109375	2	1	antiresonance	0.0032294014437366449	1	0.10000000000000001	425	7159	3227999964496712.5	0	0	1	104.69560502612894	2030640059968525.2	3220698167437828	9.9796971942605541	0.99773798105972933	260	0.61176470588235299	241	1.4060161276963105e-20	9.9540688119225592e-09	1.3493799789191922e-19	3.2251276021308999e-15	8.6649062499882937e-24	2.6866863399378165e-09	4.1791260552216219e-14	2.0733775759555996e-10	0	0	1.2807065607843341e-15	7.8156374360155147e-18	1.2807065572011701e-15	7.8156373533261301e-18	1.2807065557718843e-15	7.8156373366425632e-18	3.5841179963421492e-24	0	0	1	1.0985124775822772e-20	2.7550906621595426e-09	3.7348186453889563e-20	2.992665120475604e-24	9.279214647245638e-10	1.1459859634868711e-08	8.7299599499472509e-24	2.7068572316976068e-09
spheroidal	spheroidal_0S2	2	0.31086219999999998	0.3662109375	2	1	antiresonance	0.0032294014437366449	1	0.01	425	7159	3227999964496712.5	0	0	1	104.69560502612894	2030640059968525.2	3220698167437828	99.69712512329744	0.99773798105972933	211	0.49647058823529411	372	1.1375818824983749e-20	2.518923565183703e-09	3.4146690077282594e-20	3.2251276088215527e-15	1.5333856986411654e-23	4.7544962305862101e-09	4.1791260552216219e-14	3.6691539771222547e-10	0	0	1.2807065621124327e-15	7.815637479003533e-18	1.2807065572011701e-15	7.8156373533261301e-18	1.2807065557718843e-15	7.8156373366425632e-18	4.9128703696786067e-24	0	0	1	1.0985124775822772e-20	2.7550906621595426e-09	3.7348186453889563e-20	2.992665120475604e-24	9.279214647245638e-10	2.7121475688056498e-09	1.5200286925674474e-23	4.7130807958505178e-09
spheroidal	spheroidal_0S2	2	0.31086219999999998	0.244140625	-2	1	antiresonance	0.0032294014437366449	0	1	425	7159	3255325124284945.5	0	0	1	719.74424740915265	2047829150704847	3247961517182644.5	0.99973954630551709	0.99773798105529676	401	0.94352941176470584	239	1.6128879944565141e-20	0	0	2.6847241938974044e-15	0	0	3.0592210166693326e-14	0	0	2	-1.5975914237330866e-15	1.0495916621529087e-17	-1.5975914237330866e-15	1.0495916621529087e-17	-1.5975914209760266e-15	1.0495916578388994e-17	0	0	0	1	1.2343371136616863e-20	5.313264839095016e-09	6.336226736475609e-20	5.777664563561039e-24	2.1520514385403679e-09	5.3132648561814597e-09	5.777664563561039e-24	2.1520514409898184e-09
spheroidal	spheroidal_0S2	2	0.31086219999999998	0.244140625	-2	1	antiresonance	0.0032294014437366449	0	0.10000000000000001	425	7159	3255325124284945.5	0	0	1	104.45361403121797	2047829150704847	3247961517182644.5	9.9783160362785619	0.99773798105529676	259	0.60941176470588232	235	1.234812645146657e-20	1.8455581200316726e-08	2.2008830837530976e-19	2.6847241768735979e-15	2.3722254194019974e-23	8.8360116275416974e-09	3.0592210166693326e-14	7.7543446729609344e-10	0	2	-1.5975914112443556e-15	1.0495916446399307e-17	-1.5975914237330866e-15	1.0495916621529087e-17	-1.5975914209760266e-15	1.0495916578388994e-17	1.2489958786746618e-23	0	0	1	1.2343371136616863e-20	5.313264839095016e-09	6.336226736475609e-20	5.777664563561039e-24	2.1520514385403679e-09	1.3914007531525295e-08	1.7944612099538789e-23	6.6839685658410584e-09
spheroidal	spheroidal_0S2	2	0.31086219999999998	0.244140625	-2	1	antiresonance	0.0032294014437366449	0	0.01	425	7159	3255325124284945.5	0	0	1	104.45361403121797	2047829150704847	3247961517182644.5	99.864687442776287	0.99773798105529676	215	0.50588235294117645	384	1.2225236790739102e-20	1.3431879778628289e-08	1.6017917109693069e-19	2.6847241808855887e-15	1.6797500489434682e-23	6.2566950182878233e-09	3.0592210166693326e-14	5.4907770304620337e-10	0	2	-1.5975914146074817e-15	1.0495916493610603e-17	-1.5975914237330866e-15	1.0495916621529087e-17	-1.5975914209760266e-15	1.0495916578388994e-17	9.1265013840456218e-24	0	0	1	1.2343371136616863e-20	5.313264839095016e-09	6.336226736475609e-20	5.777664563561039e-24	2.1520514385403679e-09	8.8686847760977629e-09	1.1019950587547189e-23	4.1046862933403973e-09
spheroidal	spheroidal_0S2	2	0.31086219999999998	0.274658203125	-1	1	flank	0.0032294014437366449	0	1	425	7159	3255325001740556	0	0	1	719.73927227178706	2047829150704847	3247961394915453	0.99973954630551709	0.99773798105529687	399	0.93882352941176472	241	9.6145795731738496e-21	0	0	4.7775863910612966e-15	0	0	3.0592210166693326e-14	0	0	2	-2.672384589853422e-15	3.598883669830712e-17	-2.672384589853422e-15	3.598883669830712e-17	-2.6723845889249985e-15	3.5988836662545084e-17	0	0	0	1	1.2601151047126239e-20	3.9125040843689722e-09	8.4377895488359096e-20	6.1401271247015582e-24	1.2851943684764194e-09	3.9125040933012581e-09	6.1401271247015582e-24	1.2851943700607401e-09
spheroidal	spheroidal_0S2	2	0.31086219999999998	0.274658203125	-1	1	flank	0.0032294014437366449	0	0.10000000000000001	425	7159	3255325001740556	0	0	1	104.45362759890223	2047829150704847	3247961394915453	9.9784566076856791	0.99773798105529687	259	0.60941176470588232	235	1.1337072416469035e-20	4.1181335435350818e-09	8.8812544153433705e-20	4.7775863903445408e-15	1.0230274127953469e-23	2.1413059420744263e-09	3.0592210166693326e-14	3.3440781402225987e-10	0	2	-2.672384592765091e-15	3.5988836777513389e-17	-2.672384589853422e-15	3.598883669830712e-17	-2.6723845889249985e-15	3.5988836662545084e-17	2.9127461617914823e-24	0	0	1	1.2601151047126239e-20	3.9125040843689722e-09	8.4377895488359096e-20	6.1401271247015582e-24	1.2851943684764194e-09	4.7381294375947201e-09	6.8968016569877928e-24	1.4435744539111833e-09
spheroidal	spheroidal_0S2	2	0.31086219999999998	0.274658203125	-1	1	flank	0.0032294014437366449	0	0.01	425	7159	3255325001740556	0	0	1	104.45362759890223	2047829150704847	3247961394915453	99.862091426733372	0.99773798105529687	219	0.51529411764705879	384	8.5141169057598749e-21	4.7485068552925423e-09	1.0240730910987732e-19	4.7775863869980366e-15	8.504468432854525e-24	1.7800763265665064e-09	3.0592210166693326e-14	2.779945739949708e-10	0	2	-2.6723845910739231e-15	3.5988836726109345e-17	-2.672384589853422e-15	3.598883669830712e-17	-2.6723845889249985e-15	3.5988836662545084e-17	1.2208177551473914e-24	0	0	1	1.2601151047126239e-20	3.9125040843689722e-09	8.4377895488359096e-20	6.1401271247015582e-24	1.2851943684764194e-09	2.1243955379182823e-09	5.1615484020162223e-24	1.0803673624900212e-09
spheroidal	spheroidal_0S2	2	0.31086219999999998	0.30517578125	0	1	resonance	0.0032294014437366449	0	1	425	7159	3255324864779179	0	0	1	719.73371180642641	2047829150704847	3247961258263885.5	0.99869009049827828	0.99773798105529687	398	0.93647058823529417	270	1.7382568567974247e-20	0	0	3.0592210166693326e-14	0	0	3.0592210166693326e-14	0	0	2	-1.5176680999196008e-14	1.4386966645264047e-15	-1.5176680999196008e-14	1.4386966645264047e-15	-1.5176680607551307e-14	1.4386965889605358e-15	0	0	0	1	1.7441399383575385e-20	2.8285352999442899e-08	3.8044840611953387e-18	8.0439650202002435e-22	2.6294161083392249e-08	2.8285353796336038e-08	8.0439650202002435e-22	2.629416177162059e-08
spheroidal	spheroidal_0S2	2	0.31086219999999998	0.30517578125	0	1	resonance	0.0032294014437366449	0	0.10000000000000001	425	7159	3255324864779179	0	0	1	104.45364276288863	2047829150704847	3247961258263885.5	9.9786112035115693	0.99773798105529687	260	0.61176470588235299	237	1.0766696840786262e-20	8.0611200962705385e-08	1.0842503157816957e-17	3.0592207924661182e-14	2.2520144118608521e-21	7.3613982108186781e-08	3.0592210166693326e-14	7.3613982108186781e-08	0	2	-1.5176679919960096e-14	1.4386964560667182e-15	-1.5176680999196008e-14	1.4386966645264047e-15	-1.5176680607551307e-14	1.4386965889605358e-15	1.0991840588726257e-21	0	0	1	1.7441399383575385e-20	2.8285352999442899e-08	3.8044840611953387e-18	8.0439650202002435e-22	2.6294161083392249e-08	5.2326249416568724e-08	1.4476257956439132e-21	4.7320080034963246e-08
spheroidal	spheroidal_0S2	2	0.31086219999999998	0.30517578125	0	1	resonance	0.0032294014437366449	0	0.01	425	7159	3255324864779179	0	0	1	104.45364276288863	2047829150704847	3247961258263885.5	99.859191351302201	0.99773798105529687	217	0.51058823529411768	384	1.2663034040758305e-20	4.9987731810594914e-08	6.7235338704261967e-18	3.0592208766229867e-14	1.406706615521696e-21	4.5982510183367544e-08	3.0592210166693326e-14	4.5982510183367544e-08	0	2	-1.5176680324672183e-14	1.4386965342354488e-15	-1.5176680999196008e-14	1.4386966645264047e-15	-1.5176680607551307e-14	1.4386965889605358e-15	6.8699208444228082e-22	0	0	1	1.7441399383575385e-20	2.8285352999442899e-08	3.8044840611953387e-18	8.0439650202002435e-22	2.6294161083392249e-08	2.1702795286118376e-08	6.0232004495795071e-22	1.9688674255348627e-08
spheroidal	spheroidal_0S2	2	0.31086219999999998	0.335693359375	1	1	flank	0.0032294014437366449	0	1	425	7159	3255324713400815.5	0	0	1	719.7275660071615	2047829150704847	3247961107227943	0.99869009049827828	0.99773798105529699	399	0.93882352941176472	271	1.3686304590273555e-20	0	0	7.2135528850760147e-15	0	0	3.0592210166693326e-14	0	0	2	3.1684583412269356e-15	7.6955271376409485e-17	3.1684583412269356e-15	7.6955271376409485e-17	3.1684583137417867e-15	7.6955270079240731e-17	0	0	0	1	1.5866440537570853e-20	5.9079975038749018e-09	1.8288617898014905e-19	5.4772537013731825e-23	7.593004152925767e-09	5.9079975387601391e-09	5.4772537013731825e-23	7.5930042105606432e-09
spheroidal	spheroidal_0S2	2	0.31086219999999998	0.335693359375	1	1	flank	0.0032294014437366449	0	0.10000000000000001	425	7159	3255324713400815.5	0	0	1	104.45365952321183	2047829150704847	3247961107227943	9.9793766968932687	0.99773798105529699	259	0.60941176470588232	241	6.4779270385367585e-21	4.7635938373852269e-09	1.4746036614967679e-19	7.2135528669674224e-15	1.8498191587441275e-23	2.5643662536545393e-09	3.0592210166693326e-14	6.0466999561806162e-10	0	2	3.1684583303268406e-15	7.6955270884914506e-17	3.1684583412269356e-15	7.6955271376409485e-17	3.1684583137417867e-15	7.6955270079240731e-17	1.0911170370419368e-23	0	0	1	1.5866440537570853e-20	5.9079975038749018e-09	1.8288617898014905e-19	5.4772537013731825e-23	7.593004152925767e-09	6.5229409526341311e-09	3.6657284134068155e-23	5.0817239432950867e-09
spheroidal	spheroidal_0S2	2	0.31086219999999998	0.335693359375	1	1	flank	0.0032294014437366449	0	0.01	425	7159	3255324713400815.5	0	0	1	104.45365952321183	2047829150704847	3247961107227943	99.855987668428639	0.99773798105529699	216	0.50823529411764701	384	9.3401814254676222e-21	2.7903467116208948e-09	8.6377126561659242e-20	7.2135528982120587e-15	1.3382899128281324e-23	1.8552437809070416e-09	3.0592210166693326e-14	4.3746100903986645e-10	0	2	3.1684583455830366e-15	7.6955271601163883e-17	3.1684583412269356e-15	7.6955271376409485e-17	3.1684583137417867e-15	7.6955270079240731e-17	4.3618952459082736e-24	0	0	1	1.5866440537570853e-20	5.9079975038749018e-09	1.8288617898014905e-19	5.4772537013731825e-23	7.593004152925767e-09	8.6979421950232953e-09	6.7911249589022248e-23	9.4143969256820041e-09
spheroidal	spheroidal_0S2	2	0.31086219999999998	0.3662109375	2	1	antiresonance	0.0032294014437366449	0	1	425	7159	3255324547605465	0	0	1	719.72083486746658	2047829150704847	3247960941807624.5	0.99898924329978422	0.99773798105529699	398	0.93647058823529417	269	1.4584358184941218e-20	0	0	3.3064837758222086e-15	0	0	3.0592210166693326e-14	0	0	0	1.2892787699099446e-15	6.5186500405596767e-18	1.2892787699099446e-15	6.5186500405596767e-18	1.2892787708215832e-15	6.5186500712503287e-18	0	0	0	1	1.9032489019293393e-20	2.6985581050759653e-09	3.7476025629056794e-20	8.241018495681713e-24	2.4923813496204002e-09	2.6985581048804964e-09	8.241018495681713e-24	2.4923813434090158e-09
spheroidal	spheroidal_0S2	2	0.31086219999999998	0.3662109375	2	1	antiresonance	0.0032294014437366449	0	0.10000000000000001	425	7159	3255324547605465	0	0	1	104.45367787991012	2047829150704847	3247960941807624.5	9.9795526114752526	0.99773798105529699	259	0.60941176470588232	241	8.4458012040995379e-21	2.518331544845599e-09	3.497314263479204e-20	3.306483783535595e-15	7.7224735042157507e-24	2.3355546338029248e-09	3.0592210166693326e-14	2.5243267688528906e-10	0	0	1.2892787699314219e-15	6.5186500618977309e-18	1.2892787699099446e-15	6.5186500405596767e-18	1.2892787708215832e-15	6.5186500712503287e-18	3.0275208565609164e-26	0	0	1	1.9032489019293393e-20	2.6985581050759653e-09	3.7476025629056794e-20	8.241018495681713e-24	2.4923813496204002e-09	3.3228829822094586e-09	1.2535582965902768e-24	3.7912125945771705e-10
spheroidal	spheroidal_0S2	2	0.31086219999999998	0.3662109375	2	1	antiresonance	0.0032294014437366449	0	0.01	425	7159	3255324547605465	0	0	1	104.45367787991012	2047829150704847	3247960941807624.5	99.852480877908633	0.99773798105529699	215	0.50588235294117645	384	1.1548668255798578e-20	2.0102909100576584e-09	2.791776598231148e-20	3.3064837817328838e-15	6.6040952540744491e-24	1.9973166970801898e-09	3.0592210166693326e-14	2.1587506159540344e-10	0	0	1.2892787695634816e-15	6.5186500536511069e-18	1.2892787699099446e-15	6.5186500405596767e-18	1.2892787708215832e-15	6.5186500712503287e-18	3.4671022420231369e-25	0	0	1	1.9032489019293393e-20	2.6985581050759653e-09	3.7476025629056794e-20	8.241018495681713e-24	2.4923813496204002e-09	1.7504836542332426e-09	2.329712240489267e-24	7.0458904160325388e-10
spheroidal	spheroidal_0S12	12	2.0030700000000001	1.953125	-1	0	flank	0.32294014437366447	1	1	425	7159	84078461859911520	0	0	1	3519.129393604459	52891292442823712	83888276744989904	0.99904036674754826	0.99773800435076354	408	0.95999999999999996	248	1.8033034640055685e-20	0	0	8.6120766653311274e-15	0	0	1.0274622077151023e-14	0	0	2	-3.5232130081471935e-15	4.5076906497253703e-15	-3.5232130081471935e-15	4.5076906497253703e-15	-3.5232130088143296e-15	4.5076906462823853e-15	0	0	0	1	3.3671175824709734e-20	2.5770137148625677e-08	9.2550218368454758e-20	5.2491539890052066e-24	6.0951082915184206e-10	2.5770137775420079e-08	5.2491539890052066e-24	6.0951082939192689e-10
spheroidal	spheroidal_0S12	12	2.0030700000000001	1.953125	-1	0	flank	0.32294014437366447	1	0.10000000000000001	425	7159	84078461859911520	0	0	1	2262.7427352234145	52891292442823712	83888276744989904	9.9346502299888773	0.99773800435076354	300	0.70588235294117652	223	1.7879994205167845e-20	2.3726032201087356e-08	8.5209071591795115e-20	8.6120766619133607e-15	5.3737831409783226e-24	6.2398226929528909e-10	1.0274622077151023e-14	5.2301516305195149e-10	0	2	-3.5232130089041201e-15	4.5076906462382414e-15	-3.5232130081471935e-15	4.5076906497253703e-15	-3.5232130088143296e-15	4.5076906462823853e-15	3.5683337364571074e-24	0	0	1	3.3671175824709734e-20	2.5770137148625677e-08	9.2550218368454758e-20	5.2491539890052066e-24	6.0951082915184206e-10	1.0138837968085442e-08	1.7101177050757484e-25	1.9857204855521418e-11
spheroidal	spheroidal_0S12	12	2.0030700000000001	1.953125	-1	0	flank	0.32294014437366447	1	0.01	425	7159	84078461859911520	0	0	1	409.71145833333401	52943227105250384	83945932275006400	82.711872864454591	0.99842373918393112	163	0.3835294117647059	233	9.2535548757140357e-21	2.4550906180423969e-08	8.8171503125386356e-20	8.6120766620788085e-15	5.0895919814623151e-24	5.9098312512138144e-10	1.0274622077151023e-14	4.9535563870331389e-10	0	2	-3.5232130088284163e-15	4.5076906464012019e-15	-3.5232130081471935e-15	4.5076906497253703e-15	-3.5232130088143296e-15	4.5076906462823853e-15	3.393252084656309e-24	0	0	1	3.3671175824709734e-20	2.5770137148625677e-08	9.2550218368454758e-20	5.2491539890052066e-24	6.0951082915184206e-10	8.2451935852661308e-09	1.693945351561373e-25	1.9669417935487956e-11
spheroidal	spheroidal_0S12	12	2.0030700000000001	1.983642578125	0	0	resonance	0.32294014437366447	1	1	425	7159	84079830028997568	0	0	1	3519.0360389207431	52892168322031720	83889641819264912	0.99904037724558958	0.99773800435054327	408	0.95999999999999996	248	1.6365055952403389e-20	0	0	1.0274622077151023e-14	0	0	1.0274622077151023e-14	0	0	2	-1.4281165473499394e-15	6.3003321204164089e-15	-1.4281165473499394e-15	6.3003321204164089e-15	-1.4281165466646048e-15	6.3003321207612334e-15	0	0	0	1	2.3562732193300892e-20	1.9954575524111959e-08	8.4843319817227421e-20	1.223299777187843e-24	1.1906031852093611e-10	1.9954575408001427e-08	1.223299777187843e-24	1.1906031851671801e-10
spheroidal	spheroidal_0S12	12	2.0030700000000001	1.983642578125	0	0	resonance	0.32294014437366447	1	0.10000000000000001	425	7159	84079830028997568	0	0	1	2262.7430254630381	52892168322031720	83889641819264912	9.6323939880878999	0.99773800435054327	301	0.70823529411764707	251	1.7257700969659313e-20	1.2519250896203383e-08	5.3229636800603644e-20	1.0274622077649983e-14	1.9840492498644243e-24	1.9310191995057467e-10	1.0274622077151023e-14	1.9310191995057467e-10	0	2	-1.4281165462260179e-15	6.3003321209542945e-15	-1.4281165473499394e-15	6.3003321204164089e-15	-1.4281165466646048e-15	6.3003321207612334e-15	1.2460017771815877e-24	0	0	1	2.3562732193300892e-20	1.9954575524111959e-08	8.4843319817227421e-20	1.223299777187843e-24	1.1906031852093611e-10	8.641499314203298e-09	7.6759154316701093e-25	7.4707520858290923e-11
spheroidal	spheroidal_0S12	12	2.0030700000000001	1.983642578125	0	0	resonance	0.32294014437366447	1	0.01	425	7159	84079830028997568	0	0	1	409.71145833333401	52943860920352384	83947031294391728	82.281172808420337	0.99842056371236665	163	0.3835294117647059	233	2.0110142613939185e-20	1.2758582334533177e-08	5.4247231674520938e-20	1.0274622077598218e-14	1.6856447372485463e-24	1.6405905001577894e-10	1.0274622077151023e-14	1.6405905001577894e-10	0	2	-1.4281165464048223e-15	6.3003321208869873e-15	-1.4281165473499394e-15	6.3003321204164089e-15	-1.4281165466646048e-15	6.3003321207612334e-15	1.0557889733327397e-24	0	0	1	2.3562732193300892e-20	1.9954575524111959e-08	8.4843319817227421e-20	1.223299777187843e-24	1.1906031852093611e-10	7.6071272021609472e-09	4.6963002979793254e-25	4.5707766792286217e-11
spheroidal	spheroidal_0S12	12	2.0030700000000001	2.01416015625	1	0	flank	0.32294014437366447	1	1	425	7159	84081176565231616	0	0	1	3518.9442149193037	52893030828514600	83890985309621664	0.9990403875833973	0.99773800435032689	408	0.95999999999999996	248	1.7110519567477188e-20	0	0	9.728260080297556e-15	0	0	1.0274622077151023e-14	0	0	2	1.5358252949086326e-15	5.5560758484529918e-15	1.5358252949086326e-15	5.5560758484529918e-15	1.5358252944135129e-15	5.556075848708963e-15	0	0	0	1	1.5972984474319696e-20	1.017984056958238e-08	4.0668684573938851e-20	8.9977173614964917e-25	9.2490509990778131e-11	1.0179840642008398e-08	8.9977173614964917e-25	9.2490509990306586e-11
spheroidal	spheroidal_0S12	12	2.0030700000000001	2.01416015625	1	0	flank	0.32294014437366447	1	0.10000000000000001	425	7159	84081176565231616	0	0	1	2262.7433110289794	52893030828514600	83890985309621664	9.6304358387378297	0.99773800435032689	301	0.70823529411764707	251	1.2448515860298522e-20	1.0059640409528168e-08	4.0188482319142415e-20	9.7282600802028501e-15	2.5041141012506985e-25	2.5740616313519711e-11	1.0274622077151023e-14	2.4371836574110241e-11	0	2	1.5358252948243436e-15	5.556075848512535e-15	1.5358252949086326e-15	5.5560758484529918e-15	1.5358252944135129e-15	5.556075848708963e-15	1.0319898502999421e-25	0	0	1	1.5972984474319696e-20	1.017984056958238e-08	4.0668684573938851e-20	8.9977173614964917e-25	9.2490509990778131e-11	6.1859506718225242e-09	7.7645947947748839e-25	7.981483565042398e-11
spheroidal	spheroidal_0S12	12	2.0030700000000001	2.01416015625	1	0	flank	0.32294014437366447	1	0.01	425	7159	84081176565231616	0	0	1	409.71145833333401	52944491622192744	83948120157478336	81.792690020782501	0.99841752443069043	163	0.3835294117647059	233	9.8685667210735863e-21	5.2605841378188842e-09	2.1016148093211154e-20	9.7282600802784592e-15	3.4384877500200139e-25	3.5345351806371951e-11	1.0274622077151023e-14	3.3465831873919858e-11	0	2	1.5358252947728179e-15	5.5560758485855725e-15	1.5358252949086326e-15	5.5560758484529918e-15	1.5358252944135129e-15	5.556075848708963e-15	1.8979793334823134e-25	0	0	1	1.5972984474319696e-20	1.017984056958238e-08	4.0668684573938851e-20	8.9977173614964917e-25	9.2490509990778131e-11	6.322599121664322e-09	6.480524270666531e-25	6.6615450421174113e-11
spheroidal	spheroidal_0S12	12	2.0030700000000001	1.953125	-1	0	flank	0.32294014437366447	0	1	425	7159	84638573653173952	0	0	1	3480.1140022305908	53243640652299440	84447121560137136	0.99904459504379262	0.99773800426007486	407	0.95764705882352941	248	1.9169904528193162e-20	0	0	7.9559274174609466e-15	0	0	1.0810691017162564e-14	0	0	2	-3.9551346522448978e-15	3.6909525062416711e-15	-3.9551346522448978e-15	3.6909525062416711e-15	-3.9551346521148903e-15	3.6909525052767065e-15	0	0	0	1	2.3467073447236418e-20	1.585218142764164e-08	5.2521960637318957e-20	1.4349671868486682e-24	1.803645397391802e-10	1.5852181585607633e-08	1.4349671868486682e-24	1.8036453976454001e-10
spheroidal	spheroidal_0S12	12	2.0030700000000001	1.953125	-1	0	flank	0.32294014437366447	0	0.10000000000000001	425	7159	84638573653173952	0	0	1	2262.8580642078905	53243640652299440	84447121560137136	9.9341111829250117	0.99773800426007486	300	0.70588235294117652	223	1.713001135066489e-20	1.3260332477467555e-08	4.3934562798082146e-20	7.9559274167752072e-15	9.1830786928637164e-25	1.1542436489188588e-10	1.0810691017162564e-14	8.4944419170662409e-11	0	2	-3.9551346521064479e-15	3.6909525056072155e-15	-3.9551346522448978e-15	3.6909525062416711e-15	-3.9551346521148903e-15	3.6909525052767065e-15	6.4938604805753154e-25	0	0	1	2.3467073447236418e-20	1.585218142764164e-08	5.2521960637318957e-20	1.4349671868486682e-24	1.803645397391802e-10	7.4636848880612314e-09	5.6345904125056227e-25	7.08225467332894e-11
spheroidal	spheroidal_0S12	12	2.0030700000000001	1.953125	-1	0	flank	0.32294014437366447	0	0.01	425	7159	84638573653173952	0	0	1	409.71145833333401	53296307275857648	84505582725599248	82.71385198876969	0.9984287196506918	162	0.38117647058823528	233	1.9238611384379758e-20	1.3534062882564916e-08	4.4841495236837348e-20	7.9559274164287347e-15	1.3553711162708529e-24	1.7035991470915226e-10	1.0810691017162564e-14	1.2537321750470225e-10	0	2	-3.95513465210041e-15	3.6909525053133364e-15	-3.9551346522448978e-15	3.6909525062416711e-15	-3.9551346521148903e-15	3.6909525052767065e-15	9.3951155974637411e-25	0	0	1	2.3467073447236418e-20	1.585218142764164e-08	5.2521960637318957e-20	1.4349671868486682e-24	1.803645397391802e-10	8.4541583050743279e-09	1.1682092773392751e-25	1.4683508486259558e-11
spheroidal	spheroidal_0S12	12	2.0030700000000001	1.983642578125	0	0	resonance	0.32294014437366447	0	1	425	7159	84638549475887072	0	0	1	3480.1174312044859	53243640652299440	84447097437539760	0.99904459504379262	0.99773800426008186	407	0.95764705882352941	248	1.6127026014596075e-20	0	0	1.0233545324336575e-14	0	0	1.0810691017162564e-14	0	0	2	-2.776119721704027e-15	5.9892340020027275e-15	-2.776119721704027e-15	5.9892340020027275e-15	-2.7761197216144976e-15	5.9892340021316581e-15	0	0	0	1	1.9657905225945319e-20	1.1136892014887902e-08	4.7087826735190447e-20	3.0327151578411814e-25	2.9635039096656248e-11	1.1136892045062979e-08	3.0327151578411814e-25	2.963503909663056e-11
spheroidal	spheroidal_0S12	12	2.0030700000000001	1.983642578125	0	0	resonance	0.32294014437366447	0	0.10000000000000001	425	7159	84638549475887072	0	0	1	2262.8580583713751	53243640652299440	84447097437539760	9.6308828663011976	0.99773800426008186	301	0.70823529411764707	251	1.057463144418972e-20	1.086996216957545e-08	4.5959222247536137e-20	1.0233545324069946e-14	3.3535110460879409e-25	3.2769787398243082e-11	1.0810691017162564e-14	3.1020320909774025e-11	0	2	-2.7761197217755933e-15	5.9892340018517119e-15	-2.776119721704027e-15	5.9892340020027275e-15	-2.7761197216144976e-15	5.9892340021316581e-15	1.6711503762449433e-25	0	0	1	1.9657905225945319e-20	1.1136892014887902e-08	4.7087826735190447e-20	3.0327151578411814e-25	2.9635039096656248e-11	1.1352521068584182e-08	4.9514322516690098e-25	4.838432913263822e-11
spheroidal	spheroidal_0S12	12	2.0030700000000001	1.983642578125	0	0	resonance	0.32294014437366447	0	0.01	425	7159	84638549475887072	0	0	1	409.71145833333401	53296064004037848	84505291274495760	82.283170355332317	0.99842556137579752	163	0.3835294117647059	233	1.6629571034500396e-20	1.1295874864616377e-08	4.7760021174345797e-20	1.0233545324376406e-14	3.1616331217013107e-25	3.089479766296217e-11	1.0810691017162564e-14	2.9245430441791789e-11	0	2	-2.7761197215669411e-15	5.989234002135141e-15	-2.776119721704027e-15	5.9892340020027275e-15	-2.7761197216144976e-15	5.9892340021316581e-15	1.9059344919327719e-25	0	0	1	1.9657905225945319e-20	1.1136892014887902e-08	4.7087826735190447e-20	3.0327151578411814e-25	2.9635039096656248e-11	3.1937700957100596e-09	1.0371135000121984e-25	1.0134449666675355e-11
spheroidal	spheroidal_0S12	12	2.0030700000000001	2.01416015625	1	0	flank	0.32294014437366447	0	1	425	7159	84638524923758528	0	0	1	3480.1209133429179	53243640652299440	84447072940948624	0.99904459504379262	0.99773800426008885	407	0.95764705882352941	248	1.5340532419561224e-20	0	0	1.0810691017162564e-14	0	0	1.0810691017162564e-14	0	0	2	6.1650159077605963e-16	6.5613478021920847e-15	6.1650159077605963e-16	6.5613478021920847e-15	6.1650159136825485e-16	6.5613478021834467e-15	0	0	0	1	2.3658761101324234e-20	1.4991039626115135e-08	6.6427306204830976e-20	9.681198938181415e-25	8.9552082496965101e-11	1.4991039522974322e-08	9.681198938181415e-25	8.9552082496311098e-11
spheroidal	spheroidal_0S12	12	2.0030700000000001	2.01416015625	1	0	flank	0.32294014437366447	0	0.10000000000000001	425	7159	84638524923758528	0	0	1	2262.8580524443269	53243640652299440	84447072940948624	9.6290083448607362	0.99773800426008885	301	0.70823529411764707	251	8.9164044513146811e-21	1.5112618187958548e-08	6.6966037110554572e-20	1.0810691017505165e-14	2.278253940500105e-24	2.1074082469689051e-10	1.0810691017162564e-14	2.1074082469689051e-10	0	2	6.1650158944410783e-16	6.5613478025125011e-15	6.1650159077605963e-16	6.5613478021920847e-15	6.1650159136825485e-16	6.5613478021834467e-15	1.3699497247807723e-24	0	0	1	2.3658761101324234e-20	1.4991039626115135e-08	6.6427306204830976e-20	9.681198938181415e-25	8.9552082496965101e-11	7.6334858532906301e-09	3.2275678275495703e-24	2.9855333228949554e-10
spheroidal	spheroidal_0S12	12	2.0030700000000001	2.01416015625	1	0	flank	0.32294014437366447	0	0.01	425	7159	84638524923758528	0	0	1	409.71145833333401	53295830879279712	84505010751611792	81.794699360137258	0.9984225366372228	163	0.3835294117647059	233	1.2471120989727221e-20	1.3904970523165418e-08	6.1614788416833973e-20	1.0810691017347061e-14	2.510851706376925e-24	2.3225635645222036e-10	1.0810691017162564e-14	2.3225635645222036e-10	0	2	6.1650158926998197e-16	6.5613478024357788e-15	6.1650159077605963e-16	6.5613478021920847e-15	6.1650159136825485e-16	6.5613478021834467e-15	1.5256660000723868e-24	0	0	1	2.3658761101324234e-20	1.4991039626115135e-08	6.6427306204830976e-20	9.681198938181415e-25	8.9552082496965101e-11	1.2639556452523115e-08	3.4700261457298825e-24	3.2098097523975888e-10
spheroidal	spheroidal_0S12	12	2.0030700000000001	1.953125	-1	0	flank	0.032294014437366445	1	1	425	7159	84078461185878000	0	0	1	3519.1294721653044	52891292442823712	83888276072481072	0.99904036674754826	0.99773800435076387	408	0.95999999999999996	248	1.3682266523843684e-20	0	0	1.5118224043223687e-14	0	0	5.1634682885745867e-14	0	0	2	-9.9314062409056542e-15	2.1485588595523768e-15	-9.9314062409056542e-15	2.1485588595523768e-15	-9.931406244399516e-15	2.1485588611515608e-15	0	0	0	1	2.9573754349026778e-20	9.996497292337282e-09	6.3625403204962299e-20	5.7124168868996214e-24	3.7784973093185833e-10	9.9964971973995943e-09	5.7124168868996214e-24	3.7784973079244319e-10
spheroidal	spheroidal_0S12	12	2.0030700000000001	1.953125	-1	0	flank	0.032294014437366445	1	0.10000000000000001	425	7159	84078461185878000	0	0	1	2262.7427348114643	52891292442823712	83888276072481072	9.9024276346116711	0.99773800435076387	302	0.71058823529411763	223	1.9179402672514792e-20	1.9187342525745785e-08	1.2212301658582848e-19	1.5118224033196148e-14	1.0237012164043083e-23	6.7713060309034987e-10	5.1634682885745867e-14	1.9825844939718e-10	0	2	-9.9314062347086564e-15	2.1485588567861213e-15	-9.9314062409056542e-15	2.1485588595523768e-15	-9.931406244399516e-15	2.1485588611515608e-15	6.7863798635641767e-24	0	0	1	2.9573754349026778e-20	9.996497292337282e-09	6.3625403204962299e-20	5.7124168868996214e-24	3.7784973093185833e-10	2.8971220297923347e-08	1.5948850230957673e-23	1.0549420473909201e-09
spheroidal	spheroidal_0S12	12	2.0030700000000001	1.953125	-1	0	flank	0.032294014437366445	1	0.01	425	7159	84078461185878000	0	0	1	409.71145833333401	52943241598351864	83945947737455088	82.598508861144794	0.99842393109300664	163	0.3835294117647059	233	1.7911390214735558e-20	9.9814932696084399e-09	6.3529906055520692e-20	1.5118224036062707e-14	7.3189729108289433e-24	4.8411591797447032e-10	5.1634682885745867e-14	1.417452863422039e-10	0	2	-9.9314062364205193e-15	2.1485588575401536e-15	-9.9314062409056542e-15	2.1485588595523768e-15	-9.931406244399516e-15	2.1485588611515608e-15	4.9158394819748824e-24	0	0	1	2.9573754349026778e-20	9.996497292337282e-09	6.3625403204962299e-20	5.7124168868996214e-24	3.7784973093185833e-10	1.9910454859248913e-08	1.3031236474573577e-23	8.6195550697678178e-10
spheroidal	spheroidal_0S12	12	2.0030700000000001	1.983642578125	0	0	resonance	0.032294014437366445	1	1	425	7159	84079829353939808	0	0	1	3519.0361173521824	52892168322031720	83889641145734176	0.99904037724558958	0.99773800435054383	408	0.95999999999999996	248	1.2189889798538575e-20	0	0	5.1634682885745867e-14	0	0	5.1634682885745867e-14	0	0	2	-2.1694180782324794e-14	2.4535656142484121e-14	-2.1694180782324794e-14	2.4535656142484121e-14	-2.1694180770713578e-14	2.4535656243389895e-14	0	0	0	1	1.8152276487239309e-20	2.5660314414742351e-08	5.5228109521010457e-19	1.5970941510233202e-22	3.0930647033453743e-09	2.5660313815616995e-08	1.5970941510233202e-22	3.0930646969724816e-09
spheroidal	spheroidal_0S12	12	2.0030700000000001	1.983642578125	0	0	resonance	0.032294014437366445	1	0.10000000000000001	425	7159	84079829353939808	0	0	1	2262.7430250472944	52892168322031720	83889641145734176	9.632360896803343	0.99773800435054383	301	0.70823529411764707	251	1.5657615442321557e-20	1.5115903222959126e-08	3.2533613782493621e-19	5.1634682946117688e-14	9.0549785650891658e-23	1.7536620850612136e-09	5.1634682885745867e-14	1.7536620850612136e-09	0	2	-2.1694180775587574e-14	2.4535656199500728e-14	-2.1694180782324794e-14	2.4535656142484121e-14	-2.1694180770713578e-14	2.4535656243389895e-14	5.7413270146836228e-23	0	0	1	1.8152276487239309e-20	2.5660314414742351e-08	5.5228109521010457e-19	1.5970941510233202e-22	3.0930647033453743e-09	1.0635586018779502e-08	6.9163893976720444e-23	1.3394852058500711e-09
spheroidal	spheroidal_0S12	12	2.0030700000000001	1.983642578125	0	0	resonance	0.032294014437366445	1	0.01	425	7159	84079829353939808	0	0	1	409.71145833333401	52943876803558112	83947048302243488	82.181656378984144	0.99842077401064444	163	0.3835294117647059	233	1.6183658916682841e-20	1.0765596658830136e-08	2.3170548175017943e-19	5.1634682920920852e-14	5.2877583848546178e-23	1.024071048631218e-09	5.1634682885745867e-14	1.024071048631218e-09	0	2	-2.1694180778554556e-14	2.4535656176004689e-14	-2.1694180782324794e-14	2.4535656142484121e-14	-2.1694180770713578e-14	2.4535656243389895e-14	3.3731930913933493e-23	0	0	1	1.8152276487239309e-20	2.5660314414742351e-08	5.5228109521010457e-19	1.5970941510233202e-22	3.0930647033453743e-09	1.4895797590536723e-08	1.0683354404688969e-22	2.0690268218198748e-09
spheroidal	spheroidal_0S12	12	2.0030700000000001	2.01416015625	1	0	flank	0.032294014437366445	1	1	425	7159	84081175889149664	0	0	1	3518.9442932214456	52893030828514600	83890984635069040	0.9990403875833973	0.99773800435032722	408	0.95999999999999996	248	2.1469119680406056e-20	0	0	2.4458259583212199e-14	0	0	5.1634682885745867e-14	0	0	2	1.3537554866984563e-14	5.4205323484843427e-15	1.3537554866984563e-14	5.4205323484843427e-15	1.3537554868582639e-14	5.4205323499756038e-15	0	0	0	1	1.4919830694295144e-20	9.2672394374562185e-09	9.3585370425866841e-20	3.4408511721204664e-24	1.4068258456469314e-10	9.2672394490478677e-09	3.4408511721204664e-24	1.4068258454642966e-10
spheroidal	spheroidal_0S12	12	2.0030700000000001	2.01416015625	1	0	flank	0.032294014437366445	1	0.10000000000000001	425	7159	84081175889149664	0	0	1	2262.7433106094422	52893030828514600	83890984635069040	9.6304069852392686	0.99773800435032722	301	0.70823529411764707	251	1.722495462398787e-20	1.4322253404337307e-08	1.4463351240938211e-19	2.445825957004434e-14	1.4252237089353407e-23	5.8271673177988262e-10	5.1634682885745867e-14	2.7602061817422029e-10	0	2	1.3537554860895657e-14	5.4205323425394136e-15	1.3537554866984563e-14	5.4205323484843427e-15	1.3537554868582639e-14	5.4205323499756038e-15	8.5098158095092512e-24	0	0	1	1.4919830694295144e-20	9.2672394374562185e-09	9.3585370425866841e-20	3.4408511721204664e-24	1.4068258456469314e-10	1.4483651655764188e-08	1.7690808330038554e-23	7.2330609901142131e-10
spheroidal	spheroidal_0S12	12	2.0030700000000001	2.01416015625	1	0	flank	0.032294014437366445	1	0.01	425	7159	84081175889149664	0	0	1	409.71145833333401	52944509003176056	83948138830774896	81.705712759868419	0.99841775454531989	163	0.3835294117647059	233	1.2302741796725433e-20	8.2726205041757406e-09	8.3541194710775551e-20	2.4458259574780077e-14	9.090994995285057e-24	3.7169427220917166e-10	5.1634682885745867e-14	1.7606373249935642e-10	0	2	1.3537554863149963e-14	5.4205323447710774e-15	1.3537554866984563e-14	5.4205323484843427e-15	1.3537554868582639e-14	5.4205323499756038e-15	5.3378368773017273e-24	0	0	1	1.4919830694295144e-20	9.2672394374562185e-09	9.3585370425866841e-20	3.4408511721204664e-24	1.4068258456469314e-10	8.9735495498697465e-09	1.25287667462813e-23	5.1225095154580737e-10
spheroidal	spheroidal_0S12	12	2.0030700000000001	1.953125	-1	0	flank	0.032294014437366445	0	1	425	7159	84638573044736288	0	0	1	3480.1140885194168	53243640652299440	84447120953075776	0.99904459504379262	0.9977380042600752	407	0.95764705882352941	248	2.4914613367449298e-20	0	0	1.1497091435519857e-14	0	0	5.1207783611154044e-14	0	0	2	-7.8722767823481573e-15	7.9573082510388752e-16	-7.8722767823481573e-15	7.9573082510388752e-16	-7.872276783667789e-15	7.9573082537199048e-16	0	0	0	1	1.7604021443059086e-20	1.1370695336519149e-08	5.4972773972301627e-20	2.005301407511881e-24	1.7441814903868412e-10	1.1370695253017528e-08	2.005301407511881e-24	1.7441814900840445e-10
spheroidal	spheroidal_0S12	12	2.0030700000000001	1.953125	-1	0	flank	0.032294014437366445	0	0.10000000000000001	425	7159	84638573044736288	0	0	1	2262.8580640609448	53243640652299440	84447120953075776	9.9018963295635078	0.9977380042600752	302	0.71058823529411763	223	1.3906108401114596e-20	1.2213886050745773e-08	5.9049264562974107e-20	1.1497091435176003e-14	5.5564777734032689e-25	4.8329421441641556e-11	5.1207783611154044e-14	1.0850846065895656e-11	0	2	-7.8722767819500665e-15	7.9573082504151495e-16	-7.8722767823481573e-15	7.9573082510388752e-16	-7.872276783667789e-15	7.9573082537199048e-16	4.0294738657581327e-25	0	0	1	1.7604021443059086e-20	1.1370695336519149e-08	5.4972773972301627e-20	2.005301407511881e-24	1.7441814903868412e-10	1.2896035266288772e-08	2.3519473742105445e-24	2.0456890223000046e-10
spheroidal	spheroidal_0S12	12	2.0030700000000001	1.953125	-1	0	flank	0.032294014437366445	0	0.01	425	7159	84638573044736288	0	0	1	409.71145833333401	53296322604603712	84505599194535344	82.600490533345052	0.99842892140761097	162	0.38117647058823528	233	1.4590169103720892e-20	9.2002984688232423e-09	4.4479771310024413e-20	1.1497091434421374e-14	1.1062627248159587e-24	9.6221094789087204e-11	5.1207783611154044e-14	2.1603409614763984e-11	0	2	-7.8722767814764723e-15	7.9573082494109257e-16	-7.8722767823481573e-15	7.9573082510388752e-16	-7.872276783667789e-15	7.9573082537199048e-16	8.8675640327544289e-25	0	0	1	1.7604021443059086e-20	1.1370695336519149e-08	5.4972773972301627e-20	2.005301407511881e-24	1.7441814903868412e-10	1.0739625350599054e-08	3.1097894822092724e-24	2.7048488733957673e-10
spheroidal	spheroidal_0S12	12	2.0030700000000001	1.983642578125	0	0	resonance	0.032294014437366445	0	1	425	7159	84638548867449040	0	0	1	3480.1175174933019	53243640652299440	84447096830478048	0.99904459504379262	0.99773800426008219	407	0.95764705882352941	248	1.6968642055278121e-20	0	0	2.8306683860022327e-14	0	0	5.1207783611154044e-14	0	0	2	-1.7818225787747631e-14	4.7126123212726088e-15	-1.7818225787747631e-14	4.7126123212726088e-15	-1.7818225804026773e-14	4.7126123303902434e-15	0	0	0	1	1.5085269468346255e-20	1.8001578623622795e-08	2.1211050483965522e-19	2.8936530387568812e-23	1.0222508058754286e-09	1.8001578324082005e-08	2.8936530387568812e-23	1.022250804862668e-09
spheroidal	spheroidal_0S12	12	2.0030700000000001	1.983642578125	0	0	resonance	0.032294014437366445	0	0.10000000000000001	425	7159	84638548867449040	0	0	1	2262.8580582244263	53243640652299440	84447096830478048	9.6308816949233442	0.99773800426008219	301	0.70823529411764707	251	2.0431894116569113e-20	1.3368964606144618e-08	1.5752495328779874e-19	2.8306683881923718e-14	2.2589054269927887e-23	7.980113241675237e-10	5.1207783611154044e-14	4.4112540471303575e-10	0	2	-1.781822580004377e-14	4.7126123282618541e-15	-1.7818225787747631e-14	4.7126123212726088e-15	-1.7818225804026773e-14	4.7126123303902434e-15	1.4143711835577253e-23	0	0	1	1.5085269468346255e-20	1.8001578623622795e-08	2.1211050483965522e-19	2.8936530387568812e-23	1.0222508058754286e-09	1.4120414140375484e-08	6.359075452801149e-24	2.2464925520583718e-10
spheroidal	spheroidal_0S12	12	2.0030700000000001	1.983642578125	0	0	resonance	0.032294014437366445	0	0.01	425	7159	84638548867449040	0	0	1	409.71145833333401	53296080587292296	84505309139046096	82.183655102597825	0.99842577962186463	163	0.3835294117647059	233	6.6697158074685947e-21	1.0984726616164624e-08	1.2943175466971193e-19	2.830668387564051e-14	1.6100450549289982e-23	5.6878617887235916e-10	5.1207783611154044e-14	3.1441412640602927e-10	0	2	-1.7818225796501075e-14	4.7126123262312031e-15	-1.7818225787747631e-14	4.7126123212726088e-15	-1.7818225804026773e-14	4.7126123303902434e-15	1.0060339532441703e-23	0	0	1	1.5085269468346255e-20	1.8001578623622795e-08	2.1211050483965522e-19	2.8936530387568812e-23	1.0222508058754286e-09	8.3116842230426534e-09	1.2840211526358547e-23	4.5361058812586075e-10
spheroidal	spheroidal_0S12	12	2.0030700000000001	2.01416015625	1	0	flank	0.032294014437366445	0	1	425	7159	84638524315320144	0	0	1	3480.1209996317216	53243640652299440	84447072333886560	0.99904459504379262	0.9977380042600893	407	0.95764705882352941	248	1.32146262454254e-20	0	0	5.1207783611154044e-14	0	0	5.1207783611154044e-14	0	0	2	2.7572868043917572e-14	1.510246402622265e-14	2.7572868043917572e-14	1.510246402622265e-14	2.7572868004839905e-14	1.5102463965021779e-14	0	0	0	1	2.9007605388145192e-20	1.1746486920077797e-08	2.4797316385189163e-19	1.1755791100041564e-22	2.2957039479210981e-09	1.1746486792749976e-08	1.1755791100041564e-22	2.2957039525344643e-09
spheroidal	spheroidal_0S12	12	2.0030700000000001	2.01416015625	1	0	flank	0.032294014437366445	0	0.10000000000000001	425	7159	84638524315320144	0	0	1	2262.8580522973748	53243640652299440	84447072333886560	9.6290108009791151	0.9977380042600893	301	0.70823529411764707	251	1.686851475828796e-20	1.4933800393947016e-08	3.1525866050129148e-19	5.1207783577454751e-14	3.8443852768739293e-23	7.5074236879030785e-10	5.1207783611154044e-14	7.5074236879030785e-10	0	2	2.7572868030681543e-14	1.510246400601458e-14	2.7572868043917572e-14	1.510246402622265e-14	2.7572868004839905e-14	1.5102463965021779e-14	2.4156956607136153e-23	0	0	1	2.9007605388145192e-20	1.1746486920077797e-08	2.4797316385189163e-19	1.1755791100041564e-22	2.2957039479210981e-09	1.0566299648312817e-08	7.911984109833777e-23	1.5450745116822514e-09
spheroidal	spheroidal_0S12	12	2.0030700000000001	2.01416015625	1	0	flank	0.032294014437366445	0	0.01	425	7159	84638524315320144	0	0	1	409.71145833333401	53295848806656104	84505030111702128	81.707721993146976	0.99842277255306711	163	0.3835294117647059	233	1.4725709058654902e-20	1.3870079061181415e-08	2.9280306623405758e-19	5.1207783589924547e-14	2.4251620994287907e-23	4.7359247528544543e-10	5.1207783611154044e-14	4.7359247528544543e-10	0	2	2.7572868035512212e-14	1.5102464013408759e-14	2.7572868043917572e-14	1.510246402622265e-14	2.7572868004839905e-14	1.5102463965021779e-14	1.5324681773544731e-23	0	0	1	2.9007605388145192e-20	1.1746486920077797e-08	2.4797316385189163e-19	1.1755791100041564e-22	2.2957039479210981e-09	1.1157310210770672e-08	9.3311644835731738e-23	1.8222160469160096e-09
spheroidal	spheroidal_0S12	12	2.0030700000000001	1.953125	-1	0	flank	0.0032294014437366449	1	1	425	7159	84078461173233968	0	0	1	3519.1294722145421	52891292442823712	83888276059865632	0.99904036674754826	0.99773800435076376	408	0.95999999999999996	248	2.2427669355033012e-20	0	0	1.5432160348410538e-14	0	0	7.0809905652396692e-14	0	0	2	-1.0329086200717807e-14	9.6602667876134111e-16	-1.0329086200717807e-14	9.6602667876134111e-16	-1.0329086203568702e-14	9.6602667931611582e-16	0	0	0	1	1.8288295333558989e-20	1.4025372813287033e-08	9.1139422754810183e-20	4.5510499282658753e-24	2.9490685850310118e-10	1.4025372711906052e-08	4.5510499282658753e-24	2.9490685841651496e-10
spheroidal	spheroidal_0S12	12	2.0030700000000001	1.953125	-1	0	flank	0.0032294014437366449	1	0.10000000000000001	425	7159	84078461173233968	0	0	1	2262.7427347847897	52891292442823712	83888276059865632	9.9021014142295591	0.99773800435076376	302	0.71058823529411763	223	1.0703121111255605e-20	1.4550800161487119e-08	9.4553745201139758e-20	1.5432160344276777e-14	4.1532631564556359e-24	2.6913037855282577e-10	7.0809905652396692e-14	5.8653702729726216e-11	0	2	-1.0329086197936612e-14	9.6602667823079507e-16	-1.0329086200717807e-14	9.6602667876134111e-16	-1.0329086203568702e-14	9.6602667931611582e-16	2.8313471826638935e-24	0	0	1	1.8288295333558989e-20	1.4025372813287033e-08	9.1139422754810183e-20	4.5510499282658753e-24	2.9490685850310118e-10	1.2891444915942263e-08	8.7041603575021735e-24	5.6402734020600592e-10
spheroidal	spheroidal_0S12	12	2.0030700000000001	1.953125	-1	0	flank	0.0032294014437366449	1	0.01	425	7159	84078461173233968	0	0	1	409.71145833333401	52943241650703544	83945947782201072	82.597371087065099	0.9984239317753465	163	0.3835294117647059	233	2.5105809685383419e-20	1.5121623777965851e-08	9.8263060853084416e-20	1.5432160344117677e-14	4.3118710302129625e-24	2.7940812775815092e-10	7.0809905652396692e-14	6.0893613548643666e-11	0	2	-1.0329086197834014e-14	9.660266782189519e-16	-1.0329086200717807e-14	9.6602667876134111e-16	-1.0329086203568702e-14	9.6602667931611582e-16	2.934356564197353e-24	0	0	1	1.8288295333558989e-20	1.4025372813287033e-08	9.1139422754810183e-20	4.5510499282658753e-24	2.9490685850310118e-10	1.3095071927790667e-08	8.8627942489867162e-24	5.7430677535030867e-10
spheroidal	spheroidal_0S12	12	2.0030700000000001	1.983642578125	0	0	resonance	0.0032294014437366449	1	1	425	7159	84079829341193408	0	0	1	3519.0361173885935	52892168322031720	83889641133016576	0.99904037724558958	0.99773800435054338	408	0.95999999999999996	248	1.8382864189427032e-20	0	0	7.0809905652396692e-14	0	0	7.0809905652396692e-14	0	0	2	-4.0260470254505405e-14	1.9921364792558071e-14	-4.0260470254505405e-14	1.9921364792558071e-14	-4.0260470277274852e-14	1.9921364822106614e-14	0	0	0	1	2.8071768861763077e-20	8.6433609040106242e-09	2.5514998645631761e-19	5.8668488773210775e-23	8.2853505074858169e-10	8.6433608851611996e-09	5.8668488773210775e-23	8.2853505013217838e-10
spheroidal	spheroidal_0S12	12	2.0030700000000001	1.983642578125	0	0	resonance	0.0032294014437366449	1	0.10000000000000001	425	7159	84079829341193408	0	0	1	2262.7430250202369	52892168322031720	83889641133016576	9.6323575505221672	0.99773800435054338	301	0.70823529411764707	251	1.1856909549500025e-20	1.2959129650755662e-08	3.8255046753187237e-19	7.0809905817865202e-14	1.8433316642828574e-22	2.6032115807803884e-09	7.0809905652396692e-14	2.6032115807803884e-09	0	2	-4.0260470325210566e-14	1.9921364885053344e-14	-4.0260470254505405e-14	1.9921364792558071e-14	-4.0260470277274852e-14	1.9921364822106614e-14	1.1642420407580559e-22	0	0	1	2.8071768861763077e-20	8.6433609040106242e-09	2.5514998645631761e-19	5.8668488773210775e-23	8.2853505074858169e-10	1.2253606241635763e-08	1.2566587885577667e-22	1.7746934924496954e-09
spheroidal	spheroidal_0S12	12	2.0030700000000001	1.983642578125	0	0	resonance	0.0032294014437366449	1	0.01	425	7159	84079829341193408	0	0	1	409.71145833333401	52943876877792256	83947048371224880	82.180657409786036	0.9984207749824312	163	0.3835294117647059	233	1.3848816628274715e-20	1.2872433085936333e-08	3.7999120527438677e-19	7.080990582207344e-14	1.8912487551967423e-22	2.6708816199824009e-09	7.0809905652396692e-14	2.6708816199824009e-09	0	2	-4.0260470326919718e-14	1.9921364887526007e-14	-4.0260470254505405e-14	1.9921364792558071e-14	-4.0260470277274852e-14	1.9921364822106614e-14	1.194267202516686e-22	0	0	1	2.8071768861763077e-20	8.6433609040106242e-09	2.5514998645631761e-19	5.8668488773210775e-23	8.2853505074858169e-10	1.0610933467440416e-08	1.3045775422283811e-22	1.8423658797992788e-09
spheroidal	spheroidal_0S12	12	2.0030700000000001	2.01416015625	1	0	flank	0.0032294014437366449	1	1	425	7159	84081175876300864	0	0	1	3518.9442932450593	52893030828514600	83890984622249296	0.9990403875833973	0.99773800435032722	408	0.95999999999999996	248	1.5619804869868329e-20	0	0	2.5817012829256464e-14	0	0	7.0809905652396692e-14	0	0	2	1.5169144821144409e-14	2.6195723957428999e-15	1.5169144821144409e-14	2.6195723957428999e-15	1.5169144811879995e-14	2.6195723923529532e-15	0	0	0	1	1.0754070885368869e-20	1.853679914477474e-08	1.9761391350356551e-19	1.6574617328259053e-23	6.4200368330282952e-10	1.8536798877980534e-08	1.6574617328259053e-23	6.4200368370841965e-10
spheroidal	spheroidal_0S12	12	2.0030700000000001	2.01416015625	1	0	flank	0.0032294014437366449	1	0.10000000000000001	425	7159	84081175876300864	0	0	1	2262.7433105820023	52893030828514600	83890984622249296	9.6304037226857808	0.99773800435032722	301	0.70823529411764707	251	1.0381670536022723e-20	9.5815111126253626e-09	1.0214492229514899e-19	2.5817012830972559e-14	1.7352554760031408e-24	6.7213642704500165e-11	7.0809905652396692e-14	2.4505829516585551e-11	0	2	1.5169144822151021e-14	2.6195723960688506e-15	1.5169144821144409e-14	2.6195723957428999e-15	1.5169144811879995e-14	2.6195723923529532e-15	1.0580694871894741e-24	0	0	1	1.0754070885368869e-20	1.853679914477474e-08	1.9761391350356551e-19	1.6574617328259053e-23	6.4200368330282952e-10	1.3568789535473405e-08	1.8309005838286261e-23	7.09183745266799e-10
spheroidal	spheroidal_0S12	12	2.0030700000000001	2.01416015625	1	0	flank	0.0032294014437366449	1	0.01	425	7159	84081175876300864	0	0	1	409.71145833333401	52944509101738816	83948138926716480	81.704839519129749	0.99841775583895132	163	0.3835294117647059	233	1.7227826441563348e-20	4.387823926293884e-09	4.6776957071573841e-20	2.5817012835744094e-14	6.5848298513675035e-24	2.5505777507711563e-10	7.0809905652396692e-14	9.2993060655838164e-11	0	2	1.5169144824954185e-14	2.6195723970823787e-15	1.5169144821144409e-14	2.6195723957428999e-15	1.5169144811879995e-14	2.6195723923529532e-15	4.0383897034017474e-24	0	0	1	1.0754070885368869e-20	1.853679914477474e-08	1.9761391350356551e-19	1.6574617328259053e-23	6.4200368330282952e-10	1.9103447735622862e-08	2.3159169277132275e-23	8.970506946302751e-10
spheroidal	spheroidal_0S12	12	2.0030700000000001	1.953125	-1	0	flank	0.0032294014437366449	0	1	425	7159	84638573038651904	0	0	1	3480.1140893823494	53243640652299440	84447120947005152	0.99904459504379262	0.99773800426007508	407	0.95764705882352941	248	2.4518647764876042e-20	0	0	1.1562376789552138e-14	0	0	5.8005288950264118e-14	0	0	2	-7.9579187608947631e-15	8.050601111676157e-17	-7.9579187608947631e-15	8.050601111676157e-17	-7.9579187578343031e-15	8.0506011054966126e-17	0	0	0	1	8.3825285640311151e-21	1.0080384332823054e-08	4.9016391913947777e-20	4.4276693202504513e-24	3.8293764343083256e-10	1.0080384418837407e-08	4.4276693202504513e-24	3.829376435774663e-10
spheroidal	spheroidal_0S12	12	2.0030700000000001	1.953125	-1	0	flank	0.0032294014437366449	0	0.10000000000000001	425	7159	84638573038651904	0	0	1	2262.8580640594755	53243640652299440	84447120947005152	9.9015715555638906	0.99773800426007508	302	0.71058823529411763	223	1.9461183126003328e-20	1.8823185848895958e-08	9.1528717971030919e-20	1.1562376783793446e-14	5.7589572600706967e-24	4.98077286780218e-10	5.8005288950264118e-14	9.9283313027000686e-11	0	2	-7.9579187570871271e-15	8.0506011039706992e-17	-7.9579187608947631e-15	8.050601111676157e-17	-7.9579187578343031e-15	8.0506011054966126e-17	3.8084155433507856e-24	0	0	1	8.3825285640311151e-21	1.0080384332823054e-08	4.9016391913947777e-20	4.4276693202504513e-24	3.8293764343083256e-10	1.2840781174722939e-08	1.3312972124066525e-24	1.1514044535543952e-10
spheroidal	spheroidal_0S12	12	2.0030700000000001	1.953125	-1	0	flank	0.0032294014437366449	0	0.01	425	7159	84638573038651904	0	0	1	409.71145833333401	53296322758117408	84505599359476944	82.599353995321337	0.99842892342816036	162	0.38117647058823528	233	1.8738874744522503e-20	1.2437276569242301e-08	6.0476902718391777e-20	1.1562376785538617e-14	4.0137128114229235e-24	3.4713561791635683e-10	5.8005288950264118e-14	6.9195635157760001e-11	0	2	-7.9579187582059859e-15	8.0506011062288037e-17	-7.9579187608947631e-15	8.050601111676157e-17	-7.9579187578343031e-15	8.0506011054966126e-17	2.6893289243846728e-24	0	0	1	8.3825285640311151e-21	1.0080384332823054e-08	4.9016391913947777e-20	4.4276693202504513e-24	3.8293764343083256e-10	9.3663265664665405e-09	4.1899849208410177e-25	3.6238093591894916e-11
spheroidal	spheroidal_0S12	12	2.0030700000000001	1.983642578125	0	0	resonance	0.0032294014437366449	0	1	425	7159	84638548861364672	0	0	1	3480.1175183561891	53243640652299440	84447096824407424	0.99904459504379262	0.99773800426008197	407	0.95764705882352941	248	1.705642897421249e-20	0	0	2.9330719762264614e-14	0	0	5.8005288950264118e-14	0	0	2	-1.9092803351023792e-14	5.0612111772215617e-16	-1.9092803351023792e-14	5.0612111772215617e-16	-1.9092803348935403e-14	5.0612111761351967e-16	0	0	0	1	2.0486436709937478e-20	1.4428953986540976e-08	1.7617893915042899e-19	3.117190397880315e-24	1.0627732367791161e-10	1.4428954000023755e-08	3.117190397880315e-24	1.0627732368920255e-10
spheroidal	spheroidal_0S12	12	2.0030700000000001	1.983642578125	0	0	resonance	0.0032294014437366449	0	0.10000000000000001	425	7159	84638548861364672	0	0	1	2262.8580582229565	53243640652299440	84447096824407424	9.6308816832889814	0.99773800426008197	301	0.70823529411764707	251	1.6379359659872653e-20	1.0289613585154372e-08	1.256371880727663e-19	2.9330719761997525e-14	3.8141185231240345e-25	1.3003835412287024e-11	5.8005288950264118e-14	6.575466810266907e-12	0	2	-1.9092803350731437e-14	5.061211177049595e-16	-1.9092803351023792e-14	5.0612111772215617e-16	-1.9092803348935403e-14	5.0612111761351967e-16	2.9286033478592488e-25	0	0	1	2.0486436709937478e-20	1.4428953986540976e-08	1.7617893915042899e-19	3.117190397880315e-24	1.0627732367791161e-10	1.4115006486965531e-08	2.8498113943995604e-24	9.7161318160652345e-11
spheroidal	spheroidal_0S12	12	2.0030700000000001	1.983642578125	0	0	resonance	0.0032294014437366449	0	0.01	425	7159	84638548861364672	0	0	1	409.71145833333401	53296080753369888	84505309317964816	82.182657170088831	0.99842578180755326	163	0.3835294117647059	233	1.6378540280353135e-20	1.1203470187278849e-08	1.3679546654867562e-19	2.9330719766535469e-14	4.2722525572426233e-24	1.4565795152218126e-10	5.8005288950264118e-14	7.3652810537773735e-11	0	2	-1.909280335355597e-14	5.0612111786034084e-16	-1.9092803351023792e-14	5.0612111772215617e-16	-1.9092803348935403e-14	5.0612111761351967e-16	2.53594490950527e-24	0	0	1	2.0486436709937478e-20	1.4428953986540976e-08	1.7617893915042899e-19	3.117190397880315e-24	1.0627732367791161e-10	7.2854269914769237e-09	7.3894195103457458e-24	2.5193447590187151e-10
spheroidal	spheroidal_0S12	12	2.0030700000000001	2.01416015625	1	0	flank	0.0032294014437366449	0	1	425	7159	84638524309235776	0	0	1	3480.121000494607	53243640652299440	84447072327815936	0.99904459504379262	0.99773800426008907	407	0.95764705882352941	248	1.8889162549433215e-20	0	0	5.8005288950264118e-14	0	0	5.8005288950264118e-14	0	0	2	3.5561000775601193e-14	1.9383163201694215e-15	3.5561000775601193e-14	1.9383163201694215e-15	3.5561000670630256e-14	1.9383163086658163e-15	0	0	0	1	2.469963445684472e-20	1.8640802660634382e-08	4.4577810854992221e-19	1.7034069074853094e-22	2.9366406724494958e-09	1.8640802354288167e-08	1.7034069074853094e-22	2.936640681060216e-09
spheroidal	spheroidal_0S12	12	2.0030700000000001	2.01416015625	1	0	flank	0.0032294014437366449	0	0.10000000000000001	425	7159	84638524309235776	0	0	1	2262.8580522959051	53243640652299440	84447072327815936	9.6290108255935607	0.99773800426008907	301	0.70823529411764707	251	1.1403373764297406e-20	1.64726513918631e-08	3.93928711866803e-19	5.8005288795782434e-14	1.5471661159757791e-22	2.6672845596931284e-09	5.8005288950264118e-14	2.6672845596931284e-09	0	2	3.5561000680799695e-14	1.9383163097603285e-15	3.5561000775601193e-14	1.9383163201694215e-15	3.5561000670630256e-14	1.9383163086658163e-15	9.5371239186138342e-23	0	0	1	2.469963445684472e-20	1.8640802660634382e-08	4.4577810854992221e-19	1.7034069074853094e-22	2.9366406724494958e-09	8.1944066099758803e-09	1.5624280040234872e-23	2.6935957683866902e-10
spheroidal	spheroidal_0S12	12	2.0030700000000001	2.01416015625	1	0	flank	0.0032294014437366449	0	0.01	425	7159	84638524309235776	0	0	1	409.71145833333401	53295848986195424	84505030305599168	81.706849599327612	0.99842277491572429	163	0.3835294117647059	233	1.5363196459895541e-20	1.4681135734598906e-08	3.5108621867205857e-19	5.8005288804144233e-14	1.4634135815063209e-22	2.5228968047398329e-09	5.8005288950264118e-14	2.5228968047398329e-09	0	2	3.5561000685935685e-14	1.9383163103323141e-15	3.5561000775601193e-14	1.9383163201694215e-15	3.5561000670630256e-14	1.9383163086658163e-15	9.0203504043479925e-23	0	0	1	2.469963445684472e-20	1.8640802660634382e-08	4.4577810854992221e-19	1.7034069074853094e-22	2.9366406724494958e-09	8.62602032842725e-09	2.3999468060597588e-23	4.1374620427364928e-10
fluid-solid	fluid_solid_0S40	40	4.7617250000000002	4.69970703125	-1	0	flank	0.32294014437366447	1	1	1610	27304	8.8478293241523776e+17	0	0	1	837.23645833333489	5.5656676082954477e+17	8.8278176102408192e+17	0.99991044972389909	0.99773823463604439	1506	0.93540372670807448	177	1.0006274959932303e-20	0	0	2.7044118597780525e-14	0	0	2.7343864619601472e-14	0	0	2	-5.220864293468949e-15	2.0604910114129065e-14	-5.220864293468949e-15	2.0604910114129065e-14	-5.2208642883574632e-15	2.0604910116939893e-14	0	0	0	1	2.217803371220629e-20	4.6880495420128013e-08	1.7477375895299928e-19	7.5846970901589747e-24	2.8045643501879336e-10	4.6880494426077662e-08	7.5846970901589747e-24	2.8045643499350955e-10
fluid-solid	fluid_solid_0S40	40	4.7617250000000002	4.69970703125	-1	0	flank	0.32294014437366447	1	0.10000000000000001	1610	27304	8.8478293241523776e+17	0	0	1	837.23645833333489	5.5737965731893459e+17	8.8367103230757056e+17	9.8794701660254063	0.99874330746341144	736	0.45714285714285713	258	7.8773238096585014e-21	4.3685341610996969e-08	1.6286200254662253e-19	2.7044118600578425e-14	8.7297674965303501e-24	3.2279726421724796e-10	2.7343864619601472e-14	3.1925873017497348e-10	0	2	-5.2208642876014742e-15	2.0604910117527112e-14	-5.220864293468949e-15	2.0604910114129065e-14	-5.2208642883574632e-15	2.0604910116939893e-14	6.7804116892520624e-24	0	0	1	2.217803371220629e-20	4.6880495420128013e-08	1.7477375895299928e-19	7.5846970901589747e-24	2.8045643501879336e-10	2.1075565899202808e-08	1.2145881544625232e-24	4.4911360300450125e-11
fluid-solid	fluid_solid_0S40	40	4.7617250000000002	4.69970703125	-1	0	flank	0.32294014437366447	1	0.01	1610	27304	8.8478293241523776e+17	0	0	1	837.23645833333489	5.5753700145322778e+17	8.8384468445750784e+17	93.343549762615268	0.99893957272077039	328	0.20372670807453416	308	1.7105085616827324e-20	4.3706922094014586e-08	1.6294245609352321e-19	2.704411860056445e-14	8.6686348132301918e-24	3.2053678443569667e-10	2.7343864619601472e-14	3.1702302998589576e-10	0	2	-5.2208642876445436e-15	2.060491011750438e-14	-5.220864293468949e-15	2.0604910114129065e-14	-5.2208642883574632e-15	2.0604910116939893e-14	6.7317493376209322e-24	0	0	1	2.217803371220629e-20	4.6880495420128013e-08	1.7477375895299928e-19	7.5846970901589747e-24	2.8045643501879336e-10	2.1336430616138467e-08	1.1539771501082422e-24	4.2670170441380694e-11
fluid-solid	fluid_solid_0S40	40	4.7617250000000002	4.730224609375	0	0	resonance	0.32294014437366447	1	1	1610	27304	8.847884345661504e+17	0	0	1	837.23645833333489	5.5657060486018246e+17	8.8278725072969562e+17	0.99991045007621471	0.99773823463522548	1506	0.93540372670807448	177	1.1252903157472641e-20	0	0	2.7343864619601472e-14	0	0	2.7343864619601472e-14	0	0	2	3.701350991543848e-15	2.0846239800106691e-14	3.701350991543848e-15	2.0846239800106691e-14	3.7013509951489905e-15	2.0846239798501741e-14	0	0	0	1	1.597060174957475e-20	2.9109364014985419e-08	1.0960040953271863e-19	5.0243258022977324e-24	1.8374600197135413e-10	2.9109363406497103e-08	5.0243258022977324e-24	1.8374600197724304e-10
fluid-solid	fluid_solid_0S40	40	4.7617250000000002	4.730224609375	0	0	resonance	0.32294014437366447	1	0.10000000000000001	1610	27304	8.847884345661504e+17	0	0	1	837.23645833333489	5.5737399591877882e+17	8.8366603001229222e+17	9.9884909693154711	0.99873144300941441	738	0.45838509316770187	258	6.8034912820474487e-21	2.9024532484761475e-08	1.0928100817276295e-19	2.7343864618661456e-14	5.6776475062256819e-24	2.0763880984678572e-10	2.7343864619601472e-14	2.0763880984678572e-10	0	2	3.7013509956042571e-15	2.0846239798260495e-14	3.701350991543848e-15	2.0846239800106691e-14	3.7013509951489905e-15	2.0846239798501741e-14	4.4604218489602337e-24	0	0	1	1.597060174957475e-20	2.9109364014985419e-08	1.0960040953271863e-19	5.0243258022977324e-24	1.8374600197135413e-10	1.4288065829867832e-08	6.8031456791494465e-25	2.4879971335473339e-11
fluid-solid	fluid_solid_0S40	40	4.7617250000000002	4.730224609375	0	0	resonance	0.32294014437366447	1	0.01	1610	27304	8.847884345661504e+17	0	0	1	837.23645833333489	5.5753921523270867e+17	8.8384838708320563e+17	90.67444632776585	0.99893754546711977	331	0.20559006211180125	308	1.0634392213845868e-20	2.8819816444270849e-08	1.0851022658288902e-19	2.7343864618667063e-14	5.6322607185461918e-24	2.0597895714085349e-10	2.7343864619601472e-14	2.0597895714085349e-10	0	2	3.7013509955709072e-15	2.0846239798273e-14	3.701350991543848e-15	2.0846239800106691e-14	3.7013509951489905e-15	2.0846239798501741e-14	4.4248875537302339e-24	0	0	1	1.597060174957475e-20	2.9109364014985419e-08	1.0960040953271863e-19	5.0243258022977324e-24	1.8374600197135413e-10	1.5613256154628407e-08	6.3678697538599625e-25	2.3288111767124663e-11
fluid-solid	fluid_solid_0S40	40	4.7617250000000002	4.7607421875	1	0	flank	0.32294014437366447	1	1	1610	27304	8.84793893477328e+17	0	0	1	837.23645833333489	5.5657442417019514e+17	8.8279269729337894e+17	0.99991045042626492	0.99773823463441391	1508	0.93664596273291922	177	1.041833333381892e-20	0	0	2.3686883125937413e-14	0	0	2.7343864619601472e-14	0	0	2	9.3019921702380529e-15	1.5484875752228531e-14	9.3019921702380529e-15	1.5484875752228531e-14	9.3019921676472049e-15	1.5484875755818293e-14	0	0	0	1	6.5752666191091227e-21	3.5465110521952689e-08	1.1554478377245408e-19	5.7073627176422232e-24	2.4095034738414335e-10	3.5465111440708125e-08	5.7073627176422232e-24	2.409503473621966e-10
fluid-solid	fluid_solid_0S40	40	4.7617250000000002	4.7607421875	1	0	flank	0.32294014437366447	1	0.10000000000000001	1610	27304	8.84793893477328e+17	0	0	1	837.23645833333489	5.5736823231045837e+17	8.836608966570441e+17	9.9445211791366592	0.99871947938538419	739	0.45900621118012425	258	1.2460265803523617e-20	2.1893767973495435e-08	7.1329558803882334e-20	2.368688312772287e-14	5.2389610377931692e-24	2.2117561900984962e-10	2.7343864619601472e-14	1.9159548625169887e-10	0	2	9.301992167710836e-15	1.5484875755398171e-14	9.3019921702380529e-15	1.5484875752228531e-14	9.3019921676472049e-15	1.5484875755818293e-14	4.0538182823307624e-24	0	0	1	6.5752666191091227e-21	3.5465110521952689e-08	1.1554478377245408e-19	5.7073627176422232e-24	2.4095034738414335e-10	1.8260153641050494e-08	5.2130208416309724e-25	2.2008048984071821e-11
fluid-solid	fluid_solid_0S40	40	4.7617250000000002	4.7607421875	1	0	flank	0.32294014437366447	1	0.01	1610	27304	8.84793893477328e+17	0	0	1	837.23645833333489	5.5754157939347853e+17	8.838522390349559e+17	90.653885298796283	0.99893573582580764	331	0.20559006211180125	308	1.0924172049488917e-20	2.1950151192515101e-08	7.1513254462915725e-20	2.3686883127712994e-14	5.2225363698750066e-24	2.204822112773575e-10	2.7343864619601472e-14	1.909948152000148e-10	0	2	9.3019921677158563e-15	1.5484875755385949e-14	9.3019921702380529e-15	1.5484875752228531e-14	9.3019921676472049e-15	1.5484875755818293e-14	4.0411347224313986e-24	0	0	1	6.5752666191091227e-21	3.5465110521952689e-08	1.1554478377245408e-19	5.7073627176422232e-24	2.4095034738414335e-10	1.6449712095771708e-08	5.3798207499392997e-25	2.271223580091176e-11
fluid-solid	fluid_solid_0S40	40	4.7617250000000002	4.69970703125	-1	0	flank	0.32294014437366447	0	1	1610	27304	8.8984253231040256e+17	0	0	1	837.23645833333489	5.5974944252567501e+17	8.878299165632896e+17	0.99996088056663301	0.99773823381774374	1504	0.93416149068322984	177	8.385764544033035e-21	0	0	2.1856442803042467e-14	0	0	3.4744810572137165e-14	0	0	2	-1.3863632062327905e-14	1.0811107128387584e-14	-1.3863632062327905e-14	1.0811107128387584e-14	-1.3863632062241961e-14	1.0811107128229441e-14	0	0	0	1	1.8381247110882412e-20	2.6746103387853726e-08	8.0020741388603416e-20	2.3006755776988726e-25	1.0526303838329141e-11	2.6746103311175926e-08	2.3006755776988726e-25	1.0526303838431498e-11
fluid-solid	fluid_solid_0S40	40	4.7617250000000002	4.69970703125	-1	0	flank	0.32294014437366447	0	0.10000000000000001	1610	27304	8.8984253231040256e+17	0	0	1	837.23645833333489	5.6058804307975744e+17	8.8874730450224256e+17	9.9331886157896285	0.9987691891897813	735	0.45652173913043476	258	1.4934986730709514e-20	2.2637630895242412e-08	6.7728744679178342e-20	2.1856442803390853e-14	6.001247905329397e-25	2.7457569190966471e-11	3.4744810572137165e-14	1.7272357530542894e-11	0	2	-1.3863632062378086e-14	1.081110712887228e-14	-1.3863632062327905e-14	1.0811107128387584e-14	-1.3863632062241961e-14	1.0811107128229441e-14	4.8728736677054414e-25	0	0	1	1.8381247110882412e-20	2.6746103387853726e-08	8.0020741388603416e-20	2.3006755776988726e-25	1.0526303838329141e-11	2.8057963615248695e-08	7.8859211755317613e-25	3.6080533537281302e-11
fluid-solid	fluid_solid_0S40	40	4.7617250000000002	4.69970703125	-1	0	flank	0.32294014437366447	0	0.01	1610	27304	8.8984253231040256e+17	0	0	1	837.23645833333489	5.6072517533852915e+17	8.8889862366923085e+17	95.998417654286413	0.99893924081295493	328	0.20372670807453416	296	1.1382880531870162e-20	2.2738256503156057e-08	6.802980295414132e-20	2.1856442803408331e-14	6.2118129955437159e-25	2.8420969741146611e-11	3.4744810572137165e-14	1.7878390738803287e-11	0	2	-1.3863632062382937e-14	1.0811107128889965e-14	-1.3863632062327905e-14	1.0811107128387584e-14	-1.3863632062241961e-14	1.0811107128229441e-14	5.0538656761594807e-25	0	0	1	1.8381247110882412e-20	2.6746103387853726e-08	8.0020741388603416e-20	2.3006755776988726e-25	1.0526303838329141e-11	2.7991582358117334e-08	8.1062700738357383e-25	3.7088698041870522e-11
fluid-solid	fluid_solid_0S40	40	4.7617250000000002	4.730224609375	0	0	resonance	0.32294014437366447	0	1	1610	27304	8.8984192348104947e+17	0	0	1	837.23645833333489	5.5974944252567501e+17	8.8782930911112077e+17	0.99996088056663301	0.99773823381791749	1504	0.93416149068322984	177	1.1414645924718157e-20	0	0	2.8812471374640175e-14	0	0	3.4744810572137165e-14	0	0	2	-1.3224918172907248e-14	1.8616646439470793e-14	-1.3224918172907248e-14	1.8616646439470793e-14	-1.322491817257539e-14	1.8616646441234152e-14	0	0	0	1	7.6436148127208391e-21	1.7129500512877607e-08	6.7480083676596501e-20	2.192973035531305e-24	7.611193802214032e-11	1.7129500414838288e-08	2.192973035531305e-24	7.611193801830573e-11
fluid-solid	fluid_solid_0S40	40	4.7617250000000002	4.730224609375	0	0	resonance	0.32294014437366447	0	0.10000000000000001	1610	27304	8.8984192348104947e+17	0	0	1	837.23645833333489	5.6057866923592384e+17	8.887363549711456e+17	9.9879335029075786	0.998757567517634	737	0.4577639751552795	258	9.1341446477682295e-21	1.8799151457554867e-08	7.4057519216694612e-20	2.8812471377729411e-14	5.4097800438243073e-24	1.8775827916607752e-10	3.4744810572137165e-14	1.5570037524287329e-10	0	2	-1.3224918171376404e-14	1.8616646443406432e-14	-1.3224918172907248e-14	1.8616646439470793e-14	-1.322491817257539e-14	1.8616646441234152e-14	4.2228834556631814e-24	0	0	1	7.6436148127208391e-21	1.7129500512877607e-08	6.7480083676596501e-20	2.192973035531305e-24	7.611193802214032e-11	1.4968416924470339e-08	3.2780565891862373e-24	1.1377214215321797e-10
fluid-solid	fluid_solid_0S40	40	4.7617250000000002	4.730224609375	0	0	resonance	0.32294014437366447	0	0.01	1610	27304	8.8984192348104947e+17	0	0	1	837.23645833333489	5.6073301667052614e+17	8.8890668253646323e+17	93.116763698572782	0.99894898080219963	331	0.20559006211180125	308	1.4024240964849714e-20	1.8747880559335641e-08	7.3855542253069394e-20	2.8812471377733147e-14	5.4147804907052725e-24	1.8793183064022722e-10	3.4744810572137165e-14	1.5584429448717548e-10	0	2	-1.3224918171376588e-14	1.8616646443411475e-14	-1.3224918172907248e-14	1.8616646439470793e-14	-1.322491817257539e-14	1.8616646441234152e-14	4.22751642251496e-24	0	0	1	7.6436148127208391e-21	1.7129500512877607e-08	6.7480083676596501e-20	2.192973035531305e-24	7.611193802214032e-11	1.4787040818744477e-08	3.2826584386145533e-24	1.1393185942870774e-10
fluid-solid	fluid_solid_0S40	40	4.7617250000000002	4.7607421875	1	0	flank	0.32294014437366447	0	1	1610	27304	8.8984131071105344e+17	0	0	1	837.23645833333489	5.5974944252567501e+17	8.8782869772722278e+17	0.99996088056663301	0.99773823381809235	1506	0.93540372670807448	177	1.6966235473034096e-20	0	0	3.4744810572137165e-14	0	0	3.4744810572137165e-14	0	0	2	-4.0184507049313252e-15	2.6828892677667867e-14	-4.0184507049313252e-15	2.6828892677667867e-14	-4.0184507053584303e-15	2.6828892677267523e-14	0	0	0	1	5.3967038650009628e-21	3.68115995179392e-08	1.7467368392413686e-19	8.1936537117959305e-25	2.3582381302048744e-11	3.6811599785087913e-08	8.1936537117959305e-25	2.3582381302404755e-11
fluid-solid	fluid_solid_0S40	40	4.7617250000000002	4.7607421875	1	0	flank	0.32294014437366447	0	0.10000000000000001	1610	27304	8.8984131071105344e+17	0	0	1	837.23645833333489	5.6056921455613594e+17	8.8872531008815027e+17	9.9447166292381795	0.99874584309643777	738	0.45838509316770187	258	1.7358349225282003e-20	1.5095040425141099e-08	7.1627051108122404e-20	3.4744810572832467e-14	4.2516785538059514e-24	1.2236873604415305e-10	3.4744810572137165e-14	1.2236873604415305e-10	0	2	-4.0184507017446948e-15	2.6828892678474133e-14	-4.0184507049313252e-15	2.6828892677667867e-14	-4.0184507053584303e-15	2.6828892677267523e-14	3.2870471566510218e-24	0	0	1	5.3967038650009628e-21	3.68115995179392e-08	1.7467368392413686e-19	8.1936537117959305e-25	2.3582381302048744e-11	3.6058748742285727e-08	4.966169372501022e-24	1.4293269385553951e-10
fluid-solid	fluid_solid_0S40	40	4.7617250000000002	4.7607421875	1	0	flank	0.32294014437366447	0	0.01	1610	27304	8.8984131071105344e+17	0	0	1	837.23645833333489	5.6073125239486554e+17	8.8890413732573504e+17	93.093843451084922	0.99894680840950223	331	0.20559006211180125	308	1.0495784036393352e-20	1.5865789988627157e-08	7.5284313150523511e-20	3.4744810572832e-14	4.2149457245184441e-24	1.2131151832781977e-10	3.4744810572137165e-14	1.2131151832781977e-10	0	2	-4.0184507017735135e-15	2.682889267846822e-14	-4.0184507049313252e-15	2.6828892677667867e-14	-4.0184507053584303e-15	2.6828892677267523e-14	3.2576587022438427e-24	0	0	1	5.3967038650009628e-21	3.68115995179392e-08	1.7467368392413686e-19	8.1936537117959305e-25	2.3582381302048744e-11	3.2331316489192684e-08	4.9302816963178088e-24	1.4189980072436972e-10
fluid-solid	fluid_solid_0S40	40	4.7617250000000002	4.69970703125	-1	0	flank	0.032294014437366445	1	1	1610	27304	8.8478292436050458e+17	0	0	1	837.23645833333489	5.5656676082954477e+17	8.8278175298756902e+17	0.99991044972389909	0.99773823463604705	1506	0.93540372670807448	177	1.4974834844854223e-20	0	0	7.3600565856296562e-14	0	0	7.7983069725196279e-14	0	0	2	-3.5894811523857016e-14	4.5517152821901782e-14	-3.5894811523857016e-14	4.5517152821901782e-14	-3.5894811514354322e-14	4.5517152861315835e-14	0	0	0	1	1.1659383599526183e-20	5.4355154192833875e-08	5.5226643983419614e-19	5.1969678045008828e-23	7.0610432732920082e-10	5.4355151813982891e-08	5.1969678045008828e-23	7.0610432701618554e-10
fluid-solid	fluid_solid_0S40	40	4.7617250000000002	4.69970703125	-1	0	flank	0.032294014437366445	1	0.10000000000000001	1610	27304	8.8478292436050458e+17	0	0	1	837.23645833333489	5.5737942830061568e+17	8.8367076563976947e+17	9.9069791310212025	0.99874301516212138	736	0.45714285714285713	258	7.4934810091657209e-21	4.0258435816069326e-08	4.0903909392948279e-19	7.3600565872776195e-14	2.6340869970349168e-23	3.5788950348261069e-10	7.7983069725196279e-14	3.3777677723089748e-10	0	2	-3.5894811518836838e-14	4.5517152841656992e-14	-3.5894811523857016e-14	4.5517152821901782e-14	-3.5894811514354322e-14	4.5517152861315835e-14	2.0383093921723566e-23	0	0	1	1.1659383599526183e-20	5.4355154192833875e-08	5.5226643983419614e-19	5.1969678045008828e-23	7.0610432732920082e-10	2.0374571419907767e-08	2.5639059857257195e-23	3.4835411314569394e-10
fluid-solid	fluid_solid_0S40	40	4.7617250000000002	4.69970703125	-1	0	flank	0.032294014437366445	1	0.01	1610	27304	8.8478292436050458e+17	0	0	1	837.23645833333489	5.5753741120352211e+17	8.8384512663623706e+17	90.693891276823706	0.9989400815743078	331	0.20559006211180125	308	1.1255301269797691e-20	4.0085713677260516e-08	4.0728417956860945e-19	7.3600565872751847e-14	2.630151011442656e-23	3.5735472694299201e-10	7.7983069725196279e-14	3.3727205414085617e-10	0	2	-3.5894811518842713e-14	4.5517152841624794e-14	-3.5894811523857016e-14	4.5517152821901782e-14	-3.5894811514354322e-14	4.5517152861315835e-14	2.0350440665538712e-23	0	0	1	1.1659383599526183e-20	5.4355154192833875e-08	5.5226643983419614e-19	5.1969678045008828e-23	7.0610432732920082e-10	2.0379757118527355e-08	2.5678660801584131e-23	3.4889216531755763e-10
fluid-solid	fluid_solid_0S40	40	4.7617250000000002	4.730224609375	0	0	resonance	0.032294014437366445	1	1	1610	27304	8.8478842650065408e+17	0	0	1	837.23645833333489	5.5657060486018246e+17	8.8278724268244378e+17	0.99991045007621471	0.99773823463522804	1506	0.93540372670807448	177	7.2998244190226282e-21	0	0	7.7983069725196279e-14	0	0	7.7983069725196279e-14	0	0	2	3.3602698217862351e-14	5.0305705076498997e-14	3.3602698217862351e-14	5.0305705076498997e-14	3.3602698229730038e-14	5.0305705046707153e-14	0	0	0	1	1.3095505517295692e-20	3.1594595128068271e-08	3.3969932557818282e-19	4.0697579107045529e-23	5.2187711064028775e-10	3.1594594669826722e-08	4.0697579107045529e-23	5.2187711078927972e-10
fluid-solid	fluid_solid_0S40	40	4.7617250000000002	4.730224609375	0	0	resonance	0.032294014437366445	1	0.10000000000000001	1610	27304	8.8478842650065408e+17	0	0	1	837.23645833333489	5.5737377060044032e+17	8.8366576711860621e+17	9.9875353968821763	0.99873115498753984	738	0.45838509316770187	258	1.748532757006926e-20	3.0793785749648694e-08	3.3108916916810299e-19	7.7983069716910665e-14	1.5321002920820123e-23	1.9646575820635997e-10	7.7983069725196279e-14	1.9646575820635997e-10	0	2	3.3602698222414451e-14	5.0305705065321582e-14	3.3602698217862351e-14	5.0305705076498997e-14	3.3602698229730038e-14	5.0305705046707153e-14	1.2068811194727615e-23	0	0	1	1.3095505517295692e-20	3.1594595128068271e-08	3.3969932557818282e-19	4.0697579107045529e-23	5.2187711064028775e-10	2.5377032129508393e-08	2.5377269248876122e-23	3.254202398744732e-10
fluid-solid	fluid_solid_0S40	40	4.7617250000000002	4.730224609375	0	0	resonance	0.032294014437366445	1	0.01	1610	27304	8.8478842650065408e+17	0	0	1	837.23645833333489	5.575396482088e+17	8.8384885487705139e+17	90.673503834648059	0.99893808328018174	331	0.20559006211180125	308	8.7498062030363529e-21	3.0934758918754583e-08	3.3260488697603102e-19	7.7983069716245775e-14	1.6533884296367218e-23	2.120188953144676e-10	7.7983069725196279e-14	2.120188953144676e-10	0	2	3.3602698222780785e-14	5.0305705064451128e-14	3.3602698217862351e-14	5.0305705076498997e-14	3.3602698229730038e-14	5.0305705046707153e-14	1.3013152380959159e-23	0	0	1	1.3095505517295692e-20	3.1594595128068271e-08	3.3969932557818282e-19	4.0697579107045529e-23	5.2187711064028775e-10	2.6357296049556494e-08	2.416450025623813e-23	3.0986854388125452e-10
fluid-solid	fluid_solid_0S40	40	4.7617250000000002	4.7607421875	1	0	flank	0.032294014437366445	1	1	1610	27304	8.8479388540106829e+17	0	0	1	837.23645833333489	5.5657442417019514e+17	8.8279268923538816e+17	0.99991045042626492	0.99773823463441658	1508	0.93664596273291922	177	5.7235349210034232e-21	0	0	4.0122530732566033e-14	0	0	7.7983069725196279e-14	0	0	2	2.7703444494082593e-14	1.3115716125636777e-14	2.7703444494082593e-14	1.3115716125636777e-14	2.7703444514904551e-14	1.3115716152129984e-14	0	0	0	1	2.1819040074378194e-20	7.9536962125962204e-08	4.3945456218224687e-19	4.2897560666314635e-23	1.0691638808191181e-09	7.9536967470674588e-08	4.2897560666314635e-23	1.0691638798031101e-09
fluid-solid	fluid_solid_0S40	40	4.7617250000000002	4.7607421875	1	0	flank	0.032294014437366445	1	0.10000000000000001	1610	27304	8.8479388540106829e+17	0	0	1	837.23645833333489	5.5736801129044723e+17	8.8366063818128115e+17	9.944352015679133	0.99871919637049322	739	0.45900621118012425	258	6.9507818692304408e-21	6.6929886426438884e-08	3.6979843270676577e-19	4.0122530762476615e-14	3.3677627879644569e-23	8.393694830498226e-10	7.7983069725196279e-14	4.3185819689223326e-10	0	2	2.7703444510521555e-14	1.3115716146507421e-14	2.7703444494082593e-14	1.3115716125636777e-14	2.7703444514904551e-14	1.3115716152129984e-14	2.65673340484621e-23	0	0	1	2.1819040074378194e-20	7.9536962125962204e-08	4.3945456218224687e-19	4.2897560666314635e-23	1.0691638808191181e-09	2.1994346352102288e-08	9.2225410359476392e-24	2.2985940464862074e-10
fluid-solid	fluid_solid_0S40	40	4.7617250000000002	4.7607421875	1	0	flank	0.032294014437366445	1	0.01	1610	27304	8.8479388540106829e+17	0	0	1	837.23645833333489	5.5754203648182694e+17	8.8385273342684544e+17	91.072778957273187	0.9989363037089749	331	0.20559006211180125	308	7.1159299882232029e-21	6.6948396898888098e-08	3.6990070605677216e-19	4.0122530762556934e-14	3.3767566287007636e-23	8.4161107663130789e-10	7.7983069725196279e-14	4.3301150372767842e-10	0	2	2.7703444510565195e-14	1.3115716146562403e-14	2.7703444494082593e-14	1.3115716125636777e-14	2.7703444514904551e-14	1.3115716152129984e-14	2.6637529390738992e-23	0	0	1	2.1819040074378194e-20	7.9536962125962204e-08	4.3945456218224687e-19	4.2897560666314635e-23	1.0691638808191181e-09	2.219107207195708e-08	9.1325865854914849e-24	2.2761741121679419e-10
fluid-solid	fluid_solid_0S40	40	4.7617250000000002	4.69970703125	-1	0	flank	0.032294014437366445	0	1	1610	27304	8.8984252591345088e+17	0	0	1	837.23645833333489	5.5974944252567501e+17	8.8782991018080794e+17	0.99996088056663301	0.99773823381774551	1504	0.93416149068322984	177	5.4626227500099399e-21	0	0	2.797919321754524e-14	0	0	2.1310339452158701e-13	0	0	2	-2.2472583450991331e-14	1.7783985793495173e-15	-2.2472583450991331e-14	1.7783985793495173e-15	-2.2472583444265115e-14	1.77839857828222e-15	0	0	0	1	8.2070576799551097e-21	4.2641677844816737e-08	1.63506842135284e-19	8.7977830396907262e-24	3.1444019744550023e-10	4.2641679166049565e-08	8.7977830396907262e-24	3.1444019754409457e-10
fluid-solid	fluid_solid_0S40	40	4.7617250000000002	4.69970703125	-1	0	flank	0.032294014437366445	0	0.10000000000000001	1610	27304	8.8984252591345088e+17	0	0	1	837.23645833333489	5.6058791076326816e+17	8.8874714872913856e+17	9.9331899670032922	0.99876902131285772	735	0.45652173913043476	258	1.1468130902862158e-20	3.6568650846167189e-08	1.4022020059258472e-19	2.7979193208317467e-14	9.2524759470629519e-24	3.3069130604026471e-10	2.1310339452158701e-13	4.3417778341046987e-11	0	2	-2.247258344391174e-14	1.7783985782407504e-15	-2.2472583450991331e-14	1.7783985793495173e-15	-2.2472583444265115e-14	1.77839857828222e-15	7.1658896985173941e-24	0	0	1	8.2070576799551097e-21	4.2641677844816737e-08	1.63506842135284e-19	8.7977830396907262e-24	3.1444019744550023e-10	7.67729671861679e-09	4.5505347207547106e-25	1.6263995486932042e-11
fluid-solid	fluid_solid_0S40	40	4.7617250000000002	4.69970703125	-1	0	flank	0.032294014437366445	0	0.01	1610	27304	8.8984252591345088e+17	0	0	1	837.23645833333489	5.6072541182303635e+17	8.8889887691392768e+17	96.300043957254331	0.99893953258914603	331	0.20559006211180125	296	1.7745310695067809e-20	3.6397136367655831e-08	1.3956253907035451e-19	2.7979193208193363e-14	9.3769717663826739e-24	3.3514089178606288e-10	2.1310339452158701e-13	4.4001982171301373e-11	0	2	-2.2472583443813855e-14	1.7783985782249755e-15	-2.2472583450991331e-14	1.7783985793495173e-15	-2.2472583444265115e-14	1.77839857828222e-15	7.2650367210359609e-24	0	0	1	8.2070576799551097e-21	4.2641677844816737e-08	1.63506842135284e-19	8.7977830396907262e-24	3.1444019744550023e-10	8.2372761503589459e-09	5.7945201880940632e-25	2.0710104629740815e-11
fluid-solid	fluid_solid_0S40	40	4.7617250000000002	4.730224609375	0	0	resonance	0.032294014437366445	0	1	1610	27304	8.8984191708408909e+17	0	0	1	837.23645833333489	5.5974944252567501e+17	8.878293027286304e+17	0.99996088056663301	0.99773823381791926	1504	0.93416149068322984	177	1.4992318391872136e-20	0	0	5.0483233373897351e-14	0	0	2.1310339452158701e-13	0	0	2	-3.9659315400250146e-14	5.7354913267337469e-15	-3.9659315400250146e-14	5.7354913267337469e-15	-3.9659315393563528e-14	5.735491324681369e-15	0	0	0	1	1.531689562470848e-20	1.9500506011387354e-08	1.3474100764879645e-19	8.1799251081631228e-24	1.6203251181594483e-10	1.9500506081790039e-08	8.1799251081631228e-24	1.6203251184180722e-10
fluid-solid	fluid_solid_0S40	40	4.7617250000000002	4.730224609375	0	0	resonance	0.032294014437366445	0	0.10000000000000001	1610	27304	8.8984191708408909e+17	0	0	1	837.23645833333489	5.6057853807368934e+17	8.8873620030291878e+17	9.9872779808265317	0.99875740088217735	737	0.4577639751552795	258	1.4622768744517122e-20	2.691683675653053e-08	1.8598500496218962e-19	5.0483233350716181e-14	2.3434936041674869e-23	4.642122636659806e-10	2.1310339452158701e-13	1.0996979233618426e-10	0	2	-3.9659315382495046e-14	5.7354913214079047e-15	-3.9659315400250146e-14	5.7354913267337469e-15	-3.9659315393563528e-14	5.735491324681369e-15	1.8536671595068089e-23	0	0	1	1.531689562470848e-20	1.9500506011387354e-08	1.3474100764879645e-19	8.1799251081631228e-24	1.6203251181594483e-10	2.6604932142323605e-08	1.5266690323252083e-23	3.0241110375435198e-10
fluid-solid	fluid_solid_0S40	40	4.7617250000000002	4.730224609375	0	0	resonance	0.032294014437366445	0	0.01	1610	27304	8.8984191708408909e+17	0	0	1	837.23645833333489	5.6073327552819053e+17	8.8890696056537523e+17	93.116502428726534	0.99894930043105001	331	0.20559006211180125	308	1.190091218404005e-20	2.630128784458005e-08	1.817317983733506e-19	5.048323335114837e-14	2.2998461094411103e-23	4.5556632484445006e-10	2.1310339452158701e-13	1.0792160841004998e-10	0	2	-3.9659315382823862e-14	5.7354913215045299e-15	-3.9659315400250146e-14	5.7354913267337469e-15	-3.9659315393563528e-14	5.735491324681369e-15	1.8193957820411506e-23	0	0	1	1.531689562470848e-20	1.9500506011387354e-08	1.3474100764879645e-19	8.1799251081631228e-24	1.6203251181594483e-10	2.6488867364467005e-08	1.4830227974958305e-23	2.9376541449885511e-10
fluid-solid	fluid_solid_0S40	40	4.7617250000000002	4.7607421875	1	0	flank	0.032294014437366445	0	1	1610	27304	8.898413043140841e+17	0	0	1	837.23645833333489	5.5974944252567501e+17	8.8782869134472346e+17	0.99996088056663301	0.99773823381809412	1506	0.93540372670807448	177	1.7517039751055244e-20	0	0	2.1310339452158701e-13	0	0	2.1310339452158701e-13	0	0	2	-1.3231658217518943e-13	1.0126158373102507e-13	-1.3231658217518943e-13	1.0126158373102507e-13	-1.3231658218332714e-13	1.012615837595383e-13	0	0	0	1	2.1162924678997412e-20	4.2057305749847966e-08	1.2251822618017272e-18	3.8785647544339866e-23	1.8200389360954524e-10	4.2057305975366696e-08	3.8785647544339866e-23	1.8200389358266079e-10
fluid-solid	fluid_solid_0S40	40	4.7617250000000002	4.7607421875	1	0	flank	0.032294014437366445	0	0.10000000000000001	1610	27304	8.898413043140841e+17	0	0	1	837.23645833333489	5.605690847854903e+17	8.8872515677770342e+17	9.9445482879304112	0.99874567798665959	738	0.45838509316770187	258	1.4508549571347649e-20	3.4787731674434199e-08	1.0134104174276297e-18	2.1310339449866132e-13	2.8943559897436896e-23	1.3581932827684246e-10	2.1310339452158701e-13	1.3581932827684246e-10	0	2	-1.3231658216889571e-13	1.0126158370884982e-13	-1.3231658217518943e-13	1.0126158373102507e-13	-1.3231658218332714e-13	1.012615837595383e-13	2.3051083933777524e-23	0	0	1	2.1162924678997412e-20	4.2057305749847966e-08	1.2251822618017272e-18	3.8785647544339866e-23	1.8200389360954524e-10	1.4213501413931196e-08	6.7681115417346962e-23	3.1759754723425376e-10
fluid-solid	fluid_solid_0S40	40	4.7617250000000002	4.7607421875	1	0	flank	0.032294014437366445	0	0.01	1610	27304	8.898413043140841e+17	0	0	1	837.23645833333489	5.6073152495700794e+17	8.8890443047019098e+17	93.093581779474604	0.99894714502535342	331	0.20559006211180125	308	1.2399616982626005e-20	3.4745982543441721e-08	1.0121942126844668e-18	2.1310339450039404e-13	2.6774026684204168e-23	1.2563866823572349e-10	2.1310339452158701e-13	1.2563866823572349e-10	0	2	-1.3231658216934986e-13	1.0126158371048552e-13	-1.3231658217518943e-13	1.0126158373102507e-13	-1.3231658218332714e-13	1.012615837595383e-13	2.1353541481294218e-23	0	0	1	2.1162924678997412e-20	4.2057305749847966e-08	1.2251822618017272e-18	3.8785647544339866e-23	1.8200389360954524e-10	1.4184669381520188e-08	6.5510138673629951e-23	3.0741011334438009e-10
fluid-solid	fluid_solid_0S40	40	4.7617250000000002	4.69970703125	-1	0	flank	0.0032294014437366449	1	1	1610	27304	8.8478292413075661e+17	0	0	1	837.23645833333489	5.5656676082954477e+17	8.8278175275834061e+17	0.99991044972389909	0.99773823463604705	1506	0.93540372670807448	177	1.413832201082128e-20	0	0	8.5517585764382725e-14	0	0	9.2459192266368867e-14	0	0	2	-4.8350070796384218e-14	4.6898661984087775e-14	-4.8350070796384218e-14	4.6898661984087775e-14	-4.8350070798433363e-14	4.6898662019348923e-14	0	0	0	1	1.3147437175929187e-20	1.9173146521187366e-08	2.2635979615436253e-19	4.499348704511734e-23	5.2613139909121135e-10	1.9173146199695024e-08	4.499348704511734e-23	5.2613139888660565e-10
fluid-solid	fluid_solid_0S40	40	4.7617250000000002	4.69970703125	-1	0	flank	0.0032294014437366449	1	0.10000000000000001	1610	27304	8.8478292413075661e+17	0	0	1	837.23645833333489	5.5737941687475571e+17	8.836707525444096e+17	9.9072583435762276	0.99874300062081367	736	0.45714285714285713	258	1.2132944969753875e-20	1.9411417130695041e-08	2.291728392059103e-19	8.5517585781414056e-14	2.3215442492324366e-23	2.7146980688027537e-10	9.2459192266368867e-14	2.5108852806589743e-10	0	2	-4.8350070797473358e-14	4.6898662002455959e-14	-4.8350070796384218e-14	4.6898661984087775e-14	-4.8350070798433363e-14	4.6898662019348923e-14	1.8400446271858035e-23	0	0	1	1.3147437175929187e-20	1.9173146521187366e-08	2.2635979615436253e-19	4.499348704511734e-23	5.2613139909121135e-10	2.1559270849632026e-08	2.1789188150815104e-23	2.5479189978976889e-10
fluid-solid	fluid_solid_0S40	40	4.7617250000000002	4.69970703125	-1	0	flank	0.0032294014437366449	1	0.01	1610	27304	8.8478292413075661e+17	0	0	1	837.23645833333489	5.575374276566505e+17	8.8384514447929037e+17	90.693821928736341	0.99894010200028716	331	0.20559006211180125	308	1.6236396441320463e-20	1.963868608947847e-08	2.3185599583466617e-19	8.5517585781657227e-14	2.3556698835512261e-23	2.7546028837174454e-10	9.2459192266368867e-14	2.5477941411868445e-10	0	2	-4.835007079747467e-14	4.6898662002720657e-14	-4.8350070796384218e-14	4.6898661984087775e-14	-4.8350070798433363e-14	4.6898662019348923e-14	1.8664762935944955e-23	0	0	1	1.3147437175929187e-20	1.9173146521187366e-08	2.2635979615436253e-19	4.499348704511734e-23	5.2613139909121135e-10	2.157867991720626e-08	2.1447824287008656e-23	2.5080016100735962e-10
fluid-solid	fluid_solid_0S40	40	4.7617250000000002	4.730224609375	0	0	resonance	0.0032294014437366449	1	1	1610	27304	8.8478842626983053e+17	0	0	1	837.23645833333489	5.5657060486018246e+17	8.8278724245214234e+17	0.99991045007621471	0.99773823463522804	1506	0.93540372670807448	177	1.2026428299848215e-20	0	0	9.2459192266368867e-14	0	0	9.2459192266368867e-14	0	0	2	4.7386667366603922e-14	5.3850928234360783e-14	4.7386667366603922e-14	5.3850928234360783e-14	4.7386667366648489e-14	5.3850928239757134e-14	0	0	0	1	1.0677501448311135e-20	4.6175944401454625e-08	5.8866600707398665e-19	7.949494240061755e-24	8.5978408908870665e-11	4.6175944804781321e-08	7.949494240061755e-24	8.5978408902932077e-11
fluid-solid	fluid_solid_0S40	40	4.7617250000000002	4.730224609375	0	0	resonance	0.0032294014437366449	1	0.10000000000000001	1610	27304	8.8478842626983053e+17	0	0	1	837.23645833333489	5.5737375937247181e+17	8.8366575422749542e+17	9.9875259110918044	0.99873114067837876	738	0.45838509316770187	258	7.3724699400115714e-21	4.0695909505071608e-08	5.1880473400431719e-19	9.2459192257911962e-14	1.3767110584669217e-23	1.488993170631112e-10	9.2459192266368867e-14	1.488993170631112e-10	0	2	4.7386667367929625e-14	5.3850928223287586e-14	4.7386667366603922e-14	5.3850928234360783e-14	4.7386667366648489e-14	5.3850928239757134e-14	1.115227176104494e-23	0	0	1	1.0677501448311135e-20	4.6175944401454625e-08	5.8866600707398665e-19	7.949494240061755e-24	8.5978408908870665e-11	1.5452545730546263e-08	2.1294289256734526e-23	2.3031013718913164e-10
fluid-solid	fluid_solid_0S40	40	4.7617250000000002	4.730224609375	0	0	resonance	0.0032294014437366449	1	0.01	1610	27304	8.8478842626983053e+17	0	0	1	837.23645833333489	5.5753966570429338e+17	8.838488738692823e+17	90.673433977340167	0.99893810500606428	331	0.20559006211180125	308	1.2208931315673992e-20	4.0700467134802899e-08	5.1886283615534879e-19	9.2459192258512418e-14	1.2863991669767984e-23	1.3913156014501692e-10	9.2459192266368867e-14	1.3913156014501692e-10	0	2	4.7386667367833579e-14	5.3850928223992184e-14	4.7386667366603922e-14	5.3850928234360783e-14	4.7386667366648489e-14	5.3850928239757134e-14	1.044125904556885e-23	0	0	1	1.0677501448311135e-20	4.6175944401454625e-08	5.8866600707398665e-19	7.949494240061755e-24	8.5978408908870665e-11	1.7235793075422808e-08	2.0379011591815999e-23	2.2041087631068429e-10
fluid-solid	fluid_solid_0S40	40	4.7617250000000002	4.7607421875	1	0	flank	0.0032294014437366449	1	1	1610	27304	8.8479388516916915e+17	0	0	1	837.23645833333489	5.5657442417019514e+17	8.8279268900401357e+17	0.99991045042626492	0.99773823463441658	1508	0.93664596273291922	177	5.641665007557266e-21	0	0	4.1731076324044374e-14	0	0	9.2459192266368867e-14	0	0	2	3.0003974966206457e-14	1.0781485804606384e-14	3.0003974966206457e-14	1.0781485804606384e-14	3.0003974986482877e-14	1.0781485822715e-14	0	0	0	1	2.277796070628706e-20	9.4258520650343602e-08	5.4169707691980541e-19	3.4696772165590032e-23	8.31437269821834e-10	9.4258527196958231e-08	3.4696772165590032e-23	8.3143726918317436e-10
fluid-solid	fluid_solid_0S40	40	4.7617250000000002	4.7607421875	1	0	flank	0.0032294014437366449	1	0.10000000000000001	1610	27304	8.8479388516916915e+17	0	0	1	837.23645833333489	5.5736800029207181e+17	8.836606255286743e+17	9.9443502493443958	0.99871918233219004	739	0.45900621118012425	258	1.3752973044675892e-20	9.9079287493799289e-08	5.6940168430802185e-19	4.1731076358871523e-14	3.7661339059040133e-23	9.0247705970000672e-10	9.2459192266368867e-14	4.07329310757337e-10	0	2	3.000397498839062e-14	1.0781485824252295e-14	3.0003974966206457e-14	1.0781485804606384e-14	3.0003974986482877e-14	1.0781485822715e-14	2.9632733522911669e-23	0	0	1	2.277796070628706e-20	9.4258520650343602e-08	5.4169707691980541e-19	3.4696772165590032e-23	8.31437269821834e-10	2.5068488223016496e-08	2.9693290278977035e-24	7.1153904647937255e-11
fluid-solid	fluid_solid_0S40	40	4.7617250000000002	4.7607421875	1	0	flank	0.0032294014437366449	1	0.01	1610	27304	8.8479388516916915e+17	0	0	1	837.23645833333489	5.5754205506022707e+17	8.8385275361320832e+17	91.094149521233319	0.99893632678555311	331	0.20559006211180125	308	1.5635877907731637e-20	9.9108829980652996e-08	5.6957146289846848e-19	4.1731076358832585e-14	3.7619276152210149e-23	9.0146910805976232e-10	9.2459192266368867e-14	4.0687437592826339e-10	0	2	3.000397498836775e-14	1.078148582423106e-14	3.0003974966206457e-14	1.0781485804606384e-14	3.0003974986482877e-14	1.0781485822715e-14	2.9601533623542235e-23	0	0	1	2.277796070628706e-20	9.4258520650343602e-08	5.4169707691980541e-19	3.4696772165590032e-23	8.31437269821834e-10	2.4973894571011487e-08	2.9274588502200987e-24	7.0150571368912328e-11
fluid-solid	fluid_solid_0S40	40	4.7617250000000002	4.69970703125	-1	0	flank	0.0032294014437366449	0	1	1610	27304	8.8984252584948147e+17	0	0	1	837.23645833333489	5.5974944252567501e+17	8.8782991011698317e+17	0.99996088056663301	0.99773823381774551	1504	0.93416149068322984	177	9.7689530966828739e-21	0	0	2.8069341297467036e-14	0	0	2.6795015675559771e-13	0	0	2	-2.26151417901501e-14	1.7899452616742137e-16	-2.26151417901501e-14	1.7899452616742137e-16	-2.2615141788567089e-14	1.7899452614410903e-16	0	0	0	1	8.4971303976403502e-21	3.3066151648042248e-08	1.2720008443454636e-19	2.133588951070683e-24	7.6011365156731233e-11	3.3066151662303914e-08	2.133588951070683e-24	7.6011365162508857e-11
fluid-solid	fluid_solid_0S40	40	4.7617250000000002	4.69970703125	-1	0	flank	0.0032294014437366449	0	0.10000000000000001	1610	27304	8.8984252584948147e+17	0	0	1	837.23645833333489	5.6058790944068742e+17	8.8874714717202906e+17	9.933189980515472	0.99876901963478681	735	0.45652173913043476	258	1.2027064497559029e-20	2.7641179743108483e-08	1.0633110361973561e-19	2.8069341297614853e-14	1.5505467990211357e-25	5.523987123848383e-12	2.6795015675559771e-13	5.786698607664626e-13	0	2	-2.2615141790226758e-14	1.7899452616761669e-16	-2.26151417901501e-14	1.7899452616742137e-16	-2.2615141788567089e-14	1.7899452614410903e-16	7.6658596148498005e-26	0	0	1	8.4971303976403502e-21	3.3066151648042248e-08	1.2720008443454636e-19	2.133588951070683e-24	7.6011365156731233e-11	1.9273302684658813e-08	2.281401791885016e-24	8.1277354102509624e-11
fluid-solid	fluid_solid_0S40	40	4.7617250000000002	4.69970703125	-1	0	flank	0.0032294014437366449	0	0.01	1610	27304	8.8984252584948147e+17	0	0	1	837.23645833333489	5.6072541418933901e+17	8.888988794479881e+17	96.304268353847647	0.99893953550872105	331	0.20559006211180125	296	2.2146293531847017e-20	2.7168905059664987e-08	1.0451434005287922e-19	2.8069341297785635e-14	3.1860447289737779e-25	1.1350621645194378e-11	2.6795015675559771e-13	1.1890438011125435e-12	0	2	-2.2615141790362612e-14	1.7899452616976274e-16	-2.26151417901501e-14	1.7899452616742137e-16	-2.2615141788567089e-14	1.7899452614410903e-16	2.125257145971e-25	0	0	1	8.4971303976403502e-21	3.3066151648042248e-08	1.2720008443454636e-19	2.133588951070683e-24	7.6011365156731233e-11	1.9298755231484381e-08	2.4521914434993616e-24	8.7361916252271905e-11
fluid-solid	fluid_solid_0S40	40	4.7617250000000002	4.730224609375	0	0	resonance	0.0032294014437366449	0	1	1610	27304	8.8984191702011955e+17	0	0	1	837.23645833333489	5.5974944252567501e+17	8.878293026648055e+17	0.99996088056663301	0.99773823381791926	1504	0.93416149068322984	177	7.2812713236596499e-21	0	0	5.1016003523802303e-14	0	0	2.6795015675559771e-13	0	0	2	-4.0491173414661059e-14	5.8573963499528744e-16	-4.0491173414661059e-14	5.8573963499528744e-16	-4.0491173426847868e-14	5.8573963535688875e-16	0	0	0	1	1.9128488835593934e-20	3.6756482098122265e-08	2.5665617289665214e-19	1.5815777192016549e-23	3.1001599693393181e-10	3.675648151088055e-08	1.5815777192016549e-23	3.1001599683783234e-10
fluid-solid	fluid_solid_0S40	40	4.7617250000000002	4.730224609375	0	0	resonance	0.0032294014437366449	0	0.10000000000000001	1610	27304	8.8984191702011955e+17	0	0	1	837.23645833333489	5.6057853676271629e+17	8.8873619875692826e+17	9.9872762596776585	0.99875739921660012	737	0.4577639751552795	258	8.4940983141117513e-21	3.423623710495201e-08	2.3905828545513143e-19	5.1016003517076463e-14	6.7264025967768989e-24	1.3184887353315694e-10	2.6795015675559771e-13	2.5103185899279674e-11	0	2	-4.0491173409565724e-14	5.8573963485289814e-16	-4.0491173414661059e-14	5.8573963499528744e-16	-4.0491173426847868e-14	5.8573963535688875e-16	5.0973237768656398e-24	0	0	1	1.9128488835593934e-20	3.6756482098122265e-08	2.5665617289665214e-19	1.5815777192016549e-23	3.1001599693393181e-10	3.60226095018988e-08	2.2542170148052346e-23	4.4186468135527859e-10
fluid-solid	fluid_solid_0S40	40	4.7617250000000002	4.730224609375	0	0	resonance	0.0032294014437366449	0	0.01	1610	27304	8.8984191702011955e+17	0	0	1	837.23645833333489	5.6073327811816474e+17	8.889069633472128e+17	93.116499816019214	0.99894930362907863	331	0.20559006211180125	308	9.5979033373843479e-21	3.4184876899266403e-08	2.3869965717848452e-19	5.1016003517333196e-14	6.4696399072024761e-24	1.2681589031535891e-10	2.6795015675559771e-13	2.4144937944946061e-11	0	2	-4.0491173409766322e-14	5.8573963485872921e-16	-4.0491173414661059e-14	5.8573963499528744e-16	-4.0491173426847868e-14	5.8573963535688875e-16	4.8966413146161398e-24	0	0	1	1.9128488835593934e-20	3.6756482098122265e-08	2.5665617289665214e-19	1.5815777192016549e-23	3.1001599693393181e-10	3.5816993581391057e-08	2.2285407101709583e-23	4.3683169114577746e-10
fluid-solid	fluid_solid_0S40	40	4.7617250000000002	4.7607421875	1	0	flank	0.0032294014437366449	0	1	1610	27304	8.8984130425011456e+17	0	0	1	837.23645833333489	5.5974944252567501e+17	8.8782869128089856e+17	0.99996088056663301	0.99773823381809401	1506	0.93540372670807448	177	1.3977000365831373e-20	0	0	2.6795015675559771e-13	0	0	2.6795015675559771e-13	0	0	2	-2.0889115175422485e-13	1.600982156728597e-14	-2.0889115175422485e-13	1.600982156728597e-14	-2.0889115206286318e-13	1.6009821614651343e-14	0	0	0	1	1.8896044090612129e-20	4.173713710928689e-08	1.528796705344606e-18	4.0273862039562399e-22	1.5030355841999723e-09	4.1737135971060281e-08	4.0273862039562399e-22	1.5030355819472326e-09
fluid-solid	fluid_solid_0S40	40	4.7617250000000002	4.7607421875	1	0	flank	0.0032294014437366449	0	0.10000000000000001	1610	27304	8.8984130425011456e+17	0	0	1	837.23645833333489	5.6056908348850554e+17	8.8872515524536883e+17	9.944546604462186	0.99874567633642686	738	0.45838509316770187	258	1.0068640687129035e-20	2.92921895310117e-08	1.0729486004294265e-18	2.6795015701213856e-13	2.5729063009276467e-22	9.6021824808053471e-10	2.6795015675559771e-13	9.6021824808053471e-10	0	2	-2.0889115195330277e-13	1.6009821597935728e-14	-2.0889115175422485e-13	1.600982156728597e-14	-2.0889115206286318e-13	1.6009821614651343e-14	2.0142350136521641e-22	0	0	1	1.8896044090612129e-20	4.173713710928689e-08	1.528796705344606e-18	4.0273862039562399e-22	1.5030355841999723e-09	4.4584238485840722e-08	1.454492960764962e-22	5.4282220850187718e-10
fluid-solid	fluid_solid_0S40	40	4.7617250000000002	4.7607421875	1	0	flank	0.0032294014437366449	0	0.01	1610	27304	8.8984130425011456e+17	0	0	1	837.23645833333489	5.6073152768406797e+17	8.8890443340322995e+17	93.093579162751993	0.99894714839330356	331	0.20559006211180125	308	1.2698886146797726e-20	2.9324115092159738e-08	1.0741180072474263e-18	2.6795015699398073e-13	2.3907998153928844e-22	8.9225542703211669e-10	2.6795015675559771e-13	8.9225542703211669e-10	0	2	-2.0889115193925175e-13	1.6009821595771056e-14	-2.0889115175422485e-13	1.600982156728597e-14	-2.0889115206286318e-13	1.6009821614651343e-14	1.8720672287198502e-22	0	0	1	1.8896044090612129e-20	4.173713710928689e-08	1.528796705344606e-18	4.0273862039562399e-22	1.5030355841999723e-09	4.4616510036410371e-08	1.6365976163054871e-22	6.1078434648774487e-10
