config	kind	threshold	panel	relax	maxsuper	system	family	freq	n	nnz_a	factor_s	solve_s	nnz_l	nnz_u	nonidentity_pivots	pivot_fraction	max_pivot_displacement	factor_info	solve_info	discrepancy	residual	finite	repeats
pivot_1	pivot	1	16	1	128	radial_small	radial	0.17999999999999999	104	1024	6.3221500000000004e-05	1.14345e-05	564	930	100	0.96153846153846156	102	0	0	0	1.0009255313437571e-22	1	4
pivot_1	pivot	1	16	1	128	radial_small	radial	0.40999999999999998	104	1024	6.1268749999999995e-05	1.1387e-05	564	930	100	0.96153846153846156	102	0	0	0	8.1573198225628383e-23	1	4
pivot_1	pivot	1	16	1	128	radial_small	radial	0.67000000000000004	104	1024	6.1381499999999995e-05	1.122175e-05	564	930	100	0.96153846153846156	102	0	0	0	1.4693799092463748e-22	1	4
pivot_1	pivot	1	16	1	128	radial_small	radial	1.05	104	1024	6.1323999999999998e-05	1.1211499999999999e-05	564	930	100	0.96153846153846156	102	0	0	0	1.0554311418022949e-22	1	4
pivot_1	pivot	1	16	1	128	radial_small	radial	0.5	104	1024	6.1298750000000007e-05	1.1311999999999999e-05	564	930	99	0.95192307692307687	101	0	0	0	1.3348106401700182e-22	1	4
pivot_1	pivot	1	16	1	128	radial_small	radial	0.14999999999999999	104	1024	6.10035e-05	1.1219249999999999e-05	564	930	100	0.96153846153846156	102	0	0	0	6.7767707625599675e-23	1	4
pivot_1	pivot	1	16	1	128	toroidal_small	toroidal	0.17999999999999999	37	181	1.2496e-05	3.1644999999999999e-06	109	109	19	0.51351351351351349	2	0	0	0	6.988201161127041e-17	1	4
pivot_1	pivot	1	16	1	128	toroidal_small	toroidal	0.40999999999999998	37	181	1.195275e-05	3.1070000000000001e-06	109	109	19	0.51351351351351349	2	0	0	0	4.5405119069854345e-17	1	4
pivot_1	pivot	1	16	1	128	toroidal_small	toroidal	0.67000000000000004	37	181	1.1915250000000001e-05	3.08225e-06	109	109	19	0.51351351351351349	2	0	0	0	1.0183205480076424e-16	1	4
pivot_1	pivot	1	16	1	128	toroidal_small	toroidal	1.05	37	181	1.18375e-05	3.067e-06	109	109	19	0.51351351351351349	2	0	0	0	9.0355074117156169e-17	1	4
pivot_1	pivot	1	16	1	128	toroidal_small	toroidal	0.20000000000000001	37	181	1.188775e-05	3.0595000000000001e-06	109	109	19	0.51351351351351349	2	0	0	0	1.3321088766132244e-16	1	4
pivot_1	pivot	1	16	1	128	toroidal_small	toroidal	0.10000000000000001	37	181	1.2005500000000001e-05	3.1395000000000002e-06	109	109	19	0.51351351351351349	2	0	0	0	6.5223763894321822e-17	1	4
pivot_1	pivot	1	16	1	128	spheroidal_small	spheroidal	0.17999999999999999	158	1906	0.00013109275000000001	2.0077250000000002e-05	1236	1805	152	0.96202531645569622	61	0	0	0	2.6636940287834302e-23	1	4
pivot_1	pivot	1	16	1	128	spheroidal_small	spheroidal	0.40999999999999998	158	1906	0.00012175624999999999	1.9854500000000001e-05	1236	1805	152	0.96202531645569622	61	0	0	0	3.4437241584060326e-23	1	4
pivot_1	pivot	1	16	1	128	spheroidal_small	spheroidal	0.67000000000000004	158	1906	0.00012150574999999999	1.9656750000000001e-05	1236	1805	152	0.96202531645569622	61	0	0	0	4.2532697733492492e-23	1	4
pivot_1	pivot	1	16	1	128	spheroidal_small	spheroidal	1.05	158	1906	0.00012552175	1.9879500000000002e-05	1236	1814	150	0.94936708860759489	61	0	0	0	3.7600870833029425e-23	1	4
pivot_1	pivot	1	16	1	128	spheroidal_small	spheroidal	0.10000000000000001	158	1906	0.00012091000000000001	1.9631750000000001e-05	1236	1805	152	0.96202531645569622	61	0	0	0	5.2740140207498564e-23	1	4
pivot_1	pivot	1	16	1	128	spheroidal_medium	spheroidal	0.17999999999999999	257	3715	0.000241745	3.5452749999999997e-05	2405	3427	243	0.94552529182879375	82	0	0	0	4.9164833728291267e-23	1	4
pivot_1	pivot	1	16	1	128	spheroidal_medium	spheroidal	0.40999999999999998	257	3715	0.00022914125000000001	3.5149749999999997e-05	2405	3427	243	0.94552529182879375	82	0	0	0	4.3642328321781356e-23	1	4
pivot_1	pivot	1	16	1	128	spheroidal_medium	spheroidal	0.67000000000000004	257	3715	0.00023328724999999999	3.5194999999999998e-05	2405	3430	242	0.94163424124513617	79	0	0	0	5.7351328412654683e-23	1	4
pivot_1	pivot	1	16	1	128	spheroidal_medium	spheroidal	1.05	257	3715	0.00022648724999999999	3.4999500000000003e-05	2405	3430	242	0.94163424124513617	79	0	0	0	5.1944199358501606e-23	1	4
pivot_1	pivot	1	16	1	128	spheroidal_medium	spheroidal	0.5	257	3715	0.00022661250000000001	3.4912e-05	2405	3427	243	0.94552529182879375	82	0	0	0	6.8224200179425254e-23	1	4
pivot_1	pivot	1	16	1	128	spheroidal_medium	spheroidal	0.14999999999999999	257	3715	0.00022787449999999999	3.4979499999999999e-05	2405	3427	243	0.94552529182879375	82	0	0	0	5.6112752040840237e-23	1	4
pivot_1	pivot	1	16	1	128	spheroidal_large	spheroidal	0.17999999999999999	860	14554	0.00092795675	0.00013964775	9419	12437	833	0.96860465116279071	352	0	0	0	8.3950675175764125e-23	1	4
pivot_1	pivot	1	16	1	128	spheroidal_large	spheroidal	0.40999999999999998	860	14554	0.00092573324999999996	0.00013534650000000001	9419	12402	833	0.96860465116279071	352	0	0	0	3.1831624480216129e-23	1	4
pivot_1	pivot	1	16	1	128	spheroidal_large	spheroidal	0.67000000000000004	860	14554	0.00091089375000000001	0.00013496100000000001	9419	12427	832	0.96744186046511627	352	0	0	0	5.0302876687419195e-23	1	4
pivot_1	pivot	1	16	1	128	spheroidal_large	spheroidal	1.05	860	14554	0.00090254625000000003	0.00013517625000000001	9419	12437	836	0.97209302325581393	352	0	0	0	1.0635690298164017e-22	1	4
pivot_1	pivot	1	16	1	128	spheroidal_large	spheroidal	0.80000000000000004	860	14554	0.00089855049999999998	0.0001351085	9419	12437	832	0.96744186046511627	352	0	0	0	1.2482781197756575e-22	1	4
pivot_1	pivot	1	16	1	128	spheroidal_large	spheroidal	0.10000000000000001	860	14554	0.00088594425000000003	0.000134628	9419	12297	832	0.96744186046511627	352	0	0	0	8.5226482059939934e-23	1	4
pivot_1	pivot	1	16	1	128	spheroidal_fluid_solid	spheroidal	0.17999999999999999	860	14554	0.00096538975000000002	0.00013882675	9390	12962	772	0.89767441860465114	84	0	0	0	5.1643597037277674e-23	1	4
pivot_1	pivot	1	16	1	128	spheroidal_fluid_solid	spheroidal	0.40999999999999998	860	14554	0.00094126124999999996	0.00013871924999999999	9390	12962	787	0.91511627906976745	84	0	0	0	8.1769984869030007e-24	1	4
pivot_1	pivot	1	16	1	128	spheroidal_fluid_solid	spheroidal	0.67000000000000004	860	14554	0.00097681924999999995	0.0001396855	9390	13043	807	0.93837209302325586	84	0	0	0	3.9630174043705951e-24	1	4
pivot_1	pivot	1	16	1	128	spheroidal_fluid_solid	spheroidal	1.05	860	14554	0.00097085550000000002	0.0001394825	9390	13007	801	0.93139534883720931	84	0	0	0	4.8589534624021359e-24	1	4
pivot_1	pivot	1	16	1	128	spheroidal_fluid_solid	spheroidal	0.10000000000000001	860	14554	0.00096191474999999995	0.00013886924999999999	9390	13018	771	0.89651162790697669	84	0	0	0	1.5757945129535722e-22	1	4
pivot_1	pivot	1	16	1	128	spheroidal_fluid_solid	spheroidal	0.5	860	14554	0.00095500200000000004	0.00013946250000000001	9390	12997	798	0.9279069767441861	87	0	0	0	7.3661336930162145e-24	1	4
pivot_1	pivot	1	16	1	128	spheroidal_max	spheroidal	0.17999999999999999	1610	27304	0.0017946995	0.00025820949999999997	17613	23579	1449	0.90000000000000002	145	0	0	0	6.7275346601378661e-23	1	4
pivot_1	pivot	1	16	1	128	spheroidal_max	spheroidal	0.40999999999999998	1610	27304	0.00184402575	0.000259048	17617	23653	1425	0.8850931677018633	145	0	0	0	1.0319305716130603e-23	1	4
pivot_1	pivot	1	16	1	128	spheroidal_max	spheroidal	0.67000000000000004	1610	27304	0.0018250447500000001	0.00026075324999999999	17617	23612	1450	0.90062111801242239	145	0	0	0	4.9669905959380182e-24	1	4
pivot_1	pivot	1	16	1	128	spheroidal_max	spheroidal	1.05	1610	27304	0.00180451425	0.00026281874999999999	17617	23603	1464	0.90931677018633539	145	0	0	0	7.4222233867076674e-24	1	4
pivot_1	pivot	1	16	1	128	spheroidal_max	spheroidal	0.10000000000000001	1610	27304	0.0018020957499999999	0.00026077075	17613	23579	1452	0.90186335403726703	145	0	0	0	2.6714746430981139e-22	1	4
pivot_0p5	pivot	0.5	16	1	128	radial_small	radial	0.17999999999999999	104	1024	6.5700500000000006e-05	1.202775e-05	564	930	80	0.76923076923076927	102	0	0	4.8970497906183949e-12	5.7544817187028553e-23	1	4
pivot_0p5	pivot	0.5	16	1	128	radial_small	radial	0.40999999999999998	104	1024	6.1080999999999993e-05	1.199775e-05	564	930	79	0.75961538461538458	101	0	0	1.2495639206075054e-11	1.641925127670991e-22	1	4
pivot_0p5	pivot	0.5	16	1	128	radial_small	radial	0.67000000000000004	104	1024	6.0332250000000002e-05	1.1792499999999999e-05	564	930	79	0.75961538461538458	101	0	0	2.4727262534888353e-11	9.6876602006928067e-23	1	4
pivot_0p5	pivot	0.5	16	1	128	radial_small	radial	1.05	104	1024	6.0590249999999998e-05	1.1862749999999999e-05	564	930	80	0.76923076923076927	102	0	0	7.2045028173504299e-12	1.0628945448546336e-22	1	4
pivot_0p5	pivot	0.5	16	1	128	radial_small	radial	0.5	104	1024	6.0562749999999999e-05	1.1850250000000001e-05	564	930	79	0.75961538461538458	101	0	0	9.8392033700928623e-12	1.3298641494493361e-22	1	4
pivot_0p5	pivot	0.5	16	1	128	radial_small	radial	0.14999999999999999	104	1024	6.0547500000000003e-05	1.1715e-05	564	930	80	0.76923076923076927	102	0	0	1.4844919260829583e-11	5.7502374115943886e-23	1	4
pivot_0p5	pivot	0.5	16	1	128	toroidal_small	toroidal	0.17999999999999999	37	181	1.1977999999999999e-05	3.1070000000000001e-06	109	109	0	0	0	0	0	1.0604979252634226e-26	5.6815191396436701e-17	1	4
pivot_0p5	pivot	0.5	16	1	128	toroidal_small	toroidal	0.40999999999999998	37	181	1.14295e-05	3.0319999999999999e-06	109	109	0	0	0	0	0	4.3434107151831642e-27	4.2372378284551878e-17	1	4
pivot_0p5	pivot	0.5	16	1	128	toroidal_small	toroidal	0.67000000000000004	37	181	1.14245e-05	3.0394999999999999e-06	109	109	0	0	0	0	0	1.2869734417802371e-26	9.3176748780378699e-17	1	4
pivot_0p5	pivot	0.5	16	1	128	toroidal_small	toroidal	1.05	37	181	1.1372000000000001e-05	2.9944999999999999e-06	109	109	0	0	0	0	0	2.1561061244240482e-27	8.458682605463124e-17	1	4
pivot_0p5	pivot	0.5	16	1	128	toroidal_small	toroidal	0.20000000000000001	37	181	1.1392e-05	3.0394999999999999e-06	109	109	0	0	0	0	0	9.1767637563256932e-27	8.2795644946177948e-17	1	4
pivot_0p5	pivot	0.5	16	1	128	toroidal_small	toroidal	0.10000000000000001	37	181	1.134925e-05	3.0245e-06	109	109	0	0	0	0	0	8.708683199091422e-27	7.8266153936074652e-17	1	4
pivot_0p5	pivot	0.5	16	1	128	spheroidal_small	spheroidal	0.17999999999999999	158	1906	0.00012731950000000001	2.0185000000000001e-05	1245	1806	131	0.82911392405063289	61	0	0	3.0147841869286543e-14	5.4543733776670983e-23	1	4
pivot_0p5	pivot	0.5	16	1	128	spheroidal_small	spheroidal	0.40999999999999998	158	1906	0.00012077475	1.9854500000000001e-05	1245	1806	131	0.82911392405063289	61	0	0	8.291577729331633e-15	4.4809093316467526e-23	1	4
pivot_0p5	pivot	0.5	16	1	128	spheroidal_small	spheroidal	0.67000000000000004	158	1906	0.000119558	1.9774499999999998e-05	1245	1806	131	0.82911392405063289	61	0	0	2.4814835415758236e-14	6.9635273227952372e-23	1	4
pivot_0p5	pivot	0.5	16	1	128	spheroidal_small	spheroidal	1.05	158	1906	0.0001198335	1.97845e-05	1245	1815	132	0.83544303797468356	61	0	0	5.4351806029065785e-15	3.6882088807551102e-23	1	4
pivot_0p5	pivot	0.5	16	1	128	spheroidal_small	spheroidal	0.10000000000000001	158	1906	0.00012178374999999999	1.9789500000000001e-05	1245	1806	131	0.82911392405063289	61	0	0	1.7398445790487829e-14	5.257062972557853e-23	1	4
pivot_0p5	pivot	0.5	16	1	128	spheroidal_medium	spheroidal	0.17999999999999999	257	3715	0.00023650974999999999	3.5780749999999998e-05	2417	3396	217	0.8443579766536965	82	0	0	2.3437326506830533e-14	4.4014634458188962e-23	1	4
pivot_0p5	pivot	0.5	16	1	128	spheroidal_medium	spheroidal	0.40999999999999998	257	3715	0.000229822	3.5790749999999999e-05	2417	3395	220	0.85603112840466922	82	0	0	3.2304839317602663e-14	6.2243766418258222e-23	1	4
pivot_0p5	pivot	0.5	16	1	128	spheroidal_medium	spheroidal	0.67000000000000004	257	3715	0.000226307	3.5097249999999997e-05	2417	3395	220	0.85603112840466922	82	0	0	6.5083107853655126e-14	4.3480592509913546e-23	1	4
pivot_0p5	pivot	0.5	16	1	128	spheroidal_medium	spheroidal	1.05	257	3715	0.000224379	3.5144749999999999e-05	2417	3395	220	0.85603112840466922	82	0	0	2.0923460660476932e-14	4.6314256514908068e-23	1	4
pivot_0p5	pivot	0.5	16	1	128	spheroidal_medium	spheroidal	0.5	257	3715	0.00022478474999999999	3.5019499999999999e-05	2417	3395	220	0.85603112840466922	82	0	0	3.0938373252183055e-14	6.7427783441093309e-23	1	4
pivot_0p5	pivot	0.5	16	1	128	spheroidal_medium	spheroidal	0.14999999999999999	257	3715	0.00022879825	3.5379999999999997e-05	2417	3396	217	0.8443579766536965	82	0	0	5.9462196134747454e-14	6.528559440907386e-23	1	4
pivot_0p5	pivot	0.5	16	1	128	spheroidal_large	spheroidal	0.17999999999999999	860	14554	0.00090105649999999997	0.00013428250000000001	9449	12158	675	0.78488372093023251	292	0	0	8.5391764932839005e-13	7.2440471619132492e-23	1	4
pivot_0p5	pivot	0.5	16	1	128	spheroidal_large	spheroidal	0.40999999999999998	860	14554	0.00092102125000000003	0.00013577724999999999	9449	12258	676	0.78604651162790695	292	0	0	2.2599189756213356e-13	8.5749952388877391e-23	1	4
pivot_0p5	pivot	0.5	16	1	128	spheroidal_large	spheroidal	0.67000000000000004	860	14554	0.00089046600000000002	0.00013504599999999999	9449	12183	675	0.78488372093023251	292	0	0	3.6007135532794658e-13	4.377013936433588e-23	1	4
pivot_0p5	pivot	0.5	16	1	128	spheroidal_large	spheroidal	1.05	860	14554	0.00089444674999999995	0.00013514625	9449	12268	673	0.78255813953488373	292	0	0	4.7282889222971845e-13	5.9361052543226291e-23	1	4
pivot_0p5	pivot	0.5	16	1	128	spheroidal_large	spheroidal	0.80000000000000004	860	14554	0.00088508024999999998	0.00013726175	9449	12243	674	0.78372093023255818	292	0	0	3.3652607503309483e-13	4.3325126773401441e-23	1	4
pivot_0p5	pivot	0.5	16	1	128	spheroidal_large	spheroidal	0.10000000000000001	860	14554	0.00086646249999999998	0.00013353375000000001	9449	12013	675	0.78488372093023251	292	0	0	2.2160281266129985e-12	3.6271023509824277e-23	1	4
pivot_0p5	pivot	0.5	16	1	128	spheroidal_fluid_solid	spheroidal	0.17999999999999999	860	14554	0.00095536500000000001	0.0001394775	9409	12941	678	0.78837209302325584	84	0	0	1.2258845785863782e-13	5.3531336194369877e-23	1	4
pivot_0p5	pivot	0.5	16	1	128	spheroidal_fluid_solid	spheroidal	0.40999999999999998	860	14554	0.00094176950000000002	0.00013925750000000001	9409	12941	677	0.78720930232558139	84	0	0	6.6069701331591976e-14	8.6545768371496447e-24	1	4
pivot_0p5	pivot	0.5	16	1	128	spheroidal_fluid_solid	spheroidal	0.67000000000000004	860	14554	0.00094286624999999997	0.00013914974999999999	9409	12939	673	0.78255813953488373	84	0	0	2.6392466758433858e-14	4.6004852492827536e-24	1	4
pivot_0p5	pivot	0.5	16	1	128	spheroidal_fluid_solid	spheroidal	1.05	860	14554	0.00094161199999999998	0.00013935750000000001	9409	12935	666	0.77441860465116275	122	0	0	1.7216396194741917e-14	5.7597591353529131e-24	1	4
pivot_0p5	pivot	0.5	16	1	128	spheroidal_fluid_solid	spheroidal	0.10000000000000001	860	14554	0.00094678475000000003	0.0001423695	9409	12986	679	0.78953488372093028	85	0	0	7.7064455098194784e-13	1.4268255613944227e-22	1	4
pivot_0p5	pivot	0.5	16	1	128	spheroidal_fluid_solid	spheroidal	0.5	860	14554	0.00094091575	0.0001393225	9409	12939	676	0.78604651162790695	84	0	0	4.2456579228575004e-14	9.4375666013128386e-24	1	4
pivot_0p5	pivot	0.5	16	1	128	spheroidal_max	spheroidal	0.17999999999999999	1610	27304	0.0017750077499999999	0.00025710525000000002	17632	23503	1253	0.77826086956521734	144	0	0	4.1162432721591648e-13	5.895347010158698e-23	1	4
pivot_0p5	pivot	0.5	16	1	128	spheroidal_max	spheroidal	0.40999999999999998	1610	27304	0.0018130745	0.00025883049999999999	17632	23536	1258	0.7813664596273292	144	0	0	1.1110470885813045e-13	1.3631465499198681e-23	1	4
pivot_0p5	pivot	0.5	16	1	128	spheroidal_max	spheroidal	0.67000000000000004	1610	27304	0.0017808315	0.00025931100000000002	17632	23557	1245	0.77329192546583847	144	0	0	1.207633111452764e-13	9.3150974943530248e-24	1	4
pivot_0p5	pivot	0.5	16	1	128	spheroidal_max	spheroidal	1.05	1610	27304	0.0017665125	0.00026170475000000001	17632	23608	1263	0.78447204968944095	144	0	0	1.8025434934959183e-13	5.9443858520300437e-24	1	4
pivot_0p5	pivot	0.5	16	1	128	spheroidal_max	spheroidal	0.10000000000000001	1610	27304	0.0017643595	0.00025796400000000001	17632	23503	1244	0.7726708074534161	144	0	0	1.3604432767004978e-12	3.4666081409096967e-22	1	4
pivot_0p1	pivot	0.10000000000000001	16	1	128	radial_small	radial	0.17999999999999999	104	1024	6.2197499999999995e-05	1.1272e-05	564	906	73	0.70192307692307687	101	0	0	1.7037398182902801e-11	9.0047252028656901e-23	1	4
pivot_0p1	pivot	0.10000000000000001	16	1	128	radial_small	radial	0.40999999999999998	104	1024	6.0239750000000002e-05	1.1189000000000001e-05	564	906	73	0.70192307692307687	101	0	0	5.3565218146307709e-12	5.0483683308972914e-23	1	4
pivot_0p1	pivot	0.10000000000000001	16	1	128	radial_small	radial	0.67000000000000004	104	1024	6.1118500000000001e-05	1.1309500000000001e-05	564	906	74	0.71153846153846156	102	0	0	1.6085964568917596e-11	7.857987523171145e-23	1	4
pivot_0p1	pivot	0.10000000000000001	16	1	128	radial_small	radial	1.05	104	1024	5.9826500000000001e-05	1.1144e-05	564	906	74	0.71153846153846156	102	0	0	6.9511122679774975e-12	9.8058868092769523e-23	1	4
pivot_0p1	pivot	0.10000000000000001	16	1	128	radial_small	radial	0.5	104	1024	5.9858999999999997e-05	1.1201499999999999e-05	564	906	74	0.71153846153846156	102	0	0	1.5466780715918547e-11	9.5092166688566172e-23	1	4
pivot_0p1	pivot	0.10000000000000001	16	1	128	radial_small	radial	0.14999999999999999	104	1024	5.9643750000000003e-05	1.1124000000000001e-05	564	906	73	0.70192307692307687	101	0	0	6.4943722448922441e-12	6.1002161776656775e-23	1	4
pivot_0p1	pivot	0.10000000000000001	16	1	128	toroidal_small	toroidal	0.17999999999999999	37	181	1.2072999999999999e-05	3.1070000000000001e-06	109	109	0	0	0	0	0	1.0604979252634226e-26	5.6815191396436701e-17	1	4
pivot_0p1	pivot	0.10000000000000001	16	1	128	toroidal_small	toroidal	0.40999999999999998	37	181	1.160975e-05	3.0394999999999999e-06	109	109	0	0	0	0	0	4.3434107151831642e-27	4.2372378284551878e-17	1	4
pivot_0p1	pivot	0.10000000000000001	16	1	128	toroidal_small	toroidal	0.67000000000000004	37	181	1.1501999999999999e-05	3.0520000000000002e-06	109	109	0	0	0	0	0	1.2869734417802371e-26	9.3176748780378699e-17	1	4
pivot_0p1	pivot	0.10000000000000001	16	1	128	toroidal_small	toroidal	1.05	37	181	1.151475e-05	3.0444999999999998e-06	109	109	0	0	0	0	0	2.1561061244240482e-27	8.458682605463124e-17	1	4
pivot_0p1	pivot	0.10000000000000001	16	1	128	toroidal_small	toroidal	0.20000000000000001	37	181	1.152475e-05	3.0469999999999998e-06	109	109	0	0	0	0	0	9.1767637563256932e-27	8.2795644946177948e-17	1	4
pivot_0p1	pivot	0.10000000000000001	16	1	128	toroidal_small	toroidal	0.10000000000000001	37	181	1.1539750000000001e-05	3.0344999999999999e-06	109	109	0	0	0	0	0	8.708683199091422e-27	7.8266153936074652e-17	1	4
pivot_0p1	pivot	0.10000000000000001	16	1	128	spheroidal_small	spheroidal	0.17999999999999999	158	1906	0.00012722174999999999	2.087375e-05	1245	1721	116	0.73417721518987344	66	0	0	1.8686890415916233e-14	5.4188451213583189e-23	1	4
pivot_0p1	pivot	0.10000000000000001	16	1	128	spheroidal_small	spheroidal	0.40999999999999998	158	1906	0.0001176675	2.0820999999999999e-05	1245	1721	116	0.73417721518987344	66	0	0	1.3294140046089617e-14	4.5684498380145353e-23	1	4
pivot_0p1	pivot	0.10000000000000001	16	1	128	spheroidal_small	spheroidal	0.67000000000000004	158	1906	0.00011773025	2.053075e-05	1245	1721	116	0.73417721518987344	66	0	0	8.7880067871429797e-15	4.4172681746633672e-23	1	4
pivot_0p1	pivot	0.10000000000000001	16	1	128	spheroidal_small	spheroidal	1.05	158	1906	0.000117818	2.0505499999999999e-05	1245	1712	116	0.73417721518987344	66	0	0	1.1740157597511649e-14	2.8902092180181172e-23	1	4
pivot_0p1	pivot	0.10000000000000001	16	1	128	spheroidal_small	spheroidal	0.10000000000000001	158	1906	0.0001205395	2.064825e-05	1245	1721	116	0.73417721518987344	66	0	0	2.1235839249004018e-14	3.0962243679251069e-23	1	4
pivot_0p1	pivot	0.10000000000000001	16	1	128	spheroidal_medium	spheroidal	0.17999999999999999	257	3715	0.00023427625000000001	3.483925e-05	2417	3312	180	0.70038910505836571	106	0	0	4.9875167919906142e-14	4.4806179358852424e-23	1	4
pivot_0p1	pivot	0.10000000000000001	16	1	128	spheroidal_medium	spheroidal	0.40999999999999998	257	3715	0.00023176024999999999	3.4886750000000003e-05	2417	3320	182	0.70817120622568097	106	0	0	2.0009052601695024e-14	4.375196247870445e-23	1	4
pivot_0p1	pivot	0.10000000000000001	16	1	128	spheroidal_medium	spheroidal	0.67000000000000004	257	3715	0.00022597399999999999	3.697e-05	2417	3320	181	0.7042801556420234	106	0	0	5.114974628932078e-14	2.3622413850454048e-23	1	4
pivot_0p1	pivot	0.10000000000000001	16	1	128	spheroidal_medium	spheroidal	1.05	257	3715	0.00022309475	3.4573999999999998e-05	2417	3320	180	0.70038910505836571	106	0	0	3.135654542938745e-14	5.9685869179459189e-23	1	4
pivot_0p1	pivot	0.10000000000000001	16	1	128	spheroidal_medium	spheroidal	0.5	257	3715	0.00022989975	3.4666499999999998e-05	2417	3320	181	0.7042801556420234	106	0	0	3.0496519686487426e-14	3.6907565239704621e-23	1	4
pivot_0p1	pivot	0.10000000000000001	16	1	128	spheroidal_medium	spheroidal	0.14999999999999999	257	3715	0.00022215074999999999	3.4558999999999999e-05	2417	3312	180	0.70038910505836571	106	0	0	5.8953644424338698e-14	3.59456721094391e-23	1	4
pivot_0p1	pivot	0.10000000000000001	16	1	128	spheroidal_large	spheroidal	0.17999999999999999	860	14554	0.00094915574999999996	0.000140011	9434	13199	510	0.59302325581395354	386	0	0	4.4710121298577946e-12	6.8830099011381337e-23	1	4
pivot_0p1	pivot	0.10000000000000001	16	1	128	spheroidal_large	spheroidal	0.40999999999999998	860	14554	0.00091934125000000004	0.00013790275000000001	9449	12682	506	0.58837209302325577	386	0	0	3.0563913910142379e-13	6.4036957870912695e-23	1	4
pivot_0p1	pivot	0.10000000000000001	16	1	128	spheroidal_large	spheroidal	0.67000000000000004	860	14554	0.00089816725000000004	0.00013589249999999999	9449	12352	498	0.57906976744186045	386	0	0	3.5637079940746149e-13	7.7472314538070426e-23	1	4
pivot_0p1	pivot	0.10000000000000001	16	1	128	spheroidal_large	spheroidal	1.05	860	14554	0.00086877099999999995	0.00013729424999999999	9449	12132	480	0.55813953488372092	386	0	0	3.2862953146049072e-13	5.5230785610238931e-23	1	4
pivot_0p1	pivot	0.10000000000000001	16	1	128	spheroidal_large	spheroidal	0.80000000000000004	860	14554	0.00086218125000000004	0.00014198125000000001	9449	12262	492	0.5720930232558139	386	0	0	5.9180847494729663e-13	1.0842840356853191e-22	1	4
pivot_0p1	pivot	0.10000000000000001	16	1	128	spheroidal_large	spheroidal	0.10000000000000001	860	14554	0.00093129425000000002	0.00013954525000000001	9434	13199	517	0.60116279069767442	386	0	0	1.7439129294014083e-12	5.8004695382844191e-23	1	4
pivot_0p1	pivot	0.10000000000000001	16	1	128	spheroidal_fluid_solid	spheroidal	0.17999999999999999	860	14554	0.00090597374999999995	0.00014092225000000001	9418	12499	465	0.54069767441860461	176	0	0	4.4705586831334532e-13	5.4862337914537184e-23	1	4
pivot_0p1	pivot	0.10000000000000001	16	1	128	spheroidal_fluid_solid	spheroidal	0.40999999999999998	860	14554	0.00090369324999999999	0.00013713150000000001	9418	12499	481	0.55930232558139537	176	0	0	1.4780258967642921e-13	1.0079553265125436e-23	1	4
pivot_0p1	pivot	0.10000000000000001	16	1	128	spheroidal_fluid_solid	spheroidal	0.67000000000000004	860	14554	0.00089486225000000004	0.00013693399999999999	9418	12499	473	0.55000000000000004	176	0	0	8.3012929021741752e-14	3.4231769529227432e-24	1	4
pivot_0p1	pivot	0.10000000000000001	16	1	128	spheroidal_fluid_solid	spheroidal	1.05	860	14554	0.00089186775	0.0001367835	9418	12499	472	0.5488372093023256	176	0	0	3.3864798764655726e-14	6.2555480546242189e-24	1	4
pivot_0p1	pivot	0.10000000000000001	16	1	128	spheroidal_fluid_solid	spheroidal	0.10000000000000001	860	14554	0.00088694575000000002	0.0001366785	9418	12499	465	0.54069767441860461	176	0	0	1.7095213419160927e-12	2.1923330104856672e-22	1	4
pivot_0p1	pivot	0.10000000000000001	16	1	128	spheroidal_fluid_solid	spheroidal	0.5	860	14554	0.00089512274999999997	0.00013686374999999999	9418	12499	478	0.55581395348837215	176	0	0	8.6332142907567725e-14	1.4388092406047169e-23	1	4
pivot_0p1	pivot	0.10000000000000001	16	1	128	spheroidal_max	spheroidal	0.17999999999999999	1610	27304	0.00158017025	0.00025009750000000002	17696	21667	697	0.4329192546583851	237	0	0	4.4215412586660816e-13	5.3158286319993277e-23	1	4
pivot_0p1	pivot	0.10000000000000001	16	1	128	spheroidal_max	spheroidal	0.40999999999999998	1610	27304	0.0016296512500000001	0.00024940150000000001	17696	21967	715	0.44409937888198758	237	0	0	1.1973262303940495e-13	1.2146311252661164e-23	1	4
pivot_0p1	pivot	0.10000000000000001	16	1	128	spheroidal_max	spheroidal	0.67000000000000004	1610	27304	0.0016147392500000001	0.00025159975000000001	17696	22127	707	0.43913043478260871	237	0	0	2.4599071533002908e-13	9.984366569570588e-24	1	4
pivot_0p1	pivot	0.10000000000000001	16	1	128	spheroidal_max	spheroidal	1.05	1610	27304	0.00160768125	0.00025248574999999998	17696	22197	712	0.44223602484472052	237	0	0	9.5364674188149827e-14	6.2563547991826124e-24	1	4
pivot_0p1	pivot	0.10000000000000001	16	1	128	spheroidal_max	spheroidal	0.10000000000000001	1610	27304	0.00160110625	0.00024933375	17696	22117	708	0.43975155279503103	237	0	0	1.386038337842735e-12	2.346545500367678e-22	1	4
pivot_0p01	pivot	0.01	16	1	128	radial_small	radial	0.17999999999999999	104	1024	6.0615249999999999e-05	1.0984e-05	564	834	61	0.58653846153846156	101	0	0	1.0213520659360215e-11	5.1931961687906299e-23	1	4
pivot_0p01	pivot	0.01	16	1	128	radial_small	radial	0.40999999999999998	104	1024	5.8492249999999999e-05	1.1079e-05	564	834	61	0.58653846153846156	101	0	0	8.066733510340773e-12	2.0059381232270438e-22	1	4
pivot_0p01	pivot	0.01	16	1	128	radial_small	radial	0.67000000000000004	104	1024	5.8477000000000003e-05	1.096375e-05	564	834	61	0.58653846153846156	101	0	0	1.9257907164540305e-11	7.9835909391582402e-23	1	4
pivot_0p01	pivot	0.01	16	1	128	radial_small	radial	1.05	104	1024	5.8770000000000001e-05	1.0833749999999999e-05	564	834	62	0.59615384615384615	102	0	0	8.5165936290701752e-12	4.8976117806497952e-23	1	4
pivot_0p01	pivot	0.01	16	1	128	radial_small	radial	0.5	104	1024	5.8494749999999998e-05	1.0968750000000001e-05	564	834	62	0.59615384615384615	102	0	0	1.4575299717997861e-11	7.2288810383021664e-23	1	4
pivot_0p01	pivot	0.01	16	1	128	radial_small	radial	0.14999999999999999	104	1024	5.8454749999999998e-05	1.08185e-05	564	834	62	0.59615384615384615	102	0	0	7.796156700464568e-12	7.764872668895608e-23	1	4
pivot_0p01	pivot	0.01	16	1	128	toroidal_small	toroidal	0.17999999999999999	37	181	1.219075e-05	3.1522500000000002e-06	109	109	0	0	0	0	0	1.0604979252634226e-26	5.6815191396436701e-17	1	4
pivot_0p01	pivot	0.01	16	1	128	toroidal_small	toroidal	0.40999999999999998	37	181	1.21305e-05	3.0469999999999998e-06	109	109	0	0	0	0	0	4.3434107151831642e-27	4.2372378284551878e-17	1	4
pivot_0p01	pivot	0.01	16	1	128	toroidal_small	toroidal	0.67000000000000004	37	181	1.1594749999999999e-05	3.0722500000000001e-06	109	109	0	0	0	0	0	1.2869734417802371e-26	9.3176748780378699e-17	1	4
pivot_0p01	pivot	0.01	16	1	128	toroidal_small	toroidal	1.05	37	181	1.1695000000000001e-05	3.0645000000000001e-06	109	109	0	0	0	0	0	2.1561061244240482e-27	8.458682605463124e-17	1	4
pivot_0p01	pivot	0.01	16	1	128	toroidal_small	toroidal	0.20000000000000001	37	181	1.189025e-05	3.0245e-06	109	109	0	0	0	0	0	9.1767637563256932e-27	8.2795644946177948e-17	1	4
pivot_0p01	pivot	0.01	16	1	128	toroidal_small	toroidal	0.10000000000000001	37	181	1.1542000000000001e-05	3.0170000000000001e-06	109	109	0	0	0	0	0	8.708683199091422e-27	7.8266153936074652e-17	1	4
pivot_0p01	pivot	0.01	16	1	128	spheroidal_small	spheroidal	0.17999999999999999	158	1906	0.0001165835	1.9048499999999999e-05	1256	1586	89	0.56329113924050633	80	0	0	2.3440016158259138e-14	2.3986207054746893e-23	1	4
pivot_0p01	pivot	0.01	16	1	128	spheroidal_small	spheroidal	0.40999999999999998	158	1906	0.00011064975	1.867025e-05	1256	1586	89	0.56329113924050633	80	0	0	1.5527498627955697e-14	4.2993281702024163e-23	1	4
pivot_0p01	pivot	0.01	16	1	128	spheroidal_small	spheroidal	0.67000000000000004	158	1906	0.00011184675	1.8685249999999999e-05	1256	1574	86	0.54430379746835444	80	0	0	1.4641557854270786e-14	3.996552071144033e-23	1	4
pivot_0p01	pivot	0.01	16	1	128	spheroidal_small	spheroidal	1.05	158	1906	0.00010940024999999999	1.8672749999999998e-05	1256	1574	88	0.55696202531645567	80	0	0	7.7673944699534921e-15	3.5968539230401292e-23	1	4
pivot_0p01	pivot	0.01	16	1	128	spheroidal_small	spheroidal	0.10000000000000001	158	1906	0.00011047950000000001	1.8667750000000001e-05	1256	1586	89	0.56329113924050633	80	0	0	3.6186422039650164e-14	5.1541567368812083e-23	1	4
pivot_0p01	pivot	0.01	16	1	128	spheroidal_medium	spheroidal	0.17999999999999999	257	3715	0.00021847024999999999	3.3269750000000001e-05	2432	2969	124	0.48249027237354086	152	0	0	7.7124882307381124e-14	4.8312682938345821e-23	1	4
pivot_0p01	pivot	0.01	16	1	128	spheroidal_medium	spheroidal	0.40999999999999998	257	3715	0.00021115175000000001	3.3149499999999998e-05	2432	2969	123	0.47859922178988329	152	0	0	3.9032974260674599e-14	7.6928329854843557e-23	1	4
pivot_0p01	pivot	0.01	16	1	128	spheroidal_medium	spheroidal	0.67000000000000004	257	3715	0.00020893600000000001	3.3269750000000001e-05	2432	2969	123	0.47859922178988329	152	0	0	5.3070092585457713e-14	4.3016417860096889e-23	1	4
pivot_0p01	pivot	0.01	16	1	128	spheroidal_medium	spheroidal	1.05	257	3715	0.00020899625000000001	3.2938999999999998e-05	2432	2969	123	0.47859922178988329	152	0	0	4.6357104257117772e-14	4.6419691820260243e-23	1	4
pivot_0p01	pivot	0.01	16	1	128	spheroidal_medium	spheroidal	0.5	257	3715	0.00020819	3.3101749999999999e-05	2432	2969	123	0.47859922178988329	152	0	0	9.7028089086352894e-14	4.4838559194392284e-23	1	4
pivot_0p01	pivot	0.01	16	1	128	spheroidal_medium	spheroidal	0.14999999999999999	257	3715	0.00020804474999999999	3.3149250000000001e-05	2432	2969	124	0.48249027237354086	152	0	0	2.3828613813060675e-13	1.104084278775062e-22	1	4
pivot_0p01	pivot	0.01	16	1	128	spheroidal_large	spheroidal	0.17999999999999999	860	14554	0.00078892700000000003	0.0001268415	9449	10614	283	0.32906976744186045	386	0	0	8.6318393586999346e-13	6.5858055124183496e-23	1	4
pivot_0p01	pivot	0.01	16	1	128	spheroidal_large	spheroidal	0.40999999999999998	860	14554	0.00077778299999999999	0.00012674849999999999	9449	10704	283	0.32906976744186045	386	0	0	3.9816480253906314e-13	8.2987342545012751e-23	1	4
pivot_0p01	pivot	0.01	16	1	128	spheroidal_large	spheroidal	0.67000000000000004	860	14554	0.00077236000000000004	0.00012636074999999999	9449	10614	290	0.33720930232558138	386	0	0	4.8454485731701902e-13	4.4815002057697532e-23	1	4
pivot_0p01	pivot	0.01	16	1	128	spheroidal_large	spheroidal	1.05	860	14554	0.00077731499999999999	0.00012648075000000001	9449	10614	292	0.33953488372093021	386	0	0	3.4875111722437688e-13	9.5542964889845396e-23	1	4
pivot_0p01	pivot	0.01	16	1	128	spheroidal_large	spheroidal	0.80000000000000004	860	14554	0.00077443300000000004	0.00012654100000000001	9449	10614	290	0.33720930232558138	386	0	0	3.9236670471348918e-13	3.4215392256101796e-23	1	4
pivot_0p01	pivot	0.01	16	1	128	spheroidal_large	spheroidal	0.10000000000000001	860	14554	0.00077108299999999999	0.00012649575	9449	10674	283	0.32906976744186045	386	0	0	4.2882074157330347e-11	8.0656929739599748e-22	1	4
pivot_0p01	pivot	0.01	16	1	128	spheroidal_fluid_solid	spheroidal	0.17999999999999999	860	14554	0.00080149099999999999	0.000126616	9449	10675	262	0.30465116279069765	206	0	0	4.4130189097889801e-12	1.1286725680123269e-22	1	4
pivot_0p01	pivot	0.01	16	1	128	spheroidal_fluid_solid	spheroidal	0.40999999999999998	860	14554	0.00080342124999999999	0.00012801300000000001	9449	10675	263	0.30581395348837209	206	0	0	5.1660917153315972e-13	1.5053739058427255e-23	1	4
pivot_0p01	pivot	0.01	16	1	128	spheroidal_fluid_solid	spheroidal	0.67000000000000004	860	14554	0.00080414474999999995	0.00012878425000000001	9449	10775	284	0.33023255813953489	206	0	0	2.3676992738186422e-13	6.4085796201987669e-24	1	4
pivot_0p01	pivot	0.01	16	1	128	spheroidal_fluid_solid	spheroidal	1.05	860	14554	0.00079216449999999999	0.00012716674999999999	9449	10685	268	0.3116279069767442	206	0	0	4.8473931090192373e-14	4.7625704373234476e-24	1	4
pivot_0p01	pivot	0.01	16	1	128	spheroidal_fluid_solid	spheroidal	0.10000000000000001	860	14554	0.00077514675000000003	0.00012973300000000001	9449	10413	250	0.29069767441860467	206	0	0	7.332832418291838e-12	2.9083321005623434e-22	1	4
pivot_0p01	pivot	0.01	16	1	128	spheroidal_fluid_solid	spheroidal	0.5	860	14554	0.00079783299999999996	0.00013155824999999999	9449	10845	283	0.32906976744186045	206	0	0	2.0930296802810632e-13	1.101095858492761e-23	1	4
pivot_0p01	pivot	0.01	16	1	128	spheroidal_max	spheroidal	0.17999999999999999	1610	27304	0.00139927825	0.00023853275	17699	19167	386	0.23975155279503105	293	0	0	3.1726297922034471e-11	1.6078615250953383e-22	1	4
pivot_0p01	pivot	0.01	16	1	128	spheroidal_max	spheroidal	0.40999999999999998	1610	27304	0.001407443	0.00023436649999999999	17699	19067	369	0.22919254658385094	293	0	0	6.6362071477665243e-13	1.5909575849585566e-23	1	4
pivot_0p01	pivot	0.01	16	1	128	spheroidal_max	spheroidal	0.67000000000000004	1610	27304	0.0014278532500000001	0.00023903324999999999	17699	19307	426	0.26459627329192548	293	0	0	2.1646322338422083e-13	9.7652105869207133e-24	1	4
pivot_0p01	pivot	0.01	16	1	128	spheroidal_max	spheroidal	1.05	1610	27304	0.0014139702499999999	0.00023581875000000001	17699	19237	415	0.25776397515527949	293	0	0	1.5399330668906127e-13	4.7600689535609389e-24	1	4
pivot_0p01	pivot	0.01	16	1	128	spheroidal_max	spheroidal	0.10000000000000001	1610	27304	0.00140396275	0.00023362799999999999	17699	19067	393	0.24409937888198757	293	0	0	1.2322592434945151e-11	3.6782285753779302e-22	1	4
pivot_0	pivot	0	16	1	128	radial_small	radial	0.17999999999999999	104	1024	4.4899250000000002e-05	9.6069999999999997e-06	564	564	0	0	0	0	0	1.0246947806058506e-11	1.5608826415463335e-22	1	4
pivot_0	pivot	0	16	1	128	radial_small	radial	0.40999999999999998	104	1024	4.3930500000000002e-05	9.4539999999999996e-06	564	564	0	0	0	0	0	7.9983824999245181e-12	6.7158755353385803e-23	1	4
pivot_0	pivot	0	16	1	128	radial_small	radial	0.67000000000000004	104	1024	4.4406249999999999e-05	9.5040000000000008e-06	564	564	0	0	0	0	0	1.7501543780716633e-11	1.0192381521372824e-22	1	4
pivot_0	pivot	0	16	1	128	radial_small	radial	1.05	104	1024	4.6216250000000003e-05	9.7042499999999995e-06	564	564	0	0	0	0	0	8.6182704737854041e-12	9.0032314254408278e-23	1	4
pivot_0	pivot	0	16	1	128	radial_small	radial	0.5	104	1024	4.3895250000000003e-05	9.3914999999999998e-06	564	564	0	0	0	0	0	1.4500458684706476e-11	8.8685465355257239e-23	1	4
pivot_0	pivot	0	16	1	128	radial_small	radial	0.14999999999999999	104	1024	4.390025e-05	9.3789999999999995e-06	564	564	0	0	0	0	0	7.4450180815136222e-12	5.6713529409770571e-23	1	4
pivot_0	pivot	0	16	1	128	toroidal_small	toroidal	0.17999999999999999	37	181	1.2078e-05	3.1647500000000001e-06	109	109	0	0	0	0	0	1.0604979252634226e-26	5.6815191396436701e-17	1	4
pivot_0	pivot	0	16	1	128	toroidal_small	toroidal	0.40999999999999998	37	181	1.1442e-05	3.12725e-06	109	109	0	0	0	0	0	4.3434107151831642e-27	4.2372378284551878e-17	1	4
pivot_0	pivot	0	16	1	128	toroidal_small	toroidal	0.67000000000000004	37	181	1.1432e-05	3.0794999999999999e-06	109	109	0	0	0	0	0	1.2869734417802371e-26	9.3176748780378699e-17	1	4
pivot_0	pivot	0	16	1	128	toroidal_small	toroidal	1.05	37	181	1.1472e-05	3.0772500000000001e-06	109	109	0	0	0	0	0	2.1561061244240482e-27	8.458682605463124e-17	1	4
pivot_0	pivot	0	16	1	128	toroidal_small	toroidal	0.20000000000000001	37	181	1.1422e-05	3.0469999999999998e-06	109	109	0	0	0	0	0	9.1767637563256932e-27	8.2795644946177948e-17	1	4
pivot_0	pivot	0	16	1	128	toroidal_small	toroidal	0.10000000000000001	37	181	1.13795e-05	3.0369999999999999e-06	109	109	0	0	0	0	0	8.708683199091422e-27	7.8266153936074652e-17	1	4
pivot_0	pivot	0	16	1	128	spheroidal_small	spheroidal	0.17999999999999999	158	1906	9.1393500000000005e-05	1.7408500000000001e-05	1256	1256	0	0	0	0	0	1.963141232800091e-14	2.7365897804538059e-23	1	4
pivot_0	pivot	0	16	1	128	spheroidal_small	spheroidal	0.40999999999999998	158	1906	8.9773749999999994e-05	1.737575e-05	1256	1256	0	0	0	0	0	9.4246858191405846e-15	2.860777936936705e-23	1	4
pivot_0	pivot	0	16	1	128	spheroidal_small	spheroidal	0.67000000000000004	158	1906	8.9578499999999996e-05	1.7303250000000001e-05	1256	1256	0	0	0	0	0	1.4636387489722024e-14	2.607265378857829e-23	1	4
pivot_0	pivot	0	16	1	128	spheroidal_small	spheroidal	1.05	158	1906	8.9293e-05	1.7275750000000001e-05	1256	1256	0	0	0	0	0	7.8142162148001651e-15	5.8198186522283754e-23	1	4
pivot_0	pivot	0	16	1	128	spheroidal_small	spheroidal	0.10000000000000001	158	1906	8.9282750000000002e-05	1.7208249999999999e-05	1256	1256	0	0	0	0	0	1.8180445824900448e-14	3.0267585815946008e-23	1	4
pivot_0	pivot	0	16	1	128	spheroidal_medium	spheroidal	0.17999999999999999	257	3715	0.00017268700000000001	2.9904500000000001e-05	2432	2432	0	0	0	0	0	3.1715408582238705e-14	4.5025154606690472e-23	1	4
pivot_0	pivot	0	16	1	128	spheroidal_medium	spheroidal	0.40999999999999998	257	3715	0.000171528	2.9929499999999999e-05	2432	2432	0	0	0	0	0	1.9311944536763719e-14	4.6823785569901359e-23	1	4
pivot_0	pivot	0	16	1	128	spheroidal_medium	spheroidal	0.67000000000000004	257	3715	0.00017401425000000001	2.9896999999999999e-05	2432	2432	0	0	0	0	0	4.2265050268341918e-14	5.4271521219334183e-23	1	4
pivot_0	pivot	0	16	1	128	spheroidal_medium	spheroidal	1.05	257	3715	0.0001717155	2.9907e-05	2432	2432	0	0	0	0	0	2.2467942043043055e-14	4.4911273330315538e-23	1	4
pivot_0	pivot	0	16	1	128	spheroidal_medium	spheroidal	0.5	257	3715	0.00017443225	2.9856999999999999e-05	2432	2432	0	0	0	0	0	2.0926071318589996e-14	6.7962953670784074e-23	1	4
pivot_0	pivot	0	16	1	128	spheroidal_medium	spheroidal	0.14999999999999999	257	3715	0.00017152049999999999	3.0004750000000001e-05	2432	2432	0	0	0	0	0	5.7532845115698134e-14	3.6696006834465527e-23	1	4
pivot_0	pivot	0	16	1	128	spheroidal_large	spheroidal	0.17999999999999999	860	14554	0.00066322500000000003	0.00012063200000000001	9449	9449	0	0	0	0	0	8.6283780918564272e-13	2.134000121995586e-22	1	4
pivot_0	pivot	0	16	1	128	spheroidal_large	spheroidal	0.40999999999999998	860	14554	0.00066566849999999996	0.00012066975	9449	9449	0	0	0	0	0	2.6715552115231888e-13	1.5848090052904391e-22	1	4
pivot_0	pivot	0	16	1	128	spheroidal_large	spheroidal	0.67000000000000004	860	14554	0.00066228599999999999	0.00012290550000000001	9449	9449	0	0	0	0	0	2.6849006839933317e-13	6.5906482601336683e-23	1	4
pivot_0	pivot	0	16	1	128	spheroidal_large	spheroidal	1.05	860	14554	0.00065862050000000001	0.00012019900000000001	9449	9449	0	0	0	0	0	3.2903924128392564e-13	4.0973462578898403e-23	1	4
pivot_0	pivot	0	16	1	128	spheroidal_large	spheroidal	0.80000000000000004	860	14554	0.00065898849999999995	0.000120104	9449	9449	0	0	0	0	0	3.311848700999842e-13	5.9190929977229651e-23	1	4
pivot_0	pivot	0	16	1	128	spheroidal_large	spheroidal	0.10000000000000001	860	14554	0.00066155974999999997	0.00012055450000000001	9449	9449	0	0	0	0	0	1.650791416644056e-12	5.8678395541815307e-23	1	4
pivot_0	pivot	0	16	1	128	spheroidal_fluid_solid	spheroidal	0.17999999999999999	860	14554	0.00066327499999999995	0.0001201515	9449	9449	0	0	0	0	0	9.7881190857789787e-14	4.9610668731026653e-23	1	4
pivot_0	pivot	0	16	1	128	spheroidal_fluid_solid	spheroidal	0.40999999999999998	860	14554	0.00066544824999999999	0.00012074475000000001	9449	9449	0	0	0	0	0	3.8967480320952328e-14	1.1545014362124647e-23	1	4
pivot_0	pivot	0	16	1	128	spheroidal_fluid_solid	spheroidal	0.67000000000000004	860	14554	0.00066214075000000001	0.000120432	9449	9449	0	0	0	0	0	2.5547073597021762e-14	4.7805181891579704e-23	1	4
pivot_0	pivot	0	16	1	128	spheroidal_fluid_solid	spheroidal	1.05	860	14554	0.00066246375	0.00012446549999999999	9449	9449	0	0	0	0	0	3.3814566084860401e-14	2.1037207744566958e-23	1	4
pivot_0	pivot	0	16	1	128	spheroidal_fluid_solid	spheroidal	0.10000000000000001	860	14554	0.00066175524999999996	0.00012042925	9449	9449	0	0	0	0	0	8.2132179264137543e-13	2.4902631119313079e-22	1	4
pivot_0	pivot	0	16	1	128	spheroidal_fluid_solid	spheroidal	0.5	860	14554	0.00065978475	0.00012007125	9449	9449	0	0	0	0	0	3.887184661463292e-14	9.0867895704804021e-24	1	4
pivot_0	pivot	0	16	1	128	spheroidal_max	spheroidal	0.17999999999999999	1610	27304	0.0012438944999999999	0.0002243615	17699	17699	0	0	0	0	0	4.1048935964484696e-13	7.1360114005358709e-23	1	4
pivot_0	pivot	0	16	1	128	spheroidal_max	spheroidal	0.40999999999999998	1610	27304	0.001248802	0.00022810199999999999	17699	17699	0	0	0	0	0	1.0991456515651334e-13	2.2160365895966936e-23	1	4
pivot_0	pivot	0	16	1	128	spheroidal_max	spheroidal	0.67000000000000004	1610	27304	0.0012536315	0.00022480225	17699	17699	0	0	0	0	0	1.1999203362769077e-13	1.3743437269653239e-23	1	4
pivot_0	pivot	0	16	1	128	spheroidal_max	spheroidal	1.05	1610	27304	0.00125444275	0.00022502500000000001	17699	17699	0	0	0	0	0	9.5404056544228377e-14	1.1944013490801735e-22	1	4
pivot_0	pivot	0	16	1	128	spheroidal_max	spheroidal	0.10000000000000001	1610	27304	0.00124779525	0.0002246545	17699	17699	0	0	0	0	0	1.4135454695606222e-12	4.2328395803778283e-22	1	4
natural_default	perf	1	16	1	128	radial_small	radial	0.17999999999999999	104	1024	6.2791000000000002e-05	1.1366749999999999e-05	564	930	100	0.96153846153846156	102	0	0	0	1.0009255313437571e-22	1	4
natural_default	perf	1	16	1	128	radial_small	radial	0.40999999999999998	104	1024	6.3233999999999998e-05	1.1337e-05	564	930	100	0.96153846153846156	102	0	0	0	8.1573198225628383e-23	1	4
natural_default	perf	1	16	1	128	radial_small	radial	0.67000000000000004	104	1024	6.0607750000000003e-05	1.1291750000000001e-05	564	930	100	0.96153846153846156	102	0	0	0	1.4693799092463748e-22	1	4
natural_default	perf	1	16	1	128	radial_small	radial	1.05	104	1024	6.0607750000000003e-05	1.1184e-05	564	930	100	0.96153846153846156	102	0	0	0	1.0554311418022949e-22	1	4
natural_default	perf	1	16	1	128	radial_small	radial	0.5	104	1024	6.0715250000000001e-05	1.124675e-05	564	930	99	0.95192307692307687	101	0	0	0	1.3348106401700182e-22	1	4
natural_default	perf	1	16	1	128	radial_small	radial	0.14999999999999999	104	1024	6.1175999999999998e-05	1.11965e-05	564	930	100	0.96153846153846156	102	0	0	0	6.7767707625599675e-23	1	4
natural_default	perf	1	16	1	128	toroidal_small	toroidal	0.17999999999999999	37	181	1.27415e-05	3.12475e-06	109	109	19	0.51351351351351349	2	0	0	0	6.988201161127041e-17	1	4
natural_default	perf	1	16	1	128	toroidal_small	toroidal	0.40999999999999998	37	181	1.2072999999999999e-05	3.0995000000000001e-06	109	109	19	0.51351351351351349	2	0	0	0	4.5405119069854345e-17	1	4
natural_default	perf	1	16	1	128	toroidal_small	toroidal	0.67000000000000004	37	181	1.2033e-05	3.0645000000000001e-06	109	109	19	0.51351351351351349	2	0	0	0	1.0183205480076424e-16	1	4
natural_default	perf	1	16	1	128	toroidal_small	toroidal	1.05	37	181	1.205025e-05	3.0597499999999998e-06	109	109	19	0.51351351351351349	2	0	0	0	9.0355074117156169e-17	1	4
natural_default	perf	1	16	1	128	toroidal_small	toroidal	0.20000000000000001	37	181	1.196525e-05	3.0595000000000001e-06	109	109	19	0.51351351351351349	2	0	0	0	1.3321088766132244e-16	1	4
natural_default	perf	1	16	1	128	toroidal_small	toroidal	0.10000000000000001	37	181	1.197275e-05	3.0819999999999999e-06	109	109	19	0.51351351351351349	2	0	0	0	6.5223763894321822e-17	1	4
natural_default	perf	1	16	1	128	spheroidal_small	spheroidal	0.17999999999999999	158	1906	0.00013643300000000001	2.027275e-05	1236	1805	152	0.96202531645569622	61	0	0	0	2.6636940287834302e-23	1	4
natural_default	perf	1	16	1	128	spheroidal_small	spheroidal	0.40999999999999998	158	1906	0.00012187125	1.9919500000000001e-05	1236	1805	152	0.96202531645569622	61	0	0	0	3.4437241584060326e-23	1	4
natural_default	perf	1	16	1	128	spheroidal_small	spheroidal	0.67000000000000004	158	1906	0.00012101775	1.975675e-05	1236	1805	152	0.96202531645569622	61	0	0	0	4.2532697733492492e-23	1	4
natural_default	perf	1	16	1	128	spheroidal_small	spheroidal	1.05	158	1906	0.0001216685	1.985725e-05	1236	1814	150	0.94936708860759489	61	0	0	0	3.7600870833029425e-23	1	4
natural_default	perf	1	16	1	128	spheroidal_small	spheroidal	0.10000000000000001	158	1906	0.00012008374999999999	1.9746999999999999e-05	1236	1805	152	0.96202531645569622	61	0	0	0	5.2740140207498564e-23	1	4
natural_default	perf	1	16	1	128	spheroidal_medium	spheroidal	0.17999999999999999	257	3715	0.0002410565	3.5320000000000001e-05	2405	3427	243	0.94552529182879375	82	0	0	0	4.9164833728291267e-23	1	4
natural_default	perf	1	16	1	128	spheroidal_medium	spheroidal	0.40999999999999998	257	3715	0.00022911350000000001	3.4974749999999999e-05	2405	3427	243	0.94552529182879375	82	0	0	0	4.3642328321781356e-23	1	4
natural_default	perf	1	16	1	128	spheroidal_medium	spheroidal	0.67000000000000004	257	3715	0.00022960925000000001	3.5284999999999998e-05	2405	3430	242	0.94163424124513617	79	0	0	0	5.7351328412654683e-23	1	4
natural_default	perf	1	16	1	128	spheroidal_medium	spheroidal	1.05	257	3715	0.00022613175000000001	3.5034499999999998e-05	2405	3430	242	0.94163424124513617	79	0	0	0	5.1944199358501606e-23	1	4
natural_default	perf	1	16	1	128	spheroidal_medium	spheroidal	0.5	257	3715	0.00022609675	3.5006999999999999e-05	2405	3427	243	0.94552529182879375	82	0	0	0	6.8224200179425254e-23	1	4
natural_default	perf	1	16	1	128	spheroidal_medium	spheroidal	0.14999999999999999	257	3715	0.00022786924999999999	3.501225e-05	2405	3427	243	0.94552529182879375	82	0	0	0	5.6112752040840237e-23	1	4
natural_default	perf	1	16	1	128	spheroidal_large	spheroidal	0.17999999999999999	860	14554	0.00091087850000000001	0.00013541924999999999	9419	12437	833	0.96860465116279071	352	0	0	0	8.3950675175764125e-23	1	4
natural_default	perf	1	16	1	128	spheroidal_large	spheroidal	0.40999999999999998	860	14554	0.00091462175000000005	0.00013579449999999999	9419	12402	833	0.96860465116279071	352	0	0	0	3.1831624480216129e-23	1	4
natural_default	perf	1	16	1	128	spheroidal_large	spheroidal	0.67000000000000004	860	14554	0.00090258625000000001	0.00013570950000000001	9419	12427	832	0.96744186046511627	352	0	0	0	5.0302876687419195e-23	1	4
natural_default	perf	1	16	1	128	spheroidal_large	spheroidal	1.05	860	14554	0.00089833250000000001	0.00013992099999999999	9419	12437	836	0.97209302325581393	352	0	0	0	1.0635690298164017e-22	1	4
natural_default	perf	1	16	1	128	spheroidal_large	spheroidal	0.80000000000000004	860	14554	0.00089556849999999997	0.00013586725	9419	12437	832	0.96744186046511627	352	0	0	0	1.2482781197756575e-22	1	4
natural_default	perf	1	16	1	128	spheroidal_large	spheroidal	0.10000000000000001	860	14554	0.00088283199999999995	0.0001347655	9419	12297	832	0.96744186046511627	352	0	0	0	8.5226482059939934e-23	1	4
natural_default	perf	1	16	1	128	spheroidal_fluid_solid	spheroidal	0.17999999999999999	860	14554	0.00096070050000000005	0.0001397855	9390	12962	772	0.89767441860465114	84	0	0	0	5.1643597037277674e-23	1	4
natural_default	perf	1	16	1	128	spheroidal_fluid_solid	spheroidal	0.40999999999999998	860	14554	0.00093824925000000003	0.00013926475000000001	9390	12962	787	0.91511627906976745	84	0	0	0	8.1769984869030007e-24	1	4
natural_default	perf	1	16	1	128	spheroidal_fluid_solid	spheroidal	0.67000000000000004	860	14554	0.00097460349999999995	0.0001404465	9390	13043	807	0.93837209302325586	84	0	0	0	3.9630174043705951e-24	1	4
natural_default	perf	1	16	1	128	spheroidal_fluid_solid	spheroidal	1.05	860	14554	0.00096131875	0.00013995349999999999	9390	13007	801	0.93139534883720931	84	0	0	0	4.8589534624021359e-24	1	4
natural_default	perf	1	16	1	128	spheroidal_fluid_solid	spheroidal	0.10000000000000001	860	14554	0.00094908575000000005	0.00013974300000000001	9390	13018	771	0.89651162790697669	84	0	0	0	1.5757945129535722e-22	1	4
natural_default	perf	1	16	1	128	spheroidal_fluid_solid	spheroidal	0.5	860	14554	0.00095099599999999996	0.000140409	9390	12997	798	0.9279069767441861	87	0	0	0	7.3661336930162145e-24	1	4
natural_default	perf	1	16	1	128	spheroidal_max	spheroidal	0.17999999999999999	1610	27304	0.0018064070000000001	0.00025851225	17613	23579	1449	0.90000000000000002	145	0	0	0	6.7275346601378661e-23	1	4
natural_default	perf	1	16	1	128	spheroidal_max	spheroidal	0.40999999999999998	1610	27304	0.0024448249999999999	0.00026563550000000002	17617	23653	1425	0.8850931677018633	145	0	0	0	1.0319305716130603e-23	1	4
natural_default	perf	1	16	1	128	spheroidal_max	spheroidal	0.67000000000000004	1610	27304	0.00186861725	0.00026319175000000001	17617	23612	1450	0.90062111801242239	145	0	0	0	4.9669905959380182e-24	1	4
natural_default	perf	1	16	1	128	spheroidal_max	spheroidal	1.05	1610	27304	0.0018507757500000001	0.00026424825	17617	23603	1464	0.90931677018633539	145	0	0	0	7.4222233867076674e-24	1	4
natural_default	perf	1	16	1	128	spheroidal_max	spheroidal	0.10000000000000001	1610	27304	0.0018420025000000001	0.00026353249999999998	17613	23579	1452	0.90186335403726703	145	0	0	0	2.6714746430981139e-22	1	4
panel_1	perf	1	1	1	128	radial_small	radial	0.17999999999999999	104	1024	6.6015749999999996e-05	1.13995e-05	564	930	100	0.96153846153846156	102	0	0	9.8994032286791215e-12	1.0692014399252364e-22	1	4
panel_1	perf	1	1	1	128	radial_small	radial	0.40999999999999998	104	1024	6.4461000000000005e-05	1.121425e-05	564	930	99	0.95192307692307687	101	0	0	1.641868945309343e-11	1.1555997057541929e-22	1	4
panel_1	perf	1	1	1	128	radial_small	radial	0.67000000000000004	104	1024	6.6749500000000002e-05	1.157725e-05	564	930	100	0.96153846153846156	102	0	0	3.1653810439453896e-11	7.7553890119238044e-23	1	4
panel_1	perf	1	1	1	128	radial_small	radial	1.05	104	1024	6.4568749999999994e-05	1.129675e-05	564	930	99	0.95192307692307687	101	0	0	1.6815636724668485e-11	1.2035618712634866e-22	1	4
panel_1	perf	1	1	1	128	radial_small	radial	0.5	104	1024	6.4102750000000002e-05	1.124175e-05	564	930	99	0.95192307692307687	101	0	0	9.7039133366560628e-12	8.2185689373568296e-23	1	4
panel_1	perf	1	1	1	128	radial_small	radial	0.14999999999999999	104	1024	6.4403250000000004e-05	1.11815e-05	564	930	100	0.96153846153846156	102	0	0	1.3838168157798851e-11	8.0682415136432631e-23	1	4
panel_1	perf	1	1	1	128	toroidal_small	toroidal	0.17999999999999999	37	181	1.1559750000000001e-05	3.1772499999999999e-06	109	109	19	0.51351351351351349	2	0	0	4.3198070020243404e-29	6.5754941000312686e-17	1	4
panel_1	perf	1	1	1	128	toroidal_small	toroidal	0.40999999999999998	37	181	1.098875e-05	3.0697500000000001e-06	109	109	19	0.51351351351351349	2	0	0	2.1141921283097683e-27	6.4297175192361693e-17	1	4
panel_1	perf	1	1	1	128	toroidal_small	toroidal	0.67000000000000004	37	181	1.0936250000000001e-05	3.0620000000000001e-06	109	109	19	0.51351351351351349	2	0	0	1.0255191767873153e-29	1.0159470478252061e-16	1	4
panel_1	perf	1	1	1	128	toroidal_small	toroidal	1.05	37	181	1.088875e-05	3.405e-06	109	109	19	0.51351351351351349	2	0	0	2.1002096056168691e-27	4.2424549082445647e-17	1	4
panel_1	perf	1	1	1	128	toroidal_small	toroidal	0.20000000000000001	37	181	1.1354250000000001e-05	3.0495000000000002e-06	109	109	19	0.51351351351351349	2	0	0	2.3704655635604573e-27	6.5165762564955725e-17	1	4
panel_1	perf	1	1	1	128	toroidal_small	toroidal	0.10000000000000001	37	181	1.090375e-05	3.0369999999999999e-06	109	109	19	0.51351351351351349	2	0	0	3.4726307305027952e-29	6.4993180567339042e-17	1	4
panel_1	perf	1	1	1	128	spheroidal_small	spheroidal	0.17999999999999999	158	1906	0.00012758250000000001	2.0352749999999999e-05	1236	1805	152	0.96202531645569622	61	0	0	2.3551379780459716e-14	5.7717963992612121e-23	1	4
panel_1	perf	1	1	1	128	spheroidal_small	spheroidal	0.40999999999999998	158	1906	0.00012319825000000001	2.0004999999999999e-05	1236	1805	152	0.96202531645569622	61	0	0	2.1081172559305418e-14	3.979038561764886e-23	1	4
panel_1	perf	1	1	1	128	spheroidal_small	spheroidal	0.67000000000000004	158	1906	0.00012344375	2.0052500000000002e-05	1236	1805	152	0.96202531645569622	61	0	0	1.8130556995993834e-14	3.1860005223237145e-23	1	4
panel_1	perf	1	1	1	128	spheroidal_small	spheroidal	1.05	158	1906	0.0001255695	2.0445499999999999e-05	1236	1814	150	0.94936708860759489	61	0	0	1.2190371777890162e-14	3.9096768460377797e-23	1	4
panel_1	perf	1	1	1	128	spheroidal_small	spheroidal	0.10000000000000001	158	1906	0.00012406974999999999	1.993725e-05	1236	1805	152	0.96202531645569622	61	0	0	1.968171674279515e-14	5.4501112565173575e-23	1	4
panel_1	perf	1	1	1	128	spheroidal_medium	spheroidal	0.17999999999999999	257	3715	0.000241392	3.5595500000000002e-05	2405	3427	243	0.94552529182879375	82	0	0	5.3124238872259027e-14	4.7584826480758421e-23	1	4
panel_1	perf	1	1	1	128	spheroidal_medium	spheroidal	0.40999999999999998	257	3715	0.00023615425000000001	3.5199749999999998e-05	2405	3427	243	0.94552529182879375	82	0	0	8.7389083851492739e-14	3.502484377786444e-23	1	4
panel_1	perf	1	1	1	128	spheroidal_medium	spheroidal	0.67000000000000004	257	3715	0.00023822725000000001	3.5255e-05	2405	3430	242	0.94163424124513617	79	0	0	8.1098175298617474e-14	5.8416420137897254e-23	1	4
panel_1	perf	1	1	1	128	spheroidal_medium	spheroidal	1.05	257	3715	0.00023405100000000001	3.576325e-05	2405	3430	242	0.94163424124513617	79	0	0	3.0978688980004143e-14	5.3562484450557969e-23	1	4
panel_1	perf	1	1	1	128	spheroidal_medium	spheroidal	0.5	257	3715	0.00023447425000000001	3.5580500000000003e-05	2405	3427	243	0.94552529182879375	82	0	0	3.7964959913853107e-14	5.8805722699126572e-23	1	4
panel_1	perf	1	1	1	128	spheroidal_medium	spheroidal	0.14999999999999999	257	3715	0.0002344515	3.5287499999999997e-05	2405	3427	243	0.94552529182879375	82	0	0	3.3863865658914952e-14	4.4911297125897018e-23	1	4
panel_1	perf	1	1	1	128	spheroidal_large	spheroidal	0.17999999999999999	860	14554	0.00089004025000000001	0.00013612524999999999	9419	12437	833	0.96860465116279071	352	0	0	6.7418867205509083e-13	8.8785439886702567e-23	1	4
panel_1	perf	1	1	1	128	spheroidal_large	spheroidal	0.40999999999999998	860	14554	0.001261238	0.00016207375	9419	12402	833	0.96860465116279071	352	0	0	3.2735563671221218e-13	6.3422206229718912e-23	1	4
panel_1	perf	1	1	1	128	spheroidal_large	spheroidal	0.67000000000000004	860	14554	0.00100407225	0.00014642575000000001	9419	12427	832	0.96744186046511627	352	0	0	4.6441699222089528e-13	5.6699561108516747e-23	1	4
panel_1	perf	1	1	1	128	spheroidal_large	spheroidal	1.05	860	14554	0.00099732474999999999	0.00015144025	9419	12437	836	0.97209302325581393	352	0	0	6.7479139179877514e-13	3.1695380561607124e-23	1	4
panel_1	perf	1	1	1	128	spheroidal_large	spheroidal	0.80000000000000004	860	14554	0.0010071972499999999	0.00014764225	9419	12437	832	0.96744186046511627	352	0	0	4.0013760011240768e-13	7.8731290616481532e-23	1	4
panel_1	perf	1	1	1	128	spheroidal_large	spheroidal	0.10000000000000001	860	14554	0.0009929082499999999	0.00014827325000000001	9419	12297	832	0.96744186046511627	352	0	0	3.041475688152572e-12	5.178930942159693e-23	1	4
panel_1	perf	1	1	1	128	spheroidal_fluid_solid	spheroidal	0.17999999999999999	860	14554	0.00089584124999999995	0.000138942	9390	12962	772	0.89767441860465114	84	0	0	2.7269908041333787e-13	4.9445038072304189e-23	1	4
panel_1	perf	1	1	1	128	spheroidal_fluid_solid	spheroidal	0.40999999999999998	860	14554	0.00089240624999999997	0.00013895925	9390	12962	787	0.91511627906976745	84	0	0	6.7548140861000083e-14	8.1014554862936463e-24	1	4
panel_1	perf	1	1	1	128	spheroidal_fluid_solid	spheroidal	0.67000000000000004	860	14554	0.00091042049999999995	0.00014032399999999999	9390	13043	807	0.93837209302325586	84	0	0	3.463036388860127e-14	8.9961666274458125e-24	1	4
panel_1	perf	1	1	1	128	spheroidal_fluid_solid	spheroidal	1.05	860	14554	0.00090508500000000003	0.00014025375	9390	13007	801	0.93139534883720931	84	0	0	5.4555341304802824e-14	4.762493995778828e-24	1	4
panel_1	perf	1	1	1	128	spheroidal_fluid_solid	spheroidal	0.10000000000000001	860	14554	0.00089357550000000003	0.00013875399999999999	9390	13018	771	0.89651162790697669	84	0	0	9.0208664577946585e-13	1.3417704107341159e-22	1	4
panel_1	perf	1	1	1	128	spheroidal_fluid_solid	spheroidal	0.5	860	14554	0.00089837499999999998	0.00014230674999999999	9390	12997	798	0.9279069767441861	87	0	0	5.6027585608440163e-14	6.3039535410120384e-24	1	4
panel_1	perf	1	1	1	128	spheroidal_max	spheroidal	0.17999999999999999	1610	27304	0.00166146625	0.00025878525000000001	17613	23579	1449	0.90000000000000002	145	0	0	5.3511444254133965e-13	7.5655052779683646e-23	1	4
panel_1	perf	1	1	1	128	spheroidal_max	spheroidal	0.40999999999999998	1610	27304	0.0016889019999999999	0.00025962899999999999	17617	23653	1425	0.8850931677018633	145	0	0	1.1477230567838446e-13	1.4286460947746207e-23	1	4
panel_1	perf	1	1	1	128	spheroidal_max	spheroidal	0.67000000000000004	1610	27304	0.00167022175	0.00025875025	17617	23612	1450	0.90062111801242239	145	0	0	2.2612274372066888e-13	6.0228186073508109e-24	1	4
panel_1	perf	1	1	1	128	spheroidal_max	spheroidal	1.05	1610	27304	0.0016556050000000001	0.00025932875000000001	17617	23603	1464	0.90931677018633539	145	0	0	1.2832637755848364e-13	4.4282668504984401e-24	1	4
panel_1	perf	1	1	1	128	spheroidal_max	spheroidal	0.10000000000000001	1610	27304	0.0016520269999999999	0.00026078074999999999	17613	23579	1452	0.90186335403726703	145	0	0	2.8187009225346514e-12	2.4496733705907174e-22	1	4
panel_4	perf	1	4	1	128	radial_small	radial	0.17999999999999999	104	1024	5.7821249999999998e-05	1.5598249999999999e-05	564	930	100	0.96153846153846156	102	0	0	7.4674824168250526e-12	9.8934694128853456e-23	1	4
panel_4	perf	1	4	1	128	radial_small	radial	0.40999999999999998	104	1024	5.5382250000000003e-05	1.1396999999999999e-05	564	930	99	0.95192307692307687	101	0	0	1.0351541830729971e-11	8.6160267285709786e-23	1	4
panel_4	perf	1	4	1	128	radial_small	radial	0.67000000000000004	104	1024	5.5359999999999999e-05	1.1269250000000001e-05	564	930	99	0.95192307692307687	101	0	0	3.0378387053552334e-11	6.7348208152031448e-23	1	4
panel_4	perf	1	4	1	128	radial_small	radial	1.05	104	1024	5.5352249999999998e-05	1.124175e-05	564	930	99	0.95192307692307687	101	0	0	2.1857821563152314e-11	1.1442811035560842e-22	1	4
panel_4	perf	1	4	1	128	radial_small	radial	0.5	104	1024	5.5655500000000003e-05	1.13695e-05	564	930	99	0.95192307692307687	101	0	0	7.6852157616181045e-12	1.2198310541892391e-22	1	4
panel_4	perf	1	4	1	128	radial_small	radial	0.14999999999999999	104	1024	5.5167000000000002e-05	1.1206750000000001e-05	564	930	100	0.96153846153846156	102	0	0	8.4512640410744853e-12	8.5335568850916725e-23	1	4
panel_4	perf	1	4	1	128	toroidal_small	toroidal	0.17999999999999999	37	181	1.1735e-05	3.0947499999999999e-06	109	109	19	0.51351351351351349	2	0	0	1.1044052673094165e-29	6.9192730136769768e-17	1	4
panel_4	perf	1	4	1	128	toroidal_small	toroidal	0.40999999999999998	37	181	1.0876249999999999e-05	3.0695e-06	109	109	19	0.51351351351351349	2	0	0	5.2064819744586779e-29	3.3141747214606777e-17	1	4
panel_4	perf	1	4	1	128	toroidal_small	toroidal	0.67000000000000004	37	181	1.07635e-05	3.0595000000000001e-06	109	109	19	0.51351351351351349	2	0	0	1.5160909708209889e-28	1.0518158610747214e-16	1	4
panel_4	perf	1	4	1	128	toroidal_small	toroidal	1.05	37	181	1.07035e-05	3.0545000000000001e-06	109	109	19	0.51351351351351349	2	0	0	6.3108872417680944e-30	9.0499723575147937e-17	1	4
panel_4	perf	1	4	1	128	toroidal_small	toroidal	0.20000000000000001	37	181	1.125425e-05	3.0245e-06	109	109	19	0.51351351351351349	2	0	0	6.3619264884406741e-29	1.6197161038352034e-16	1	4
panel_4	perf	1	4	1	128	toroidal_small	toroidal	0.10000000000000001	37	181	1.0823500000000001e-05	3.0419999999999998e-06	109	109	19	0.51351351351351349	2	0	0	3.1568518521617029e-29	6.728811454027887e-17	1	4
panel_4	perf	1	4	1	128	spheroidal_small	spheroidal	0.17999999999999999	158	1906	0.000118331	2.0262749999999998e-05	1236	1805	152	0.96202531645569622	61	0	0	1.6950721533322481e-14	3.3306072167819954e-23	1	4
panel_4	perf	1	4	1	128	spheroidal_small	spheroidal	0.40999999999999998	158	1906	0.00011092275	1.9649250000000002e-05	1236	1805	152	0.96202531645569622	61	0	0	1.4804245709684116e-14	4.0687675456073867e-23	1	4
panel_4	perf	1	4	1	128	spheroidal_small	spheroidal	0.67000000000000004	158	1906	0.00010892475	1.9676750000000001e-05	1236	1805	152	0.96202531645569622	61	0	0	1.7623590324131819e-14	3.9780235109522905e-23	1	4
panel_4	perf	1	4	1	128	spheroidal_small	spheroidal	1.05	158	1906	0.00010993375	1.9939500000000001e-05	1236	1814	150	0.94936708860759489	61	0	0	1.5191550313487412e-14	4.6543841022367972e-23	1	4
panel_4	perf	1	4	1	128	spheroidal_small	spheroidal	0.10000000000000001	158	1906	0.00010797574999999999	1.9922250000000001e-05	1236	1805	152	0.96202531645569622	61	0	0	1.4244854779803433e-14	3.4653330493885854e-23	1	4
panel_4	perf	1	4	1	128	spheroidal_medium	spheroidal	0.17999999999999999	257	3715	0.0002172535	3.5703249999999997e-05	2405	3427	243	0.94552529182879375	82	0	0	5.4052989028246621e-14	4.3210535718866624e-23	1	4
panel_4	perf	1	4	1	128	spheroidal_medium	spheroidal	0.40999999999999998	257	3715	0.00021379575000000001	3.4949749999999999e-05	2405	3427	243	0.94552529182879375	82	0	0	3.2833178683520667e-14	4.1193827730000777e-23	1	4
panel_4	perf	1	4	1	128	spheroidal_medium	spheroidal	0.67000000000000004	257	3715	0.00021159999999999999	3.5212500000000002e-05	2405	3430	242	0.94163424124513617	79	0	0	4.1771326822671543e-14	7.177714062605658e-23	1	4
panel_4	perf	1	4	1	128	spheroidal_medium	spheroidal	1.05	257	3715	0.00021146500000000001	3.5006999999999999e-05	2405	3430	242	0.94163424124513617	79	0	0	6.5620841980343355e-14	3.1427718257345976e-23	1	4
panel_4	perf	1	4	1	128	spheroidal_medium	spheroidal	0.5	257	3715	0.00020875599999999999	3.5149749999999997e-05	2405	3427	243	0.94552529182879375	82	0	0	2.8012540432665391e-14	6.8237488219526252e-23	1	4
panel_4	perf	1	4	1	128	spheroidal_medium	spheroidal	0.14999999999999999	257	3715	0.00021246125	3.4856749999999998e-05	2405	3427	243	0.94552529182879375	82	0	0	4.7837865836396755e-14	4.2613273843114871e-23	1	4
panel_4	perf	1	4	1	128	spheroidal_large	spheroidal	0.17999999999999999	860	14554	0.00081300800000000005	0.00013554925	9419	12437	833	0.96860465116279071	352	0	0	6.6068625303163779e-13	5.6229653310435597e-23	1	4
panel_4	perf	1	4	1	128	spheroidal_large	spheroidal	0.40999999999999998	860	14554	0.00080329100000000003	0.00013512375	9419	12402	833	0.96860465116279071	352	0	0	5.0980460538075752e-13	6.2319690239918198e-23	1	4
panel_4	perf	1	4	1	128	spheroidal_large	spheroidal	0.67000000000000004	860	14554	0.00080402450000000003	0.00013583725000000001	9419	12427	832	0.96744186046511627	352	0	0	4.3551400334143533e-13	9.666979757115459e-23	1	4
panel_4	perf	1	4	1	128	spheroidal_large	spheroidal	1.05	860	14554	0.0007885015	0.00013541424999999999	9419	12437	836	0.97209302325581393	352	0	0	5.5953572585432128e-13	5.7706349116003441e-23	1	4
panel_4	perf	1	4	1	128	spheroidal_large	spheroidal	0.80000000000000004	860	14554	0.00078361675000000004	0.00013561199999999999	9419	12437	832	0.96744186046511627	352	0	0	5.6463650076565371e-13	4.7159886248953585e-23	1	4
panel_4	perf	1	4	1	128	spheroidal_large	spheroidal	0.10000000000000001	860	14554	0.00078040450000000001	0.000134976	9419	12297	832	0.96744186046511627	352	0	0	9.3149132027334019e-13	5.0828728869917187e-23	1	4
panel_4	perf	1	4	1	128	spheroidal_fluid_solid	spheroidal	0.17999999999999999	860	14554	0.00084768449999999998	0.000138689	9390	12962	772	0.89767441860465114	84	0	0	1.8788670470775112e-13	5.4664023380310405e-23	1	4
panel_4	perf	1	4	1	128	spheroidal_fluid_solid	spheroidal	0.40999999999999998	860	14554	0.00082778500000000004	0.00013963024999999999	9390	12962	787	0.91511627906976745	84	0	0	6.8361339870125787e-14	7.3012924589713075e-24	1	4
panel_4	perf	1	4	1	128	spheroidal_fluid_solid	spheroidal	0.67000000000000004	860	14554	0.00086290724999999997	0.00014030875	9390	13043	807	0.93837209302325586	84	0	0	6.6646887320070276e-14	4.6495092363187059e-24	1	4
panel_4	perf	1	4	1	128	spheroidal_fluid_solid	spheroidal	1.05	860	14554	0.00085547875000000005	0.00013966025000000001	9390	13007	801	0.93139534883720931	84	0	0	2.4899190794909292e-14	4.508604873975906e-24	1	4
panel_4	perf	1	4	1	128	spheroidal_fluid_solid	spheroidal	0.10000000000000001	860	14554	0.00083935474999999999	0.000140667	9390	13018	771	0.89651162790697669	84	0	0	5.1526998442299584e-13	1.3919857111721353e-22	1	4
panel_4	perf	1	4	1	128	spheroidal_fluid_solid	spheroidal	0.5	860	14554	0.00084336299999999997	0.000142199	9390	12997	798	0.9279069767441861	87	0	0	6.6049735590692063e-14	6.8708382147810307e-24	1	4
panel_4	perf	1	4	1	128	spheroidal_max	spheroidal	0.17999999999999999	1610	27304	0.00155365075	0.00025865775000000001	17613	23579	1449	0.90000000000000002	145	0	0	6.1236737573072819e-13	6.2437335846735155e-23	1	4
panel_4	perf	1	4	1	128	spheroidal_max	spheroidal	0.40999999999999998	1610	27304	0.00160661225	0.00025859249999999999	17617	23653	1425	0.8850931677018633	145	0	0	1.364073797293953e-13	1.1360179008916858e-23	1	4
panel_4	perf	1	4	1	128	spheroidal_max	spheroidal	0.67000000000000004	1610	27304	0.001581427	0.00026148674999999999	17617	23612	1450	0.90062111801242239	145	0	0	1.4021869950051492e-13	6.3783018175570425e-24	1	4
panel_4	perf	1	4	1	128	spheroidal_max	spheroidal	1.05	1610	27304	0.0015556585000000001	0.00025839724999999998	17617	23603	1464	0.90931677018633539	145	0	0	1.7385514686868664e-13	5.7884525317167579e-24	1	4
panel_4	perf	1	4	1	128	spheroidal_max	spheroidal	0.10000000000000001	1610	27304	0.001546728	0.00025769124999999997	17613	23579	1452	0.90186335403726703	145	0	0	1.4643226998030455e-12	2.785695673248959e-22	1	4
panel_8	perf	1	8	1	128	radial_small	radial	0.17999999999999999	104	1024	5.972875e-05	1.166e-05	564	930	99	0.95192307692307687	101	0	0	2.2280195924033642e-11	8.6471984970165051e-23	1	4
panel_8	perf	1	8	1	128	radial_small	radial	0.40999999999999998	104	1024	5.7798750000000003e-05	1.1592250000000001e-05	564	930	99	0.95192307692307687	101	0	0	1.2764912411926079e-11	9.6322661746684857e-23	1	4
panel_8	perf	1	8	1	128	radial_small	radial	0.67000000000000004	104	1024	5.8799999999999999e-05	1.1497e-05	564	930	100	0.96153846153846156	102	0	0	6.4796842056682553e-12	1.1640645638947638e-22	1	4
panel_8	perf	1	8	1	128	radial_small	radial	1.05	104	1024	5.9833999999999997e-05	1.162975e-05	564	930	100	0.96153846153846156	102	0	0	2.4539917317657011e-11	8.5374271813188031e-23	1	4
panel_8	perf	1	8	1	128	radial_small	radial	0.5	104	1024	5.7878750000000002e-05	1.1549750000000001e-05	564	930	99	0.95192307692307687	101	0	0	1.8450829583060894e-11	9.6599456458609275e-23	1	4
panel_8	perf	1	8	1	128	radial_small	radial	0.14999999999999999	104	1024	5.7938749999999998e-05	1.154725e-05	564	930	99	0.95192307692307687	101	0	0	7.3779414726552576e-12	7.3114121758163645e-23	1	4
panel_8	perf	1	8	1	128	toroidal_small	toroidal	0.17999999999999999	37	181	1.187025e-05	3.2747499999999999e-06	109	109	19	0.51351351351351349	2	0	0	8.0108482698652495e-30	6.988201161127041e-17	1	4
panel_8	perf	1	8	1	128	toroidal_small	toroidal	0.40999999999999998	37	181	1.1029000000000001e-05	3.0819999999999999e-06	109	109	19	0.51351351351351349	2	0	0	0	4.5405119069854345e-17	1	4
panel_8	perf	1	8	1	128	toroidal_small	toroidal	0.67000000000000004	37	181	1.10365e-05	3.0869999999999998e-06	109	109	19	0.51351351351351349	2	0	0	3.1799999727239549e-30	1.0183205480076424e-16	1	4
panel_8	perf	1	8	1	128	toroidal_small	toroidal	1.05	37	181	1.10015e-05	3.0745e-06	109	109	19	0.51351351351351349	2	0	0	1.5777218104420236e-30	9.0355074117156169e-17	1	4
panel_8	perf	1	8	1	128	toroidal_small	toroidal	0.20000000000000001	37	181	1.123425e-05	3.0672500000000002e-06	109	109	19	0.51351351351351349	2	0	0	5.539231815482609e-30	1.3321088766132244e-16	1	4
panel_8	perf	1	8	1	128	toroidal_small	toroidal	0.10000000000000001	37	181	1.1001250000000001e-05	3.0745e-06	109	109	19	0.51351351351351349	2	0	0	0	6.5223763894321822e-17	1	4
panel_8	perf	1	8	1	128	spheroidal_small	spheroidal	0.17999999999999999	158	1906	0.00012417725	2.00825e-05	1236	1805	152	0.96202531645569622	61	0	0	1.9442862182264481e-14	6.1535597658258016e-23	1	4
panel_8	perf	1	8	1	128	spheroidal_small	spheroidal	0.40999999999999998	158	1906	0.000116814	1.9799499999999999e-05	1236	1805	152	0.96202531645569622	61	0	0	1.4861431403492101e-14	6.1299608906940551e-23	1	4
panel_8	perf	1	8	1	128	spheroidal_small	spheroidal	0.67000000000000004	158	1906	0.00011220475	1.9726749999999999e-05	1236	1805	152	0.96202531645569622	61	0	0	2.9038629163722031e-14	7.8328645506478468e-23	1	4
panel_8	perf	1	8	1	128	spheroidal_small	spheroidal	1.05	158	1906	0.00011302325	1.986475e-05	1236	1814	150	0.94936708860759489	61	0	0	3.6842022114172846e-15	3.7111163530275801e-23	1	4
panel_8	perf	1	8	1	128	spheroidal_small	spheroidal	0.10000000000000001	158	1906	0.00011181899999999999	1.967925e-05	1236	1805	152	0.96202531645569622	61	0	0	1.1866783148683379e-14	3.5364196958215292e-23	1	4
panel_8	perf	1	8	1	128	spheroidal_medium	spheroidal	0.17999999999999999	257	3715	0.00022848275	3.523e-05	2405	3427	243	0.94552529182879375	82	0	0	2.016085039206312e-14	4.2504716866524536e-23	1	4
panel_8	perf	1	8	1	128	spheroidal_medium	spheroidal	0.40999999999999998	257	3715	0.00021976474999999999	3.511725e-05	2405	3427	243	0.94552529182879375	82	0	0	5.7330444430822388e-14	4.0441927012630728e-23	1	4
panel_8	perf	1	8	1	128	spheroidal_medium	spheroidal	0.67000000000000004	257	3715	0.00022151475000000001	3.5510499999999998e-05	2405	3430	242	0.94163424124513617	79	0	0	5.19582899076886e-14	7.8662367135148991e-23	1	4
panel_8	perf	1	8	1	128	spheroidal_medium	spheroidal	1.05	257	3715	0.00021733625	3.4776749999999999e-05	2405	3430	242	0.94163424124513617	79	0	0	5.8281381906843122e-14	5.5810816133967779e-23	1	4
panel_8	perf	1	8	1	128	spheroidal_medium	spheroidal	0.5	257	3715	0.00021606174999999999	3.48995e-05	2405	3427	243	0.94552529182879375	82	0	0	2.8401966339751449e-14	6.2069478263436343e-23	1	4
panel_8	perf	1	8	1	128	spheroidal_medium	spheroidal	0.14999999999999999	257	3715	0.00021887600000000001	3.4841749999999999e-05	2405	3427	243	0.94552529182879375	82	0	0	1.8072702071975188e-14	6.5045490495576553e-23	1	4
panel_8	perf	1	8	1	128	spheroidal_large	spheroidal	0.17999999999999999	860	14554	0.0008546475	0.00013556199999999999	9419	12437	833	0.96860465116279071	352	0	0	1.0506358699289366e-12	7.0334785842145445e-23	1	4
panel_8	perf	1	8	1	128	spheroidal_large	spheroidal	0.40999999999999998	860	14554	0.00085109949999999997	0.00013557949999999999	9419	12402	833	0.96860465116279071	352	0	0	4.8719835999356666e-13	5.1346980950217639e-23	1	4
panel_8	perf	1	8	1	128	spheroidal_large	spheroidal	0.67000000000000004	860	14554	0.00084267200000000004	0.00013517875	9419	12427	832	0.96744186046511627	352	0	0	5.1002096143735668e-13	4.2880981667699585e-23	1	4
panel_8	perf	1	8	1	128	spheroidal_large	spheroidal	1.05	860	14554	0.00084331800000000002	0.00013543925000000001	9419	12437	836	0.97209302325581393	352	0	0	5.6336668637646634e-13	7.3221686305301088e-23	1	4
panel_8	perf	1	8	1	128	spheroidal_large	spheroidal	0.80000000000000004	860	14554	0.00083375625000000004	0.00013541399999999999	9419	12437	832	0.96744186046511627	352	0	0	4.4650663615606906e-13	7.0540637188332463e-23	1	4
panel_8	perf	1	8	1	128	spheroidal_large	spheroidal	0.10000000000000001	860	14554	0.00081870149999999997	0.00013485075000000001	9419	12297	832	0.96744186046511627	352	0	0	1.410228307973458e-12	5.5188749630468309e-23	1	4
panel_8	perf	1	8	1	128	spheroidal_fluid_solid	spheroidal	0.17999999999999999	860	14554	0.00089631200000000002	0.00013819825	9390	12962	772	0.89767441860465114	84	0	0	1.8099613783797444e-13	4.4885775784564624e-23	1	4
panel_8	perf	1	8	1	128	spheroidal_fluid_solid	spheroidal	0.40999999999999998	860	14554	0.00088602175	0.00013881175000000001	9390	12962	787	0.91511627906976745	84	0	0	5.9390445587739368e-14	9.7825556785019715e-24	1	4
panel_8	perf	1	8	1	128	spheroidal_fluid_solid	spheroidal	0.67000000000000004	860	14554	0.00092122924999999995	0.00014123774999999999	9390	13043	807	0.93837209302325586	84	0	0	2.5043189249733934e-14	6.3969672455919926e-24	1	4
panel_8	perf	1	8	1	128	spheroidal_fluid_solid	spheroidal	1.05	860	14554	0.00091351500000000005	0.00013985825000000001	9390	13007	801	0.93139534883720931	84	0	0	3.9384473780656324e-14	4.0392130828336167e-24	1	4
panel_8	perf	1	8	1	128	spheroidal_fluid_solid	spheroidal	0.10000000000000001	860	14554	0.00089731849999999998	0.00013919725000000001	9390	13018	771	0.89651162790697669	84	0	0	6.7261456801841197e-13	1.2079129944622721e-22	1	4
panel_8	perf	1	8	1	128	spheroidal_fluid_solid	spheroidal	0.5	860	14554	0.00089999500000000001	0.000140066	9390	12997	798	0.9279069767441861	87	0	0	3.8176432808636304e-14	7.4674447663182196e-24	1	4
panel_8	perf	1	8	1	128	spheroidal_max	spheroidal	0.17999999999999999	1610	27304	0.001664741	0.00025671724999999998	17613	23579	1449	0.90000000000000002	145	0	0	4.0968402244259441e-13	6.5632535697888786e-23	1	4
panel_8	perf	1	8	1	128	spheroidal_max	spheroidal	0.40999999999999998	1610	27304	0.0017369862499999999	0.00026020224999999999	17617	23653	1425	0.8850931677018633	145	0	0	1.7647209935376404e-13	8.6798389205616946e-24	1	4
panel_8	perf	1	8	1	128	spheroidal_max	spheroidal	0.67000000000000004	1610	27304	0.00170140825	0.00026132175	17617	23612	1450	0.90062111801242239	145	0	0	2.4989000282014149e-13	4.7688751126743679e-24	1	4
panel_8	perf	1	8	1	128	spheroidal_max	spheroidal	1.05	1610	27304	0.00166317125	0.00026262349999999998	17617	23603	1464	0.90931677018633539	145	0	0	1.9863921906699829e-13	4.2460900067141781e-24	1	4
panel_8	perf	1	8	1	128	spheroidal_max	spheroidal	0.10000000000000001	1610	27304	0.0016584092500000001	0.00025886274999999999	17613	23579	1452	0.90186335403726703	145	0	0	1.6678494727057169e-12	2.1753069194872111e-22	1	4
panel_32	perf	1	32	1	128	radial_small	radial	0.17999999999999999	104	1024	6.7921250000000006e-05	1.1422e-05	564	930	100	0.96153846153846156	102	0	0	8.8337929871857757e-12	5.9657592159478393e-23	1	4
panel_32	perf	1	32	1	128	radial_small	radial	0.40999999999999998	104	1024	6.6383750000000003e-05	1.127925e-05	564	930	99	0.95192307692307687	101	0	0	3.0513449396376588e-11	1.0316526208828323e-22	1	4
panel_32	perf	1	32	1	128	radial_small	radial	0.67000000000000004	104	1024	6.5963249999999996e-05	1.1269250000000001e-05	564	930	100	0.96153846153846156	102	0	0	1.4789861443436704e-11	9.3164364501152885e-23	1	4
panel_32	perf	1	32	1	128	radial_small	radial	1.05	104	1024	6.8051249999999993e-05	1.131675e-05	564	930	99	0.95192307692307687	101	0	0	8.5828620215562965e-12	5.7846966700624679e-23	1	4
panel_32	perf	1	32	1	128	radial_small	radial	0.5	104	1024	6.6233499999999995e-05	1.1311999999999999e-05	564	930	99	0.95192307692307687	101	0	0	1.0324337536547459e-11	1.0296905272432242e-22	1	4
panel_32	perf	1	32	1	128	radial_small	radial	0.14999999999999999	104	1024	6.5735249999999997e-05	1.1239249999999999e-05	564	930	100	0.96153846153846156	102	0	0	1.8993702602416836e-11	1.1007467501483357e-22	1	4
panel_32	perf	1	32	1	128	toroidal_small	toroidal	0.17999999999999999	37	181	1.40185e-05	3.1395000000000002e-06	109	109	19	0.51351351351351349	2	0	0	4.3198070020243404e-29	6.5636674713523005e-17	1	4
panel_32	perf	1	32	1	128	toroidal_small	toroidal	0.40999999999999998	37	181	1.3652750000000001e-05	3.0794999999999999e-06	109	109	19	0.51351351351351349	2	0	0	0	4.5405119069854345e-17	1	4
panel_32	perf	1	32	1	128	toroidal_small	toroidal	0.67000000000000004	37	181	1.355525e-05	2.9969999999999999e-06	109	109	19	0.51351351351351349	2	0	0	3.1554436208840472e-30	1.0183205480076424e-16	1	4
panel_32	perf	1	32	1	128	toroidal_small	toroidal	1.05	37	181	1.34925e-05	3.027e-06	109	109	19	0.51351351351351349	2	0	0	7.8886090522101181e-30	9.0300689688205618e-17	1	4
panel_32	perf	1	32	1	128	toroidal_small	toroidal	0.20000000000000001	37	181	1.3485249999999999e-05	3.0369999999999999e-06	109	109	19	0.51351351351351349	2	0	0	1.3299480132286931e-28	9.9458028738047145e-17	1	4
panel_32	perf	1	32	1	128	toroidal_small	toroidal	0.10000000000000001	37	181	1.34925e-05	3.0419999999999998e-06	109	109	19	0.51351351351351349	2	0	0	3.4726307305027952e-29	6.5223763894321822e-17	1	4
panel_32	perf	1	32	1	128	spheroidal_small	spheroidal	0.17999999999999999	158	1906	0.00012791300000000001	2.002725e-05	1236	1805	152	0.96202531645569622	61	0	0	2.1349771903647367e-14	4.6658629657268744e-23	1	4
panel_32	perf	1	32	1	128	spheroidal_small	spheroidal	0.40999999999999998	158	1906	0.00012253500000000001	1.9797e-05	1236	1805	152	0.96202531645569622	61	0	0	8.4549517765400367e-15	4.5712741594832916e-23	1	4
panel_32	perf	1	32	1	128	spheroidal_small	spheroidal	0.67000000000000004	158	1906	0.00012148325000000001	1.9681999999999999e-05	1236	1805	152	0.96202531645569622	61	0	0	2.0675314234115399e-14	3.8671190681610257e-23	1	4
panel_32	perf	1	32	1	128	spheroidal_small	spheroidal	1.05	158	1906	0.00012275774999999999	1.993725e-05	1236	1814	150	0.94936708860759489	61	0	0	6.4056445464581436e-15	4.494779484519218e-23	1	4
panel_32	perf	1	32	1	128	spheroidal_small	spheroidal	0.10000000000000001	158	1906	0.00012016375000000001	1.9611750000000001e-05	1236	1805	152	0.96202531645569622	61	0	0	2.3426275563736199e-14	3.6124958325066678e-23	1	4
panel_32	perf	1	32	1	128	spheroidal_medium	spheroidal	0.17999999999999999	257	3715	0.00023925850000000001	3.5255e-05	2405	3427	243	0.94552529182879375	82	0	0	3.0658129056984208e-14	3.757073094481642e-23	1	4
panel_32	perf	1	32	1	128	spheroidal_medium	spheroidal	0.40999999999999998	257	3715	0.000232053	3.5152250000000002e-05	2405	3427	243	0.94552529182879375	82	0	0	3.3665666699084212e-14	5.3259722550654126e-23	1	4
panel_32	perf	1	32	1	128	spheroidal_medium	spheroidal	0.67000000000000004	257	3715	0.00023055824999999999	3.5349999999999999e-05	2405	3430	242	0.94163424124513617	79	0	0	5.6618090682170408e-14	5.4248216666068505e-23	1	4
panel_32	perf	1	32	1	128	spheroidal_medium	spheroidal	1.05	257	3715	0.00023243875	3.4899250000000003e-05	2405	3430	242	0.94163424124513617	79	0	0	4.1638311572010414e-14	5.8284420892491053e-23	1	4
panel_32	perf	1	32	1	128	spheroidal_medium	spheroidal	0.5	257	3715	0.00022797449999999999	3.4912e-05	2405	3427	243	0.94552529182879375	82	0	0	2.4447770801649701e-14	4.8048823698075633e-23	1	4
panel_32	perf	1	32	1	128	spheroidal_medium	spheroidal	0.14999999999999999	257	3715	0.00022837000000000001	3.4952e-05	2405	3427	243	0.94552529182879375	82	0	0	6.8665024520629251e-14	3.8386478634195712e-23	1	4
panel_32	perf	1	32	1	128	spheroidal_large	spheroidal	0.17999999999999999	860	14554	0.00091747849999999995	0.00013532624999999999	9419	12437	833	0.96860465116279071	352	0	0	9.2677094913544726e-13	3.8068823301817774e-23	1	4
panel_32	perf	1	32	1	128	spheroidal_large	spheroidal	0.40999999999999998	860	14554	0.00092318450000000002	0.00013501849999999999	9419	12402	833	0.96860465116279071	352	0	0	3.5960829194221317e-13	4.1405567708003318e-23	1	4
panel_32	perf	1	32	1	128	spheroidal_large	spheroidal	0.67000000000000004	860	14554	0.00091370549999999996	0.00013524125000000001	9419	12427	832	0.96744186046511627	352	0	0	6.2662256161841234e-13	6.9488827011796369e-23	1	4
panel_32	perf	1	32	1	128	spheroidal_large	spheroidal	1.05	860	14554	0.00090906324999999997	0.00013606250000000001	9419	12437	836	0.97209302325581393	352	0	0	4.5065781885756607e-13	8.1711830965003975e-23	1	4
panel_32	perf	1	32	1	128	spheroidal_large	spheroidal	0.80000000000000004	860	14554	0.00091787675000000002	0.00013648324999999999	9419	12437	832	0.96744186046511627	352	0	0	4.0258340944818689e-13	1.1373510436376079e-22	1	4
panel_32	perf	1	32	1	128	spheroidal_large	spheroidal	0.10000000000000001	860	14554	0.00090505749999999997	0.00013742975000000001	9419	12297	832	0.96744186046511627	352	0	0	2.5395001824258313e-12	7.8779895439781549e-23	1	4
panel_32	perf	1	32	1	128	spheroidal_fluid_solid	spheroidal	0.17999999999999999	860	14554	0.00095089575000000003	0.0001421615	9390	12962	772	0.89767441860465114	84	0	0	2.7355183219954975e-13	6.8993872406931017e-23	1	4
panel_32	perf	1	32	1	128	spheroidal_fluid_solid	spheroidal	0.40999999999999998	860	14554	0.00094200250000000001	0.00013987325	9390	12962	787	0.91511627906976745	84	0	0	4.6357548136229908e-14	6.7226511048720786e-24	1	4
panel_32	perf	1	32	1	128	spheroidal_fluid_solid	spheroidal	0.67000000000000004	860	14554	0.00097493649999999999	0.00014098250000000001	9390	13043	807	0.93837209302325586	84	0	0	3.4355271846565422e-14	5.5913227294555159e-24	1	4
panel_32	perf	1	32	1	128	spheroidal_fluid_solid	spheroidal	1.05	860	14554	0.00096686700000000005	0.00014018624999999999	9390	13007	801	0.93139534883720931	84	0	0	3.4049819852175852e-14	7.1673362874206544e-24	1	4
panel_32	perf	1	32	1	128	spheroidal_fluid_solid	spheroidal	0.10000000000000001	860	14554	0.00094755100000000004	0.00013976799999999999	9390	13018	771	0.89651162790697669	84	0	0	8.2288085042863446e-13	1.7034077246581129e-22	1	4
panel_32	perf	1	32	1	128	spheroidal_fluid_solid	spheroidal	0.5	860	14554	0.00095082825	0.00013998325	9390	12997	798	0.9279069767441861	87	0	0	3.9129324490183703e-14	5.9692421103429941e-24	1	4
panel_32	perf	1	32	1	128	spheroidal_max	spheroidal	0.17999999999999999	1610	27304	0.0017924487499999999	0.00025785625000000002	17613	23579	1449	0.90000000000000002	145	0	0	3.9440620933924874e-13	5.6051041477216565e-23	1	4
panel_32	perf	1	32	1	128	spheroidal_max	spheroidal	0.40999999999999998	1610	27304	0.001837661	0.00025910074999999999	17617	23653	1425	0.8850931677018633	145	0	0	1.5189106118992275e-13	1.1453278394051343e-23	1	4
panel_32	perf	1	32	1	128	spheroidal_max	spheroidal	0.67000000000000004	1610	27304	0.0018224035	0.00026233300000000001	17617	23612	1450	0.90062111801242239	145	0	0	1.1594043407196844e-13	6.342453299117012e-24	1	4
panel_32	perf	1	32	1	128	spheroidal_max	spheroidal	1.05	1610	27304	0.00179817	0.00026050774999999998	17617	23603	1464	0.90931677018633539	145	0	0	8.7619421035735658e-14	5.5038294305799879e-24	1	4
panel_32	perf	1	32	1	128	spheroidal_max	spheroidal	0.10000000000000001	1610	27304	0.001795706	0.00026146425000000002	17613	23579	1452	0.90186335403726703	145	0	0	1.9066864396758196e-12	2.4785663944776552e-22	1	4
relax_4	perf	1	16	4	128	radial_small	radial	0.17999999999999999	104	1024	6.3199000000000003e-05	1.1396999999999999e-05	564	930	100	0.96153846153846156	102	0	0	0	1.0009255313437571e-22	1	4
relax_4	perf	1	16	4	128	radial_small	radial	0.40999999999999998	104	1024	6.1554000000000001e-05	1.1344250000000001e-05	564	930	100	0.96153846153846156	102	0	0	0	8.1573198225628383e-23	1	4
relax_4	perf	1	16	4	128	radial_small	radial	0.67000000000000004	104	1024	6.0760500000000002e-05	1.1249250000000001e-05	564	930	100	0.96153846153846156	102	0	0	0	1.4693799092463748e-22	1	4
relax_4	perf	1	16	4	128	radial_small	radial	1.05	104	1024	6.0817999999999999e-05	1.1289499999999999e-05	564	930	100	0.96153846153846156	102	0	0	0	1.0554311418022949e-22	1	4
relax_4	perf	1	16	4	128	radial_small	radial	0.5	104	1024	6.3472000000000005e-05	1.128425e-05	564	930	99	0.95192307692307687	101	0	0	0	1.3348106401700182e-22	1	4
relax_4	perf	1	16	4	128	radial_small	radial	0.14999999999999999	104	1024	6.0550249999999998e-05	1.1226750000000001e-05	564	930	100	0.96153846153846156	102	0	0	0	6.7767707625599675e-23	1	4
relax_4	perf	1	16	4	128	toroidal_small	toroidal	0.17999999999999999	37	181	1.2383499999999999e-05	3.0769999999999999e-06	109	109	19	0.51351351351351349	2	0	0	0	6.988201161127041e-17	1	4
relax_4	perf	1	16	4	128	toroidal_small	toroidal	0.40999999999999998	37	181	1.163225e-05	3.0844999999999999e-06	109	109	19	0.51351351351351349	2	0	0	0	4.5405119069854345e-17	1	4
relax_4	perf	1	16	4	128	toroidal_small	toroidal	0.67000000000000004	37	181	1.2143e-05	3.0995000000000001e-06	109	109	19	0.51351351351351349	2	0	0	0	1.0183205480076424e-16	1	4
relax_4	perf	1	16	4	128	toroidal_small	toroidal	1.05	37	181	1.155725e-05	3.0545000000000001e-06	109	109	19	0.51351351351351349	2	0	0	0	9.0355074117156169e-17	1	4
relax_4	perf	1	16	4	128	toroidal_small	toroidal	0.20000000000000001	37	181	1.155725e-05	3.0195000000000001e-06	109	109	19	0.51351351351351349	2	0	0	0	1.3321088766132244e-16	1	4
relax_4	perf	1	16	4	128	toroidal_small	toroidal	0.10000000000000001	37	181	1.1552249999999999e-05	3.0520000000000002e-06	109	109	19	0.51351351351351349	2	0	0	0	6.5223763894321822e-17	1	4
relax_4	perf	1	16	4	128	spheroidal_small	spheroidal	0.17999999999999999	158	1906	0.00012756000000000001	2.0055e-05	1236	1805	152	0.96202531645569622	61	0	0	0	2.6636940287834302e-23	1	4
relax_4	perf	1	16	4	128	spheroidal_small	spheroidal	0.40999999999999998	158	1906	0.0001198985	1.9749250000000001e-05	1236	1805	152	0.96202531645569622	61	0	0	0	3.4437241584060326e-23	1	4
relax_4	perf	1	16	4	128	spheroidal_small	spheroidal	0.67000000000000004	158	1906	0.000121611	1.9902250000000001e-05	1236	1805	152	0.96202531645569622	61	0	0	0	4.2532697733492492e-23	1	4
relax_4	perf	1	16	4	128	spheroidal_small	spheroidal	1.05	158	1906	0.00012012625	2.0685750000000001e-05	1236	1814	150	0.94936708860759489	61	0	0	0	3.7600870833029425e-23	1	4
relax_4	perf	1	16	4	128	spheroidal_small	spheroidal	0.10000000000000001	158	1906	0.00011936775	1.9689499999999998e-05	1236	1805	152	0.96202531645569622	61	0	0	0	5.2740140207498564e-23	1	4
relax_4	perf	1	16	4	128	spheroidal_medium	spheroidal	0.17999999999999999	257	3715	0.00023952899999999999	3.5177250000000003e-05	2405	3427	243	0.94552529182879375	82	0	0	0	4.9164833728291267e-23	1	4
relax_4	perf	1	16	4	128	spheroidal_medium	spheroidal	0.40999999999999998	257	3715	0.00023488474999999999	3.4994499999999998e-05	2405	3427	243	0.94552529182879375	82	0	0	0	4.3642328321781356e-23	1	4
relax_4	perf	1	16	4	128	spheroidal_medium	spheroidal	0.67000000000000004	257	3715	0.00023209574999999999	3.5219999999999998e-05	2405	3430	242	0.94163424124513617	79	0	0	0	5.7351328412654683e-23	1	4
relax_4	perf	1	16	4	128	spheroidal_medium	spheroidal	1.05	257	3715	0.0002311015	3.4864499999999998e-05	2405	3430	242	0.94163424124513617	79	0	0	0	5.1944199358501606e-23	1	4
relax_4	perf	1	16	4	128	spheroidal_medium	spheroidal	0.5	257	3715	0.00022676525000000001	3.5192250000000002e-05	2405	3427	243	0.94552529182879375	82	0	0	0	6.8224200179425254e-23	1	4
relax_4	perf	1	16	4	128	spheroidal_medium	spheroidal	0.14999999999999999	257	3715	0.00023055324999999999	3.494725e-05	2405	3427	243	0.94552529182879375	82	0	0	0	5.6112752040840237e-23	1	4
relax_4	perf	1	16	4	128	spheroidal_large	spheroidal	0.17999999999999999	860	14554	0.00091110150000000005	0.00013492325000000001	9419	12437	833	0.96860465116279071	352	0	0	0	8.3950675175764125e-23	1	4
relax_4	perf	1	16	4	128	spheroidal_large	spheroidal	0.40999999999999998	860	14554	0.00091521250000000005	0.00013625774999999999	9419	12402	833	0.96860465116279071	352	0	0	0	3.1831624480216129e-23	1	4
relax_4	perf	1	16	4	128	spheroidal_large	spheroidal	0.67000000000000004	860	14554	0.00090129200000000004	0.00013524650000000001	9419	12427	832	0.96744186046511627	352	0	0	0	5.0302876687419195e-23	1	4
relax_4	perf	1	16	4	128	spheroidal_large	spheroidal	1.05	860	14554	0.00089856025000000005	0.00013602524999999999	9419	12437	836	0.97209302325581393	352	0	0	0	1.0635690298164017e-22	1	4
relax_4	perf	1	16	4	128	spheroidal_large	spheroidal	0.80000000000000004	860	14554	0.0008936355	0.000135344	9419	12437	832	0.96744186046511627	352	0	0	0	1.2482781197756575e-22	1	4
relax_4	perf	1	16	4	128	spheroidal_large	spheroidal	0.10000000000000001	860	14554	0.00088316749999999998	0.00013475299999999999	9419	12297	832	0.96744186046511627	352	0	0	0	8.5226482059939934e-23	1	4
relax_4	perf	1	16	4	128	spheroidal_fluid_solid	spheroidal	0.17999999999999999	860	14554	0.00096823649999999999	0.00014040675	9390	12962	772	0.89767441860465114	84	0	0	0	5.1643597037277674e-23	1	4
relax_4	perf	1	16	4	128	spheroidal_fluid_solid	spheroidal	0.40999999999999998	860	14554	0.00094533750000000004	0.00014092974999999999	9390	12962	787	0.91511627906976745	84	0	0	0	8.1769984869030007e-24	1	4
relax_4	perf	1	16	4	128	spheroidal_fluid_solid	spheroidal	0.67000000000000004	860	14554	0.00098291325000000006	0.00014219674999999999	9390	13043	807	0.93837209302325586	84	0	0	0	3.9630174043705951e-24	1	4
relax_4	perf	1	16	4	128	spheroidal_fluid_solid	spheroidal	1.05	860	14554	0.00096878475000000003	0.0001399835	9390	13007	801	0.93139534883720931	84	0	0	0	4.8589534624021359e-24	1	4
relax_4	perf	1	16	4	128	spheroidal_fluid_solid	spheroidal	0.10000000000000001	860	14554	0.00095650425000000003	0.000139808	9390	13018	771	0.89651162790697669	84	0	0	0	1.5757945129535722e-22	1	4
relax_4	perf	1	16	4	128	spheroidal_fluid_solid	spheroidal	0.5	860	14554	0.00095909550000000004	0.00014050425000000001	9390	12997	798	0.9279069767441861	87	0	0	0	7.3661336930162145e-24	1	4
relax_4	perf	1	16	4	128	spheroidal_max	spheroidal	0.17999999999999999	1610	27304	0.0017915975	0.00025779625	17613	23579	1449	0.90000000000000002	145	0	0	0	6.7275346601378661e-23	1	4
relax_4	perf	1	16	4	128	spheroidal_max	spheroidal	0.40999999999999998	1610	27304	0.0018531190000000001	0.00026053025	17617	23653	1425	0.8850931677018633	145	0	0	0	1.0319305716130603e-23	1	4
relax_4	perf	1	16	4	128	spheroidal_max	spheroidal	0.67000000000000004	1610	27304	0.0018354827500000001	0.00026126650000000002	17617	23612	1450	0.90062111801242239	145	0	0	0	4.9669905959380182e-24	1	4
relax_4	perf	1	16	4	128	spheroidal_max	spheroidal	1.05	1610	27304	0.00180455425	0.00026005225000000001	17617	23603	1464	0.90931677018633539	145	0	0	0	7.4222233867076674e-24	1	4
relax_4	perf	1	16	4	128	spheroidal_max	spheroidal	0.10000000000000001	1610	27304	0.0018006335	0.00025984949999999999	17613	23579	1452	0.90186335403726703	145	0	0	0	2.6714746430981139e-22	1	4
maxsuper_64	perf	1	16	1	64	radial_small	radial	0.17999999999999999	104	1024	6.2768500000000001e-05	1.1634750000000001e-05	564	930	100	0.96153846153846156	102	0	0	0	1.0009255313437571e-22	1	4
maxsuper_64	perf	1	16	1	64	radial_small	radial	0.40999999999999998	104	1024	5.9889000000000002e-05	1.1261749999999999e-05	564	930	100	0.96153846153846156	102	0	0	0	8.1573198225628383e-23	1	4
maxsuper_64	perf	1	16	1	64	radial_small	radial	0.67000000000000004	104	1024	5.9969249999999998e-05	1.1129e-05	564	930	100	0.96153846153846156	102	0	0	0	1.4693799092463748e-22	1	4
maxsuper_64	perf	1	16	1	64	radial_small	radial	1.05	104	1024	6.0054499999999999e-05	1.1239249999999999e-05	564	930	100	0.96153846153846156	102	0	0	0	1.0554311418022949e-22	1	4
maxsuper_64	perf	1	16	1	64	radial_small	radial	0.5	104	1024	5.9899250000000001e-05	1.124175e-05	564	930	99	0.95192307692307687	101	0	0	0	1.3348106401700182e-22	1	4
maxsuper_64	perf	1	16	1	64	radial_small	radial	0.14999999999999999	104	1024	6.2330249999999998e-05	1.1129e-05	564	930	100	0.96153846153846156	102	0	0	0	6.7767707625599675e-23	1	4
maxsuper_64	perf	1	16	1	64	toroidal_small	toroidal	0.17999999999999999	37	181	1.2203e-05	3.1470000000000001e-06	109	109	19	0.51351351351351349	2	0	0	0	6.988201161127041e-17	1	4
maxsuper_64	perf	1	16	1	64	toroidal_small	toroidal	0.40999999999999998	37	181	1.13895e-05	3.0620000000000001e-06	109	109	19	0.51351351351351349	2	0	0	0	4.5405119069854345e-17	1	4
maxsuper_64	perf	1	16	1	64	toroidal_small	toroidal	0.67000000000000004	37	181	1.1249250000000001e-05	3.0769999999999999e-06	109	109	19	0.51351351351351349	2	0	0	0	1.0183205480076424e-16	1	4
maxsuper_64	perf	1	16	1	64	toroidal_small	toroidal	1.05	37	181	1.124675e-05	3.0695e-06	109	109	19	0.51351351351351349	2	0	0	0	9.0355074117156169e-17	1	4
maxsuper_64	perf	1	16	1	64	toroidal_small	toroidal	0.20000000000000001	37	181	1.1416999999999999e-05	3.0745e-06	109	109	19	0.51351351351351349	2	0	0	0	1.3321088766132244e-16	1	4
maxsuper_64	perf	1	16	1	64	toroidal_small	toroidal	0.10000000000000001	37	181	1.232825e-05	3.0170000000000001e-06	109	109	19	0.51351351351351349	2	0	0	0	6.5223763894321822e-17	1	4
maxsuper_64	perf	1	16	1	64	spheroidal_small	spheroidal	0.17999999999999999	158	1906	0.00012759975000000001	2.0104750000000001e-05	1236	1805	152	0.96202531645569622	61	0	0	0	2.6636940287834302e-23	1	4
maxsuper_64	perf	1	16	1	64	spheroidal_small	spheroidal	0.40999999999999998	158	1906	0.00012248249999999999	1.9757000000000001e-05	1236	1805	152	0.96202531645569622	61	0	0	0	3.4437241584060326e-23	1	4
maxsuper_64	perf	1	16	1	64	spheroidal_small	spheroidal	0.67000000000000004	158	1906	0.00012205925	1.9806999999999999e-05	1236	1805	152	0.96202531645569622	61	0	0	0	4.2532697733492492e-23	1	4
maxsuper_64	perf	1	16	1	64	spheroidal_small	spheroidal	1.05	158	1906	0.000119916	1.987725e-05	1236	1814	150	0.94936708860759489	61	0	0	0	3.7600870833029425e-23	1	4
maxsuper_64	perf	1	16	1	64	spheroidal_small	spheroidal	0.10000000000000001	158	1906	0.000118256	1.9701999999999999e-05	1236	1805	152	0.96202531645569622	61	0	0	0	5.2740140207498564e-23	1	4
maxsuper_64	perf	1	16	1	64	spheroidal_medium	spheroidal	0.17999999999999999	257	3715	0.00023948900000000001	3.5297750000000003e-05	2405	3427	243	0.94552529182879375	82	0	0	0	4.9164833728291267e-23	1	4
maxsuper_64	perf	1	16	1	64	spheroidal_medium	spheroidal	0.40999999999999998	257	3715	0.00022849774999999999	3.536775e-05	2405	3427	243	0.94552529182879375	82	0	0	0	4.3642328321781356e-23	1	4
maxsuper_64	perf	1	16	1	64	spheroidal_medium	spheroidal	0.67000000000000004	257	3715	0.00022985725000000001	3.5017e-05	2405	3430	242	0.94163424124513617	79	0	0	0	5.7351328412654683e-23	1	4
maxsuper_64	perf	1	16	1	64	spheroidal_medium	spheroidal	1.05	257	3715	0.00022649224999999999	3.48745e-05	2405	3430	242	0.94163424124513617	79	0	0	0	5.1944199358501606e-23	1	4
maxsuper_64	perf	1	16	1	64	spheroidal_medium	spheroidal	0.5	257	3715	0.00022607150000000001	3.4919500000000003e-05	2405	3427	243	0.94552529182879375	82	0	0	0	6.8224200179425254e-23	1	4
maxsuper_64	perf	1	16	1	64	spheroidal_medium	spheroidal	0.14999999999999999	257	3715	0.000224935	3.4819249999999997e-05	2405	3427	243	0.94552529182879375	82	0	0	0	5.6112752040840237e-23	1	4
maxsuper_64	perf	1	16	1	64	spheroidal_large	spheroidal	0.17999999999999999	860	14554	0.00090588124999999996	0.00013752725	9419	12437	833	0.96860465116279071	352	0	0	0	8.3950675175764125e-23	1	4
maxsuper_64	perf	1	16	1	64	spheroidal_large	spheroidal	0.40999999999999998	860	14554	0.00091285149999999996	0.00013499350000000001	9419	12402	833	0.96860465116279071	352	0	0	0	3.1831624480216129e-23	1	4
maxsuper_64	perf	1	16	1	64	spheroidal_large	spheroidal	0.67000000000000004	860	14554	0.00091961899999999999	0.00013656850000000001	9419	12427	832	0.96744186046511627	352	0	0	0	5.0302876687419195e-23	1	4
maxsuper_64	perf	1	16	1	64	spheroidal_large	spheroidal	1.05	860	14554	0.00089983974999999997	0.00013603749999999999	9419	12437	836	0.97209302325581393	352	0	0	0	1.0635690298164017e-22	1	4
maxsuper_64	perf	1	16	1	64	spheroidal_large	spheroidal	0.80000000000000004	860	14554	0.00089429400000000001	0.000135542	9419	12437	832	0.96744186046511627	352	0	0	0	1.2482781197756575e-22	1	4
maxsuper_64	perf	1	16	1	64	spheroidal_large	spheroidal	0.10000000000000001	860	14554	0.00090242600000000001	0.00013509625	9419	12297	832	0.96744186046511627	352	0	0	0	8.5226482059939934e-23	1	4
maxsuper_64	perf	1	16	1	64	spheroidal_fluid_solid	spheroidal	0.17999999999999999	860	14554	0.00096445850000000002	0.00013927224999999999	9390	12962	772	0.89767441860465114	84	0	0	0	5.1643597037277674e-23	1	4
maxsuper_64	perf	1	16	1	64	spheroidal_fluid_solid	spheroidal	0.40999999999999998	860	14554	0.00094479399999999999	0.000139753	9390	12962	787	0.91511627906976745	84	0	0	0	8.1769984869030007e-24	1	4
maxsuper_64	perf	1	16	1	64	spheroidal_fluid_solid	spheroidal	0.67000000000000004	860	14554	0.00098337649999999995	0.0001406345	9390	13043	807	0.93837209302325586	84	0	0	0	3.9630174043705951e-24	1	4
maxsuper_64	perf	1	16	1	64	spheroidal_fluid_solid	spheroidal	1.05	860	14554	0.00097158925	0.000140006	9390	13007	801	0.93139534883720931	84	0	0	0	4.8589534624021359e-24	1	4
maxsuper_64	perf	1	16	1	64	spheroidal_fluid_solid	spheroidal	0.10000000000000001	860	14554	0.00095668174999999995	0.00013977575000000001	9390	13018	771	0.89651162790697669	84	0	0	0	1.5757945129535722e-22	1	4
maxsuper_64	perf	1	16	1	64	spheroidal_fluid_solid	spheroidal	0.5	860	14554	0.00095767849999999996	0.00014065424999999999	9390	12997	798	0.9279069767441861	87	0	0	0	7.3661336930162145e-24	1	4
maxsuper_64	perf	1	16	1	64	spheroidal_max	spheroidal	0.17999999999999999	1610	27304	0.0017939282500000001	0.00025811200000000001	17613	23579	1449	0.90000000000000002	145	0	0	0	6.7275346601378661e-23	1	4
maxsuper_64	perf	1	16	1	64	spheroidal_max	spheroidal	0.40999999999999998	1610	27304	0.00185226275	0.00025922850000000003	17617	23653	1425	0.8850931677018633	145	0	0	0	1.0319305716130603e-23	1	4
maxsuper_64	perf	1	16	1	64	spheroidal_max	spheroidal	0.67000000000000004	1610	27304	0.0018317972499999999	0.00025952899999999999	17617	23612	1450	0.90062111801242239	145	0	0	0	4.9669905959380182e-24	1	4
maxsuper_64	perf	1	16	1	64	spheroidal_max	spheroidal	1.05	1610	27304	0.0018102152500000001	0.00025925850000000001	17617	23603	1464	0.90931677018633539	145	0	0	0	7.4222233867076674e-24	1	4
maxsuper_64	perf	1	16	1	64	spheroidal_max	spheroidal	0.10000000000000001	1610	27304	0.001820295	0.00026197275	17613	23579	1452	0.90186335403726703	145	0	0	0	2.6714746430981139e-22	1	4
maxsuper_256	perf	1	16	1	256	radial_small	radial	0.17999999999999999	104	1024	6.4373499999999996e-05	1.14745e-05	564	930	100	0.96153846153846156	102	0	0	0	1.0009255313437571e-22	1	4
maxsuper_256	perf	1	16	1	256	radial_small	radial	0.40999999999999998	104	1024	6.1146e-05	1.1329500000000001e-05	564	930	100	0.96153846153846156	102	0	0	0	8.1573198225628383e-23	1	4
maxsuper_256	perf	1	16	1	256	radial_small	radial	0.67000000000000004	104	1024	6.1015750000000003e-05	1.1219249999999999e-05	564	930	100	0.96153846153846156	102	0	0	0	1.4693799092463748e-22	1	4
maxsuper_256	perf	1	16	1	256	radial_small	radial	1.05	104	1024	6.1301250000000005e-05	1.124675e-05	564	930	100	0.96153846153846156	102	0	0	0	1.0554311418022949e-22	1	4
maxsuper_256	perf	1	16	1	256	radial_small	radial	0.5	104	1024	6.1406499999999996e-05	1.1336749999999999e-05	564	930	99	0.95192307692307687	101	0	0	0	1.3348106401700182e-22	1	4
maxsuper_256	perf	1	16	1	256	radial_small	radial	0.14999999999999999	104	1024	6.1929749999999994e-05	1.126675e-05	564	930	100	0.96153846153846156	102	0	0	0	6.7767707625599675e-23	1	4
maxsuper_256	perf	1	16	1	256	toroidal_small	toroidal	0.17999999999999999	37	181	1.3337500000000001e-05	3.1095e-06	109	109	19	0.51351351351351349	2	0	0	0	6.988201161127041e-17	1	4
maxsuper_256	perf	1	16	1	256	toroidal_small	toroidal	0.40999999999999998	37	181	1.3382499999999999e-05	3.0697500000000001e-06	109	109	19	0.51351351351351349	2	0	0	0	4.5405119069854345e-17	1	4
maxsuper_256	perf	1	16	1	256	toroidal_small	toroidal	0.67000000000000004	37	181	1.258375e-05	3.0344999999999999e-06	109	109	19	0.51351351351351349	2	0	0	0	1.0183205480076424e-16	1	4
maxsuper_256	perf	1	16	1	256	toroidal_small	toroidal	1.05	37	181	1.2591250000000001e-05	3.0545000000000001e-06	109	109	19	0.51351351351351349	2	0	0	0	9.0355074117156169e-17	1	4
maxsuper_256	perf	1	16	1	256	toroidal_small	toroidal	0.20000000000000001	37	181	1.2746500000000001e-05	3.1497500000000002e-06	109	109	19	0.51351351351351349	2	0	0	0	1.3321088766132244e-16	1	4
maxsuper_256	perf	1	16	1	256	toroidal_small	toroidal	0.10000000000000001	37	181	1.2518749999999999e-05	2.9969999999999999e-06	109	109	19	0.51351351351351349	2	0	0	0	6.5223763894321822e-17	1	4
maxsuper_256	perf	1	16	1	256	spheroidal_small	spheroidal	0.17999999999999999	158	1906	0.00013041174999999999	2.05155e-05	1236	1805	152	0.96202531645569622	61	0	0	0	2.6636940287834302e-23	1	4
maxsuper_256	perf	1	16	1	256	spheroidal_small	spheroidal	0.40999999999999998	158	1906	0.0001208475	1.98295e-05	1236	1805	152	0.96202531645569622	61	0	0	0	3.4437241584060326e-23	1	4
maxsuper_256	perf	1	16	1	256	spheroidal_small	spheroidal	0.67000000000000004	158	1906	0.0001202365	2.2285749999999999e-05	1236	1805	152	0.96202531645569622	61	0	0	0	4.2532697733492492e-23	1	4
maxsuper_256	perf	1	16	1	256	spheroidal_small	spheroidal	1.05	158	1906	0.00012111775	2.0174999999999999e-05	1236	1814	150	0.94936708860759489	61	0	0	0	3.7600870833029425e-23	1	4
maxsuper_256	perf	1	16	1	256	spheroidal_small	spheroidal	0.10000000000000001	158	1906	0.000119901	1.9729500000000001e-05	1236	1805	152	0.96202531645569622	61	0	0	0	5.2740140207498564e-23	1	4
maxsuper_256	perf	1	16	1	256	spheroidal_medium	spheroidal	0.17999999999999999	257	3715	0.00023980949999999999	3.5846000000000002e-05	2405	3427	243	0.94552529182879375	82	0	0	0	4.9164833728291267e-23	1	4
maxsuper_256	perf	1	16	1	256	spheroidal_medium	spheroidal	0.40999999999999998	257	3715	0.00022997750000000001	3.55455e-05	2405	3427	243	0.94552529182879375	82	0	0	0	4.3642328321781356e-23	1	4
maxsuper_256	perf	1	16	1	256	spheroidal_medium	spheroidal	0.67000000000000004	257	3715	0.00023260374999999999	3.6143750000000001e-05	2405	3430	242	0.94163424124513617	79	0	0	0	5.7351328412654683e-23	1	4
maxsuper_256	perf	1	16	1	256	spheroidal_medium	spheroidal	1.05	257	3715	0.000228633	3.5417750000000002e-05	2405	3430	242	0.94163424124513617	79	0	0	0	5.1944199358501606e-23	1	4
maxsuper_256	perf	1	16	1	256	spheroidal_medium	spheroidal	0.5	257	3715	0.00022922875000000001	3.5385249999999998e-05	2405	3427	243	0.94552529182879375	82	0	0	0	6.8224200179425254e-23	1	4
maxsuper_256	perf	1	16	1	256	spheroidal_medium	spheroidal	0.14999999999999999	257	3715	0.00022894575	3.5299999999999997e-05	2405	3427	243	0.94552529182879375	82	0	0	0	5.6112752040840237e-23	1	4
maxsuper_256	perf	1	16	1	256	spheroidal_large	spheroidal	0.17999999999999999	860	14554	0.00091994224999999996	0.00013792525000000001	9419	12437	833	0.96860465116279071	352	0	0	0	8.3950675175764125e-23	1	4
maxsuper_256	perf	1	16	1	256	spheroidal_large	spheroidal	0.40999999999999998	860	14554	0.00091727550000000001	0.00013604774999999999	9419	12402	833	0.96860465116279071	352	0	0	0	3.1831624480216129e-23	1	4
maxsuper_256	perf	1	16	1	256	spheroidal_large	spheroidal	0.67000000000000004	860	14554	0.00090448925000000005	0.00013556924999999999	9419	12427	832	0.96744186046511627	352	0	0	0	5.0302876687419195e-23	1	4
maxsuper_256	perf	1	16	1	256	spheroidal_large	spheroidal	1.05	860	14554	0.00090292675000000001	0.00013585225	9419	12437	836	0.97209302325581393	352	0	0	0	1.0635690298164017e-22	1	4
maxsuper_256	perf	1	16	1	256	spheroidal_large	spheroidal	0.80000000000000004	860	14554	0.00089468700000000002	0.00013549925	9419	12437	832	0.96744186046511627	352	0	0	0	1.2482781197756575e-22	1	4
maxsuper_256	perf	1	16	1	256	spheroidal_large	spheroidal	0.10000000000000001	860	14554	0.00087986249999999998	0.00013433	9419	12297	832	0.96744186046511627	352	0	0	0	8.5226482059939934e-23	1	4
maxsuper_256	perf	1	16	1	256	spheroidal_fluid_solid	spheroidal	0.17999999999999999	860	14554	0.00096710000000000003	0.000139305	9390	12962	772	0.89767441860465114	84	0	0	0	5.1643597037277674e-23	1	4
maxsuper_256	perf	1	16	1	256	spheroidal_fluid_solid	spheroidal	0.40999999999999998	860	14554	0.00094814425000000003	0.00013940025	9390	12962	787	0.91511627906976745	84	0	0	0	8.1769984869030007e-24	1	4
maxsuper_256	perf	1	16	1	256	spheroidal_fluid_solid	spheroidal	0.67000000000000004	860	14554	0.00098360924999999996	0.00014088499999999999	9390	13043	807	0.93837209302325586	84	0	0	0	3.9630174043705951e-24	1	4
maxsuper_256	perf	1	16	1	256	spheroidal_fluid_solid	spheroidal	1.05	860	14554	0.00097712975000000001	0.00014045649999999999	9390	13007	801	0.93139534883720931	84	0	0	0	4.8589534624021359e-24	1	4
maxsuper_256	perf	1	16	1	256	spheroidal_fluid_solid	spheroidal	0.10000000000000001	860	14554	0.00096199225000000003	0.0001397755	9390	13018	771	0.89651162790697669	84	0	0	0	1.5757945129535722e-22	1	4
maxsuper_256	perf	1	16	1	256	spheroidal_fluid_solid	spheroidal	0.5	860	14554	0.00096024475	0.00013989825000000001	9390	12997	798	0.9279069767441861	87	0	0	0	7.3661336930162145e-24	1	4
maxsuper_256	perf	1	16	1	256	spheroidal_max	spheroidal	0.17999999999999999	1610	27304	0.0017962844999999999	0.00025842725000000002	17613	23579	1449	0.90000000000000002	145	0	0	0	6.7275346601378661e-23	1	4
maxsuper_256	perf	1	16	1	256	spheroidal_max	spheroidal	0.40999999999999998	1610	27304	0.00184596825	0.00026093600000000002	17617	23653	1425	0.8850931677018633	145	0	0	0	1.0319305716130603e-23	1	4
maxsuper_256	perf	1	16	1	256	spheroidal_max	spheroidal	0.67000000000000004	1610	27304	0.0018339230000000001	0.00026005975000000002	17617	23612	1450	0.90062111801242239	145	0	0	0	4.9669905959380182e-24	1	4
maxsuper_256	perf	1	16	1	256	spheroidal_max	spheroidal	1.05	1610	27304	0.0018081295000000001	0.00026017474999999999	17617	23603	1464	0.90931677018633539	145	0	0	0	7.4222233867076674e-24	1	4
maxsuper_256	perf	1	16	1	256	spheroidal_max	spheroidal	0.10000000000000001	1610	27304	0.00180455675	0.00025891050000000001	17613	23579	1452	0.90186335403726703	145	0	0	0	2.6714746430981139e-22	1	4
panel_4_relax_4	perf	1	4	4	128	radial_small	radial	0.17999999999999999	104	1024	5.6902250000000002e-05	1.1414500000000001e-05	564	930	100	0.96153846153846156	102	0	0	7.4674824168250526e-12	9.8934694128853456e-23	1	4
panel_4_relax_4	perf	1	4	4	128	radial_small	radial	0.40999999999999998	104	1024	5.5447500000000001e-05	1.1317e-05	564	930	99	0.95192307692307687	101	0	0	1.0351541830729971e-11	8.6160267285709786e-23	1	4
panel_4_relax_4	perf	1	4	4	128	radial_small	radial	0.67000000000000004	104	1024	5.5132e-05	1.123675e-05	564	930	99	0.95192307692307687	101	0	0	3.0378387053552334e-11	6.7348208152031448e-23	1	4
panel_4_relax_4	perf	1	4	4	128	radial_small	radial	1.05	104	1024	5.8048750000000002e-05	1.1366749999999999e-05	564	930	99	0.95192307692307687	101	0	0	2.1857821563152314e-11	1.1442811035560842e-22	1	4
panel_4_relax_4	perf	1	4	4	128	radial_small	radial	0.5	104	1024	5.5522500000000002e-05	1.1357e-05	564	930	99	0.95192307692307687	101	0	0	7.6852157616181045e-12	1.2198310541892391e-22	1	4
panel_4_relax_4	perf	1	4	4	128	radial_small	radial	0.14999999999999999	104	1024	5.5610250000000002e-05	1.1249250000000001e-05	564	930	100	0.96153846153846156	102	0	0	8.4512640410744853e-12	8.5335568850916725e-23	1	4
panel_4_relax_4	perf	1	4	4	128	toroidal_small	toroidal	0.17999999999999999	37	181	1.18525e-05	3.1447499999999998e-06	109	109	19	0.51351351351351349	2	0	0	1.1044052673094165e-29	6.9192730136769768e-17	1	4
panel_4_relax_4	perf	1	4	4	128	toroidal_small	toroidal	0.40999999999999998	37	181	1.12165e-05	3.0620000000000001e-06	109	109	19	0.51351351351351349	2	0	0	5.2064819744586779e-29	3.3141747214606777e-17	1	4
panel_4_relax_4	perf	1	4	4	128	toroidal_small	toroidal	0.67000000000000004	37	181	1.1119e-05	3.0520000000000002e-06	109	109	19	0.51351351351351349	2	0	0	1.5160909708209889e-28	1.0518158610747214e-16	1	4
panel_4_relax_4	perf	1	4	4	128	toroidal_small	toroidal	1.05	37	181	1.1164250000000001e-05	3.0520000000000002e-06	109	109	19	0.51351351351351349	2	0	0	6.3108872417680944e-30	9.0499723575147937e-17	1	4
panel_4_relax_4	perf	1	4	4	128	toroidal_small	toroidal	0.20000000000000001	37	181	1.1291750000000001e-05	3.0045000000000002e-06	109	109	19	0.51351351351351349	2	0	0	6.3619264884406741e-29	1.6197161038352034e-16	1	4
panel_4_relax_4	perf	1	4	4	128	toroidal_small	toroidal	0.10000000000000001	37	181	1.1166749999999999e-05	3.0495000000000002e-06	109	109	19	0.51351351351351349	2	0	0	3.1568518521617029e-29	6.728811454027887e-17	1	4
panel_4_relax_4	perf	1	4	4	128	spheroidal_small	spheroidal	0.17999999999999999	158	1906	0.00011554475	1.9997249999999999e-05	1236	1805	152	0.96202531645569622	61	0	0	1.6950721533322481e-14	3.3306072167819954e-23	1	4
panel_4_relax_4	perf	1	4	4	128	spheroidal_small	spheroidal	0.40999999999999998	158	1906	0.000112475	1.9631750000000001e-05	1236	1805	152	0.96202531645569622	61	0	0	1.4804245709684116e-14	4.0687675456073867e-23	1	4
panel_4_relax_4	perf	1	4	4	128	spheroidal_small	spheroidal	0.67000000000000004	158	1906	0.00010894475	1.9661749999999999e-05	1236	1805	152	0.96202531645569622	61	0	0	1.7623590324131819e-14	3.9780235109522905e-23	1	4
panel_4_relax_4	perf	1	4	4	128	spheroidal_small	spheroidal	1.05	158	1906	0.0001093755	2.0177500000000001e-05	1236	1814	150	0.94936708860759489	61	0	0	1.5191550313487412e-14	4.6543841022367972e-23	1	4
panel_4_relax_4	perf	1	4	4	128	spheroidal_small	spheroidal	0.10000000000000001	158	1906	0.00010773775	1.9669499999999999e-05	1236	1805	152	0.96202531645569622	61	0	0	1.4244854779803433e-14	3.4653330493885854e-23	1	4
panel_4_relax_4	perf	1	4	4	128	spheroidal_medium	spheroidal	0.17999999999999999	257	3715	0.0002199325	3.5913500000000001e-05	2405	3427	243	0.94552529182879375	82	0	0	5.4052989028246621e-14	4.3210535718866624e-23	1	4
panel_4_relax_4	perf	1	4	4	128	spheroidal_medium	spheroidal	0.40999999999999998	257	3715	0.00021127200000000001	3.5292749999999998e-05	2405	3427	243	0.94552529182879375	82	0	0	3.2833178683520667e-14	4.1193827730000777e-23	1	4
panel_4_relax_4	perf	1	4	4	128	spheroidal_medium	spheroidal	0.67000000000000004	257	3715	0.000210924	3.5377750000000002e-05	2405	3430	242	0.94163424124513617	79	0	0	4.1771326822671543e-14	7.177714062605658e-23	1	4
panel_4_relax_4	perf	1	4	4	128	spheroidal_medium	spheroidal	1.05	257	3715	0.00020951674999999999	3.5355000000000003e-05	2405	3430	242	0.94163424124513617	79	0	0	6.5620841980343355e-14	3.1427718257345976e-23	1	4
panel_4_relax_4	perf	1	4	4	128	spheroidal_medium	spheroidal	0.5	257	3715	0.00021141224999999999	3.5680750000000002e-05	2405	3427	243	0.94552529182879375	82	0	0	2.8012540432665391e-14	6.8237488219526252e-23	1	4
panel_4_relax_4	perf	1	4	4	128	spheroidal_medium	spheroidal	0.14999999999999999	257	3715	0.00020847549999999999	3.7140249999999997e-05	2405	3427	243	0.94552529182879375	82	0	0	4.7837865836396755e-14	4.2613273843114871e-23	1	4
panel_4_relax_4	perf	1	4	4	128	spheroidal_large	spheroidal	0.17999999999999999	860	14554	0.00080718174999999995	0.000136005	9419	12437	833	0.96860465116279071	352	0	0	6.6068625303163779e-13	5.6229653310435597e-23	1	4
panel_4_relax_4	perf	1	4	4	128	spheroidal_large	spheroidal	0.40999999999999998	860	14554	0.00079608775000000005	0.00013692150000000001	9419	12402	833	0.96860465116279071	352	0	0	5.0980460538075752e-13	6.2319690239918198e-23	1	4
panel_4_relax_4	perf	1	4	4	128	spheroidal_large	spheroidal	0.67000000000000004	860	14554	0.00078698924999999996	0.00013830325	9419	12427	832	0.96744186046511627	352	0	0	4.3551400334143533e-13	9.666979757115459e-23	1	4
panel_4_relax_4	perf	1	4	4	128	spheroidal_large	spheroidal	1.05	860	14554	0.00079477824999999998	0.00013774275000000001	9419	12437	836	0.97209302325581393	352	0	0	5.5953572585432128e-13	5.7706349116003441e-23	1	4
panel_4_relax_4	perf	1	4	4	128	spheroidal_large	spheroidal	0.80000000000000004	860	14554	0.00078746999999999997	0.00013499599999999999	9419	12437	832	0.96744186046511627	352	0	0	5.6463650076565371e-13	4.7159886248953585e-23	1	4
panel_4_relax_4	perf	1	4	4	128	spheroidal_large	spheroidal	0.10000000000000001	860	14554	0.00077198424999999995	0.000136661	9419	12297	832	0.96744186046511627	352	0	0	9.3149132027334019e-13	5.0828728869917187e-23	1	4
panel_4_relax_4	perf	1	4	4	128	spheroidal_fluid_solid	spheroidal	0.17999999999999999	860	14554	0.00084663800000000003	0.00014073699999999999	9390	12962	772	0.89767441860465114	84	0	0	1.8788670470775112e-13	5.4664023380310405e-23	1	4
panel_4_relax_4	perf	1	4	4	128	spheroidal_fluid_solid	spheroidal	0.40999999999999998	860	14554	0.00082821550000000005	0.00014131300000000001	9390	12962	787	0.91511627906976745	84	0	0	6.8361339870125787e-14	7.3012924589713075e-24	1	4
panel_4_relax_4	perf	1	4	4	128	spheroidal_fluid_solid	spheroidal	0.67000000000000004	860	14554	0.00087013550000000002	0.00014085224999999999	9390	13043	807	0.93837209302325586	84	0	0	6.6646887320070276e-14	4.6495092363187059e-24	1	4
panel_4_relax_4	perf	1	4	4	128	spheroidal_fluid_solid	spheroidal	1.05	860	14554	0.00086670050000000004	0.00014073699999999999	9390	13007	801	0.93139534883720931	84	0	0	2.4899190794909292e-14	4.508604873975906e-24	1	4
panel_4_relax_4	perf	1	4	4	128	spheroidal_fluid_solid	spheroidal	0.10000000000000001	860	14554	0.00085022074999999999	0.00013987575000000001	9390	13018	771	0.89651162790697669	84	0	0	5.1526998442299584e-13	1.3919857111721353e-22	1	4
panel_4_relax_4	perf	1	4	4	128	spheroidal_fluid_solid	spheroidal	0.5	860	14554	0.00085167550000000004	0.00013962800000000001	9390	12997	798	0.9279069767441861	87	0	0	6.6049735590692063e-14	6.8708382147810307e-24	1	4
panel_4_relax_4	perf	1	4	4	128	spheroidal_max	spheroidal	0.17999999999999999	1610	27304	0.001552206	0.0002569025	17613	23579	1449	0.90000000000000002	145	0	0	6.1236737573072819e-13	6.2437335846735155e-23	1	4
panel_4_relax_4	perf	1	4	4	128	spheroidal_max	spheroidal	0.40999999999999998	1610	27304	0.0016022307500000001	0.00025955875	17617	23653	1425	0.8850931677018633	145	0	0	1.364073797293953e-13	1.1360179008916858e-23	1	4
panel_4_relax_4	perf	1	4	4	128	spheroidal_max	spheroidal	0.67000000000000004	1610	27304	0.00158195775	0.00026175200000000002	17617	23612	1450	0.90062111801242239	145	0	0	1.4021869950051492e-13	6.3783018175570425e-24	1	4
panel_4_relax_4	perf	1	4	4	128	spheroidal_max	spheroidal	1.05	1610	27304	0.0015510292500000001	0.00025881525	17617	23603	1464	0.90931677018633539	145	0	0	1.7385514686868664e-13	5.7884525317167579e-24	1	4
panel_4_relax_4	perf	1	4	4	128	spheroidal_max	spheroidal	0.10000000000000001	1610	27304	0.001544377	0.00025941624999999997	17613	23579	1452	0.90186335403726703	145	0	0	1.4643226998030455e-12	2.785695673248959e-22	1	4
panel_4_maxsuper_64	perf	1	4	1	64	radial_small	radial	0.17999999999999999	104	1024	5.7152750000000003e-05	1.1402e-05	564	930	100	0.96153846153846156	102	0	0	7.4674824168250526e-12	9.8934694128853456e-23	1	4
panel_4_maxsuper_64	perf	1	4	1	64	radial_small	radial	0.40999999999999998	104	1024	5.5843249999999998e-05	1.128675e-05	564	930	99	0.95192307692307687	101	0	0	1.0351541830729971e-11	8.6160267285709786e-23	1	4
panel_4_maxsuper_64	perf	1	4	1	64	radial_small	radial	0.67000000000000004	104	1024	5.5294999999999998e-05	1.123175e-05	564	930	99	0.95192307692307687	101	0	0	3.0378387053552334e-11	6.7348208152031448e-23	1	4
panel_4_maxsuper_64	perf	1	4	1	64	radial_small	radial	1.05	104	1024	5.5850500000000003e-05	1.118175e-05	564	930	99	0.95192307692307687	101	0	0	2.1857821563152314e-11	1.1442811035560842e-22	1	4
panel_4_maxsuper_64	perf	1	4	1	64	radial_small	radial	0.5	104	1024	5.6393749999999999e-05	1.1352000000000001e-05	564	930	99	0.95192307692307687	101	0	0	7.6852157616181045e-12	1.2198310541892391e-22	1	4
panel_4_maxsuper_64	perf	1	4	1	64	radial_small	radial	0.14999999999999999	104	1024	5.5004250000000001e-05	1.1174e-05	564	930	100	0.96153846153846156	102	0	0	8.4512640410744853e-12	8.5335568850916725e-23	1	4
panel_4_maxsuper_64	perf	1	4	1	64	toroidal_small	toroidal	0.17999999999999999	37	181	1.1374499999999999e-05	3.1319999999999998e-06	109	109	19	0.51351351351351349	2	0	0	1.1044052673094165e-29	6.9192730136769768e-17	1	4
panel_4_maxsuper_64	perf	1	4	1	64	toroidal_small	toroidal	0.40999999999999998	37	181	1.0550750000000001e-05	3.1219999999999999e-06	109	109	19	0.51351351351351349	2	0	0	5.2064819744586779e-29	3.3141747214606777e-17	1	4
panel_4_maxsuper_64	perf	1	4	1	64	toroidal_small	toroidal	0.67000000000000004	37	181	1.06085e-05	3.0745e-06	109	109	19	0.51351351351351349	2	0	0	1.5160909708209889e-28	1.0518158610747214e-16	1	4
panel_4_maxsuper_64	perf	1	4	1	64	toroidal_small	toroidal	1.05	37	181	1.0533249999999999e-05	3.1797499999999999e-06	109	109	19	0.51351351351351349	2	0	0	6.3108872417680944e-30	9.0499723575147937e-17	1	4
panel_4_maxsuper_64	perf	1	4	1	64	toroidal_small	toroidal	0.20000000000000001	37	181	1.0833749999999999e-05	3.7780000000000001e-06	109	109	19	0.51351351351351349	2	0	0	6.3619264884406741e-29	1.6197161038352034e-16	1	4
panel_4_maxsuper_64	perf	1	4	1	64	toroidal_small	toroidal	0.10000000000000001	37	181	1.0555500000000001e-05	3.0995000000000001e-06	109	109	19	0.51351351351351349	2	0	0	3.1568518521617029e-29	6.728811454027887e-17	1	4
panel_4_maxsuper_64	perf	1	4	1	64	spheroidal_small	spheroidal	0.17999999999999999	158	1906	0.00011672125	2.0488000000000001e-05	1236	1805	152	0.96202531645569622	61	0	0	1.6950721533322481e-14	3.3306072167819954e-23	1	4
panel_4_maxsuper_64	perf	1	4	1	64	spheroidal_small	spheroidal	0.40999999999999998	158	1906	0.00010887225	2.0194999999999999e-05	1236	1805	152	0.96202531645569622	61	0	0	1.4804245709684116e-14	4.0687675456073867e-23	1	4
panel_4_maxsuper_64	perf	1	4	1	64	spheroidal_small	spheroidal	0.67000000000000004	158	1906	0.00010973075000000001	2.0225250000000001e-05	1236	1805	152	0.96202531645569622	61	0	0	1.7623590324131819e-14	3.9780235109522905e-23	1	4
panel_4_maxsuper_64	perf	1	4	1	64	spheroidal_small	spheroidal	1.05	158	1906	0.0001104695	2.0162499999999999e-05	1236	1814	150	0.94936708860759489	61	0	0	1.5191550313487412e-14	4.6543841022367972e-23	1	4
panel_4_maxsuper_64	perf	1	4	1	64	spheroidal_small	spheroidal	0.10000000000000001	158	1906	0.00010816599999999999	2.0084750000000001e-05	1236	1805	152	0.96202531645569622	61	0	0	1.4244854779803433e-14	3.4653330493885854e-23	1	4
panel_4_maxsuper_64	perf	1	4	1	64	spheroidal_medium	spheroidal	0.17999999999999999	257	3715	0.00021784425	3.5267500000000001e-05	2405	3427	243	0.94552529182879375	82	0	0	5.4052989028246621e-14	4.3210535718866624e-23	1	4
panel_4_maxsuper_64	perf	1	4	1	64	spheroidal_medium	spheroidal	0.40999999999999998	257	3715	0.00021071125000000001	3.50045e-05	2405	3427	243	0.94552529182879375	82	0	0	3.2833178683520667e-14	4.1193827730000777e-23	1	4
panel_4_maxsuper_64	perf	1	4	1	64	spheroidal_medium	spheroidal	0.67000000000000004	257	3715	0.00021200799999999999	3.5638e-05	2405	3430	242	0.94163424124513617	79	0	0	4.1771326822671543e-14	7.177714062605658e-23	1	4
panel_4_maxsuper_64	perf	1	4	1	64	spheroidal_medium	spheroidal	1.05	257	3715	0.00020980725000000001	3.4714e-05	2405	3430	242	0.94163424124513617	79	0	0	6.5620841980343355e-14	3.1427718257345976e-23	1	4
panel_4_maxsuper_64	perf	1	4	1	64	spheroidal_medium	spheroidal	0.5	257	3715	0.00021105924999999999	3.4746499999999997e-05	2405	3427	243	0.94552529182879375	82	0	0	2.8012540432665391e-14	6.8237488219526252e-23	1	4
panel_4_maxsuper_64	perf	1	4	1	64	spheroidal_medium	spheroidal	0.14999999999999999	257	3715	0.00021064099999999999	3.4706750000000001e-05	2405	3427	243	0.94552529182879375	82	0	0	4.7837865836396755e-14	4.2613273843114871e-23	1	4
panel_4_maxsuper_64	perf	1	4	1	64	spheroidal_large	spheroidal	0.17999999999999999	860	14554	0.00080262775000000002	0.00013529150000000001	9419	12437	833	0.96860465116279071	352	0	0	6.6068625303163779e-13	5.6229653310435597e-23	1	4
panel_4_maxsuper_64	perf	1	4	1	64	spheroidal_large	spheroidal	0.40999999999999998	860	14554	0.00079745225000000001	0.0001355695	9419	12402	833	0.96860465116279071	352	0	0	5.0980460538075752e-13	6.2319690239918198e-23	1	4
panel_4_maxsuper_64	perf	1	4	1	64	spheroidal_large	spheroidal	0.67000000000000004	860	14554	0.00078669625000000001	0.00013606499999999999	9419	12427	832	0.96744186046511627	352	0	0	4.3551400334143533e-13	9.666979757115459e-23	1	4
panel_4_maxsuper_64	perf	1	4	1	64	spheroidal_large	spheroidal	1.05	860	14554	0.00078641824999999997	0.00013678875	9419	12437	836	0.97209302325581393	352	0	0	5.5953572585432128e-13	5.7706349116003441e-23	1	4
panel_4_maxsuper_64	perf	1	4	1	64	spheroidal_large	spheroidal	0.80000000000000004	860	14554	0.00077941049999999997	0.00013675125000000001	9419	12437	832	0.96744186046511627	352	0	0	5.6463650076565371e-13	4.7159886248953585e-23	1	4
panel_4_maxsuper_64	perf	1	4	1	64	spheroidal_large	spheroidal	0.10000000000000001	860	14554	0.00077594025	0.00013405975	9419	12297	832	0.96744186046511627	352	0	0	9.3149132027334019e-13	5.0828728869917187e-23	1	4
panel_4_maxsuper_64	perf	1	4	1	64	spheroidal_fluid_solid	spheroidal	0.17999999999999999	860	14554	0.00084702875000000003	0.00014127525000000001	9390	12962	772	0.89767441860465114	84	0	0	1.8788670470775112e-13	5.4664023380310405e-23	1	4
panel_4_maxsuper_64	perf	1	4	1	64	spheroidal_fluid_solid	spheroidal	0.40999999999999998	860	14554	0.00083537124999999999	0.0001437415	9390	12962	787	0.91511627906976745	84	0	0	6.8361339870125787e-14	7.3012924589713075e-24	1	4
panel_4_maxsuper_64	perf	1	4	1	64	spheroidal_fluid_solid	spheroidal	0.67000000000000004	860	14554	0.00087003549999999997	0.00013979549999999999	9390	13043	807	0.93837209302325586	84	0	0	6.6646887320070276e-14	4.6495092363187059e-24	1	4
panel_4_maxsuper_64	perf	1	4	1	64	spheroidal_fluid_solid	spheroidal	1.05	860	14554	0.000860153	0.00013925	9390	13007	801	0.93139534883720931	84	0	0	2.4899190794909292e-14	4.508604873975906e-24	1	4
panel_4_maxsuper_64	perf	1	4	1	64	spheroidal_fluid_solid	spheroidal	0.10000000000000001	860	14554	0.00083382400000000005	0.0001390145	9390	13018	771	0.89651162790697669	84	0	0	5.1526998442299584e-13	1.3919857111721353e-22	1	4
panel_4_maxsuper_64	perf	1	4	1	64	spheroidal_fluid_solid	spheroidal	0.5	860	14554	0.00084687075000000004	0.0001396305	9390	12997	798	0.9279069767441861	87	0	0	6.6049735590692063e-14	6.8708382147810307e-24	1	4
panel_4_maxsuper_64	perf	1	4	1	64	spheroidal_max	spheroidal	0.17999999999999999	1610	27304	0.0015571432500000001	0.00025765875	17613	23579	1449	0.90000000000000002	145	0	0	6.1236737573072819e-13	6.2437335846735155e-23	1	4
panel_4_maxsuper_64	perf	1	4	1	64	spheroidal_max	spheroidal	0.40999999999999998	1610	27304	0.0016030215	0.0002592335	17617	23653	1425	0.8850931677018633	145	0	0	1.364073797293953e-13	1.1360179008916858e-23	1	4
panel_4_maxsuper_64	perf	1	4	1	64	spheroidal_max	spheroidal	0.67000000000000004	1610	27304	0.0015830219999999999	0.00025990675	17617	23612	1450	0.90062111801242239	145	0	0	1.4021869950051492e-13	6.3783018175570425e-24	1	4
panel_4_maxsuper_64	perf	1	4	1	64	spheroidal_max	spheroidal	1.05	1610	27304	0.00155411125	0.00026004225000000002	17617	23603	1464	0.90931677018633539	145	0	0	1.7385514686868664e-13	5.7884525317167579e-24	1	4
panel_4_maxsuper_64	perf	1	4	1	64	spheroidal_max	spheroidal	0.10000000000000001	1610	27304	0.0015468154999999999	0.00025937375000000001	17613	23579	1452	0.90186335403726703	145	0	0	1.4643226998030455e-12	2.785695673248959e-22	1	4
